[Sat Nov 15 08:22:01 AM PST 2025] Starting auto-push...
From github.com:haunter-actual/haunter-actual.github.io
 * branch            main       -> FETCH_HEAD
error: cannot rebase: You have unstaged changes.
error: Please commit or stash them.
Already up to date.
[Sat Nov 15 08:22:03 AM PST 2025] Changes detected — committing...
[main 797f6ff] Auto sync: 2025-11-15 08:22:03
 3 files changed, 42 insertions(+), 2 deletions(-)
 create mode 100644 autopush.log
 create mode 100755 autopush.sh
[Sat Nov 15 08:22:03 AM PST 2025] Pushing to GitHub...
To github.com:haunter-actual/haunter-actual.github.io.git
   84b6ca8..797f6ff  main -> main
[Sat Nov 15 08:22:05 AM PST 2025] Push complete.
[Sat Nov 15 08:23:01 AM PST 2025] Starting auto-push...
From github.com:haunter-actual/haunter-actual.github.io
 * branch            main       -> FETCH_HEAD
error: cannot rebase: You have unstaged changes.
error: Please commit or stash them.
Already up to date.
[Sat Nov 15 08:23:02 AM PST 2025] Changes detected — committing...
[main 691b56c] Auto sync: 2025-11-15 08:23:02
 1 file changed, 15 insertions(+)
[Sat Nov 15 08:23:02 AM PST 2025] Pushing to GitHub...
To github.com:haunter-actual/haunter-actual.github.io.git
   797f6ff..691b56c  main -> main
[Sat Nov 15 08:23:04 AM PST 2025] Push complete.
[Sat Nov 15 08:24:01 AM PST 2025] Starting auto-push...
From github.com:haunter-actual/haunter-actual.github.io
 * branch            main       -> FETCH_HEAD
error: cannot rebase: You have unstaged changes.
error: Please commit or stash them.
Already up to date.
[Sat Nov 15 08:24:02 AM PST 2025] Changes detected — committing...
[main 706c282] Auto sync: 2025-11-15 08:24:02
 1 file changed, 13 insertions(+)
[Sat Nov 15 08:24:02 AM PST 2025] Pushing to GitHub...
To github.com:haunter-actual/haunter-actual.github.io.git
   691b56c..706c282  main -> main
[Sat Nov 15 08:24:04 AM PST 2025] Push complete.
[Sat Nov 15 08:25:01 AM PST 2025] Starting auto-push...
From github.com:haunter-actual/haunter-actual.github.io
 * branch            main       -> FETCH_HEAD
error: cannot rebase: You have unstaged changes.
error: Please commit or stash them.
Already up to date.
[Sat Nov 15 08:25:02 AM PST 2025] Changes detected — committing...
[main b19b36b] Auto sync: 2025-11-15 08:25:02
 1 file changed, 13 insertions(+)
[Sat Nov 15 08:25:02 AM PST 2025] Pushing to GitHub...
To github.com:haunter-actual/haunter-actual.github.io.git
   706c282..b19b36b  main -> main
[Sat Nov 15 08:25:04 AM PST 2025] Push complete.
[Sat Nov 15 08:26:01 AM PST 2025] Starting auto-push...
From github.com:haunter-actual/haunter-actual.github.io
 * branch            main       -> FETCH_HEAD
error: cannot rebase: You have unstaged changes.
error: Please commit or stash them.
Already up to date.
[Sat Nov 15 08:26:02 AM PST 2025] Changes detected — committing...
[main dc9efd1] Auto sync: 2025-11-15 08:26:02
 1 file changed, 13 insertions(+)
[Sat Nov 15 08:26:02 AM PST 2025] Pushing to GitHub...
To github.com:haunter-actual/haunter-actual.github.io.git
   b19b36b..dc9efd1  main -> main
[Sat Nov 15 08:26:04 AM PST 2025] Push complete.
[Sat Nov 15 08:27:01 AM PST 2025] Starting auto-push...
From github.com:haunter-actual/haunter-actual.github.io
 * branch            main       -> FETCH_HEAD
error: cannot rebase: You have unstaged changes.
error: Please commit or stash them.
Already up to date.
[Sat Nov 15 08:27:03 AM PST 2025] Changes detected — committing...
[main 454c831] Auto sync: 2025-11-15 08:27:03
 1 file changed, 13 insertions(+)
[Sat Nov 15 08:27:03 AM PST 2025] Pushing to GitHub...
To github.com:haunter-actual/haunter-actual.github.io.git
   dc9efd1..454c831  main -> main
[Sat Nov 15 08:27:04 AM PST 2025] Push complete.
[Sat Nov 15 08:28:01 AM PST 2025] Starting auto-push...
From github.com:haunter-actual/haunter-actual.github.io
 * branch            main       -> FETCH_HEAD
error: cannot rebase: You have unstaged changes.
error: Please commit or stash them.
Already up to date.
[Sat Nov 15 08:28:03 AM PST 2025] Changes detected — committing...
[main 07ece9a] Auto sync: 2025-11-15 08:28:03
 1 file changed, 13 insertions(+)
[Sat Nov 15 08:28:03 AM PST 2025] Pushing to GitHub...
To github.com:haunter-actual/haunter-actual.github.io.git
   454c831..07ece9a  main -> main
[Sat Nov 15 08:28:04 AM PST 2025] Push complete.
[Sat Nov 15 08:29:01 AM PST 2025] Starting auto-push...
From github.com:haunter-actual/haunter-actual.github.io
 * branch            main       -> FETCH_HEAD
error: cannot rebase: You have unstaged changes.
error: Please commit or stash them.
Already up to date.
[Sat Nov 15 08:29:03 AM PST 2025] Changes detected — committing...
[main b70f7e2] Auto sync: 2025-11-15 08:29:03
 1 file changed, 13 insertions(+)
[Sat Nov 15 08:29:03 AM PST 2025] Pushing to GitHub...
To github.com:haunter-actual/haunter-actual.github.io.git
   07ece9a..b70f7e2  main -> main
[Sat Nov 15 08:29:05 AM PST 2025] Push complete.
[Sat Nov 15 08:30:01 AM PST 2025] Starting auto-push...
From github.com:haunter-actual/haunter-actual.github.io
 * branch            main       -> FETCH_HEAD
error: cannot rebase: You have unstaged changes.
error: Please commit or stash them.
Already up to date.
[Sat Nov 15 08:30:02 AM PST 2025] Changes detected — committing...
[main 62c349a] Auto sync: 2025-11-15 08:30:02
 1 file changed, 13 insertions(+)
[Sat Nov 15 08:30:02 AM PST 2025] Pushing to GitHub...
To github.com:haunter-actual/haunter-actual.github.io.git
   b70f7e2..62c349a  main -> main
[Sat Nov 15 08:30:04 AM PST 2025] Push complete.
[Sat Nov 15 08:31:01 AM PST 2025] Starting auto-push...
From github.com:haunter-actual/haunter-actual.github.io
 * branch            main       -> FETCH_HEAD
error: cannot rebase: You have unstaged changes.
error: Please commit or stash them.
Already up to date.
[Sat Nov 15 08:31:02 AM PST 2025] Changes detected — committing...
[main 9ab4ff5] Auto sync: 2025-11-15 08:31:02
 1 file changed, 13 insertions(+)
[Sat Nov 15 08:31:02 AM PST 2025] Pushing to GitHub...
To github.com:haunter-actual/haunter-actual.github.io.git
   62c349a..9ab4ff5  main -> main
[Sat Nov 15 08:31:03 AM PST 2025] Push complete.
[Sat Nov 15 08:32:01 AM PST 2025] Starting auto-push...
From github.com:haunter-actual/haunter-actual.github.io
 * branch            main       -> FETCH_HEAD
error: cannot rebase: You have unstaged changes.
error: Please commit or stash them.
Already up to date.
[Sat Nov 15 08:32:03 AM PST 2025] Changes detected — committing...
[main f69fb5a] Auto sync: 2025-11-15 08:32:03
 1 file changed, 13 insertions(+)
[Sat Nov 15 08:32:03 AM PST 2025] Pushing to GitHub...
To github.com:haunter-actual/haunter-actual.github.io.git
   9ab4ff5..f69fb5a  main -> main
[Sat Nov 15 08:32:04 AM PST 2025] Push complete.
[Sat Nov 15 08:35:01 AM PST 2025] Starting auto-push...
From github.com:haunter-actual/haunter-actual.github.io
 * branch            main       -> FETCH_HEAD
error: cannot rebase: You have unstaged changes.
error: Please commit or stash them.
Already up to date.
[Sat Nov 15 08:35:02 AM PST 2025] Changes detected — committing...
[main b712534] Auto sync: 2025-11-15 08:35:02
 1 file changed, 13 insertions(+)
[Sat Nov 15 08:35:02 AM PST 2025] Pushing to GitHub...
To github.com:haunter-actual/haunter-actual.github.io.git
   f69fb5a..b712534  main -> main
[Sat Nov 15 08:35:04 AM PST 2025] Push complete.
[Sat Nov 15 08:40:01 AM PST 2025] Starting auto-push...
From github.com:haunter-actual/haunter-actual.github.io
 * branch            main       -> FETCH_HEAD
error: cannot rebase: You have unstaged changes.
error: Please commit or stash them.
Already up to date.
[Sat Nov 15 08:40:02 AM PST 2025] Changes detected — committing...
[main 088f201] Auto sync: 2025-11-15 08:40:02
 2 files changed, 13 insertions(+)
 create mode 100644 assets/img/ctf/htb/easy/conversor/conversor.png
[Sat Nov 15 08:40:02 AM PST 2025] Pushing to GitHub...
To github.com:haunter-actual/haunter-actual.github.io.git
   b712534..088f201  main -> main
[Sat Nov 15 08:40:04 AM PST 2025] Push complete.
[Sat Nov 15 08:45:01 AM PST 2025] Starting auto-push...
From github.com:haunter-actual/haunter-actual.github.io
 * branch            main       -> FETCH_HEAD
error: cannot rebase: You have unstaged changes.
error: Please commit or stash them.
Already up to date.
[Sat Nov 15 08:45:02 AM PST 2025] Changes detected — committing...
[main 36b5f48] Auto sync: 2025-11-15 08:45:02
 1 file changed, 14 insertions(+)
[Sat Nov 15 08:45:02 AM PST 2025] Pushing to GitHub...
To github.com:haunter-actual/haunter-actual.github.io.git
   088f201..36b5f48  main -> main
[Sat Nov 15 08:45:04 AM PST 2025] Push complete.
[Sat Nov 15 08:50:01 AM PST 2025] Starting auto-push...
From github.com:haunter-actual/haunter-actual.github.io
 * branch            main       -> FETCH_HEAD
error: cannot rebase: You have unstaged changes.
error: Please commit or stash them.
Already up to date.
[Sat Nov 15 08:50:02 AM PST 2025] Changes detected — committing...
[main 8cb3e58] Auto sync: 2025-11-15 08:50:02
 1 file changed, 13 insertions(+)
[Sat Nov 15 08:50:02 AM PST 2025] Pushing to GitHub...
To github.com:haunter-actual/haunter-actual.github.io.git
   36b5f48..8cb3e58  main -> main
[Sat Nov 15 08:50:04 AM PST 2025] Push complete.
[Sat Nov 15 08:55:01 AM PST 2025] Starting auto-push...
From github.com:haunter-actual/haunter-actual.github.io
 * branch            main       -> FETCH_HEAD
error: cannot rebase: You have unstaged changes.
error: Please commit or stash them.
Already up to date.
[Sat Nov 15 08:55:02 AM PST 2025] Changes detected — committing...
[main b498db1] Auto sync: 2025-11-15 08:55:02
 1 file changed, 13 insertions(+)
[Sat Nov 15 08:55:02 AM PST 2025] Pushing to GitHub...
To github.com:haunter-actual/haunter-actual.github.io.git
   8cb3e58..b498db1  main -> main
[Sat Nov 15 08:55:04 AM PST 2025] Push complete.
[Sat Nov 15 09:00:01 AM PST 2025] Starting auto-push...
From github.com:haunter-actual/haunter-actual.github.io
 * branch            main       -> FETCH_HEAD
error: cannot rebase: You have unstaged changes.
error: Please commit or stash them.
Already up to date.
[Sat Nov 15 09:00:02 AM PST 2025] Changes detected — committing...
[main c3ecf44] Auto sync: 2025-11-15 09:00:02
 1 file changed, 13 insertions(+)
[Sat Nov 15 09:00:02 AM PST 2025] Pushing to GitHub...
To github.com:haunter-actual/haunter-actual.github.io.git
   b498db1..c3ecf44  main -> main
[Sat Nov 15 09:00:04 AM PST 2025] Push complete.
[Sat Nov 15 09:05:01 AM PST 2025] Starting auto-push...
From github.com:haunter-actual/haunter-actual.github.io
 * branch            main       -> FETCH_HEAD
error: cannot rebase: You have unstaged changes.
error: Please commit or stash them.
Already up to date.
[Sat Nov 15 09:05:02 AM PST 2025] Changes detected — committing...
[main 3d0a783] Auto sync: 2025-11-15 09:05:02
 1 file changed, 13 insertions(+)
[Sat Nov 15 09:05:02 AM PST 2025] Pushing to GitHub...
To github.com:haunter-actual/haunter-actual.github.io.git
   c3ecf44..3d0a783  main -> main
[Sat Nov 15 09:05:04 AM PST 2025] Push complete.
[Sat Nov 15 09:10:01 AM PST 2025] Starting auto-push...
From github.com:haunter-actual/haunter-actual.github.io
 * branch            main       -> FETCH_HEAD
error: cannot rebase: You have unstaged changes.
error: Please commit or stash them.
Already up to date.
[Sat Nov 15 09:10:03 AM PST 2025] Changes detected — committing...
[main 04c9bdb] Auto sync: 2025-11-15 09:10:03
 1 file changed, 13 insertions(+)
[Sat Nov 15 09:10:03 AM PST 2025] Pushing to GitHub...
To github.com:haunter-actual/haunter-actual.github.io.git
   3d0a783..04c9bdb  main -> main
[Sat Nov 15 09:10:04 AM PST 2025] Push complete.
[Sat Nov 15 09:15:01 AM PST 2025] Starting auto-push...
From github.com:haunter-actual/haunter-actual.github.io
 * branch            main       -> FETCH_HEAD
error: cannot rebase: You have unstaged changes.
error: Please commit or stash them.
Already up to date.
[Sat Nov 15 09:15:03 AM PST 2025] Changes detected — committing...
[main bf0e997] Auto sync: 2025-11-15 09:15:03
 1 file changed, 13 insertions(+)
[Sat Nov 15 09:15:03 AM PST 2025] Pushing to GitHub...
To github.com:haunter-actual/haunter-actual.github.io.git
   04c9bdb..bf0e997  main -> main
[Sat Nov 15 09:15:04 AM PST 2025] Push complete.
[Sat Nov 15 09:20:01 AM PST 2025] Starting auto-push...
From github.com:haunter-actual/haunter-actual.github.io
 * branch            main       -> FETCH_HEAD
error: cannot rebase: You have unstaged changes.
error: Please commit or stash them.
Already up to date.
[Sat Nov 15 09:20:03 AM PST 2025] Changes detected — committing...
[main 2247ea0] Auto sync: 2025-11-15 09:20:03
 1 file changed, 13 insertions(+)
[Sat Nov 15 09:20:03 AM PST 2025] Pushing to GitHub...
To github.com:haunter-actual/haunter-actual.github.io.git
   bf0e997..2247ea0  main -> main
[Sat Nov 15 09:20:05 AM PST 2025] Push complete.
[Sat Nov 15 09:25:01 AM PST 2025] Starting auto-push...
From github.com:haunter-actual/haunter-actual.github.io
 * branch            main       -> FETCH_HEAD
error: cannot rebase: You have unstaged changes.
error: Please commit or stash them.
Already up to date.
[Sat Nov 15 09:25:03 AM PST 2025] Changes detected — committing...
[main d0fd63f] Auto sync: 2025-11-15 09:25:03
 1 file changed, 13 insertions(+)
[Sat Nov 15 09:25:03 AM PST 2025] Pushing to GitHub...
To github.com:haunter-actual/haunter-actual.github.io.git
   2247ea0..d0fd63f  main -> main
[Sat Nov 15 09:25:04 AM PST 2025] Push complete.
[Sat Nov 15 09:30:01 AM PST 2025] Starting auto-push...
From github.com:haunter-actual/haunter-actual.github.io
 * branch            main       -> FETCH_HEAD
error: cannot rebase: You have unstaged changes.
error: Please commit or stash them.
Already up to date.
[Sat Nov 15 09:30:02 AM PST 2025] Changes detected — committing...
[main 6964b82] Auto sync: 2025-11-15 09:30:02
 1 file changed, 13 insertions(+)
[Sat Nov 15 09:30:02 AM PST 2025] Pushing to GitHub...
To github.com:haunter-actual/haunter-actual.github.io.git
   d0fd63f..6964b82  main -> main
[Sat Nov 15 09:30:04 AM PST 2025] Push complete.
[Sat Nov 15 09:35:01 AM PST 2025] Starting auto-push...
From github.com:haunter-actual/haunter-actual.github.io
 * branch            main       -> FETCH_HEAD
error: cannot rebase: You have unstaged changes.
error: Please commit or stash them.
Already up to date.
[Sat Nov 15 09:35:02 AM PST 2025] Changes detected — committing...
[main 673cb15] Auto sync: 2025-11-15 09:35:02
 1 file changed, 13 insertions(+)
[Sat Nov 15 09:35:02 AM PST 2025] Pushing to GitHub...
To github.com:haunter-actual/haunter-actual.github.io.git
   6964b82..673cb15  main -> main
[Sat Nov 15 09:35:04 AM PST 2025] Push complete.
[Sat Nov 15 09:40:01 AM PST 2025] Starting auto-push...
From github.com:haunter-actual/haunter-actual.github.io
 * branch            main       -> FETCH_HEAD
error: cannot rebase: You have unstaged changes.
error: Please commit or stash them.
Already up to date.
[Sat Nov 15 09:40:02 AM PST 2025] Changes detected — committing...
[main 8c32d52] Auto sync: 2025-11-15 09:40:02
 1 file changed, 13 insertions(+)
[Sat Nov 15 09:40:02 AM PST 2025] Pushing to GitHub...
To github.com:haunter-actual/haunter-actual.github.io.git
   673cb15..8c32d52  main -> main
[Sat Nov 15 09:40:04 AM PST 2025] Push complete.
[Sat Nov 15 09:45:01 AM PST 2025] Starting auto-push...
From github.com:haunter-actual/haunter-actual.github.io
 * branch            main       -> FETCH_HEAD
error: cannot rebase: You have unstaged changes.
error: Please commit or stash them.
Already up to date.
[Sat Nov 15 09:45:02 AM PST 2025] Changes detected — committing...
[main c453486] Auto sync: 2025-11-15 09:45:02
 1 file changed, 13 insertions(+)
[Sat Nov 15 09:45:02 AM PST 2025] Pushing to GitHub...
To github.com:haunter-actual/haunter-actual.github.io.git
   8c32d52..c453486  main -> main
[Sat Nov 15 09:45:04 AM PST 2025] Push complete.
[Sat Nov 15 09:50:01 AM PST 2025] Starting auto-push...
From github.com:haunter-actual/haunter-actual.github.io
 * branch            main       -> FETCH_HEAD
error: cannot rebase: You have unstaged changes.
error: Please commit or stash them.
Already up to date.
[Sat Nov 15 09:50:02 AM PST 2025] Changes detected — committing...
[main 7d1a80b] Auto sync: 2025-11-15 09:50:02
 1 file changed, 13 insertions(+)
[Sat Nov 15 09:50:02 AM PST 2025] Pushing to GitHub...
To github.com:haunter-actual/haunter-actual.github.io.git
   c453486..7d1a80b  main -> main
[Sat Nov 15 09:50:04 AM PST 2025] Push complete.
[Sat Nov 15 09:55:01 AM PST 2025] Starting auto-push...
From github.com:haunter-actual/haunter-actual.github.io
 * branch            main       -> FETCH_HEAD
error: cannot rebase: You have unstaged changes.
error: Please commit or stash them.
Already up to date.
[Sat Nov 15 09:55:03 AM PST 2025] Changes detected — committing...
[main 20370a7] Auto sync: 2025-11-15 09:55:03
 1 file changed, 13 insertions(+)
[Sat Nov 15 09:55:03 AM PST 2025] Pushing to GitHub...
To github.com:haunter-actual/haunter-actual.github.io.git
   7d1a80b..20370a7  main -> main
[Sat Nov 15 09:55:04 AM PST 2025] Push complete.
[Sat Nov 15 10:00:01 AM PST 2025] Starting auto-push...
From github.com:haunter-actual/haunter-actual.github.io
 * branch            main       -> FETCH_HEAD
error: cannot rebase: You have unstaged changes.
error: Please commit or stash them.
Already up to date.
[Sat Nov 15 10:00:02 AM PST 2025] Changes detected — committing...
[main 0dc357c] Auto sync: 2025-11-15 10:00:02
 1 file changed, 13 insertions(+)
[Sat Nov 15 10:00:02 AM PST 2025] Pushing to GitHub...
To github.com:haunter-actual/haunter-actual.github.io.git
   20370a7..0dc357c  main -> main
[Sat Nov 15 10:00:03 AM PST 2025] Push complete.
[Sat Nov 15 10:05:01 AM PST 2025] Starting auto-push...
From github.com:haunter-actual/haunter-actual.github.io
 * branch            main       -> FETCH_HEAD
error: cannot rebase: You have unstaged changes.
error: Please commit or stash them.
Already up to date.
[Sat Nov 15 10:05:03 AM PST 2025] Changes detected — committing...
[main 93454a5] Auto sync: 2025-11-15 10:05:03
 1 file changed, 13 insertions(+)
[Sat Nov 15 10:05:03 AM PST 2025] Pushing to GitHub...
To github.com:haunter-actual/haunter-actual.github.io.git
   0dc357c..93454a5  main -> main
[Sat Nov 15 10:05:04 AM PST 2025] Push complete.
[Sat Nov 15 12:50:01 PM PST 2025] Starting auto-push...
From github.com:haunter-actual/haunter-actual.github.io
 * branch            main       -> FETCH_HEAD
error: cannot rebase: You have unstaged changes.
error: Please commit or stash them.
Already up to date.
[Sat Nov 15 12:50:02 PM PST 2025] Changes detected — committing...
[main f960c0d] Auto sync: 2025-11-15 12:50:02
 1 file changed, 13 insertions(+)
[Sat Nov 15 12:50:02 PM PST 2025] Pushing to GitHub...
To github.com:haunter-actual/haunter-actual.github.io.git
   93454a5..f960c0d  main -> main
[Sat Nov 15 12:50:04 PM PST 2025] Push complete.
[Sat Nov 15 12:55:01 PM PST 2025] Starting auto-push...
From github.com:haunter-actual/haunter-actual.github.io
 * branch            main       -> FETCH_HEAD
error: cannot rebase: You have unstaged changes.
error: Please commit or stash them.
Already up to date.
[Sat Nov 15 12:55:02 PM PST 2025] Changes detected — committing...
[main 855bbd7] Auto sync: 2025-11-15 12:55:02
 1 file changed, 13 insertions(+)
[Sat Nov 15 12:55:02 PM PST 2025] Pushing to GitHub...
To github.com:haunter-actual/haunter-actual.github.io.git
   f960c0d..855bbd7  main -> main
[Sat Nov 15 12:55:04 PM PST 2025] Push complete.
[Sat Nov 15 01:00:01 PM PST 2025] Starting auto-push...
From github.com:haunter-actual/haunter-actual.github.io
 * branch            main       -> FETCH_HEAD
error: cannot rebase: You have unstaged changes.
error: Please commit or stash them.
Already up to date.
[Sat Nov 15 01:00:02 PM PST 2025] Changes detected — committing...
[main ef06aa8] Auto sync: 2025-11-15 13:00:02
 1 file changed, 13 insertions(+)
[Sat Nov 15 01:00:02 PM PST 2025] Pushing to GitHub...
To github.com:haunter-actual/haunter-actual.github.io.git
   855bbd7..ef06aa8  main -> main
[Sat Nov 15 01:00:04 PM PST 2025] Push complete.
[Sat Nov 15 01:05:01 PM PST 2025] Starting auto-push...
From github.com:haunter-actual/haunter-actual.github.io
 * branch            main       -> FETCH_HEAD
error: cannot rebase: You have unstaged changes.
error: Please commit or stash them.
Already up to date.
[Sat Nov 15 01:05:03 PM PST 2025] Changes detected — committing...
[main 9478174] Auto sync: 2025-11-15 13:05:03
 1 file changed, 13 insertions(+)
[Sat Nov 15 01:05:03 PM PST 2025] Pushing to GitHub...
To github.com:haunter-actual/haunter-actual.github.io.git
   ef06aa8..9478174  main -> main
[Sat Nov 15 01:05:04 PM PST 2025] Push complete.
[Sat Nov 15 01:10:01 PM PST 2025] Starting auto-push...
From github.com:haunter-actual/haunter-actual.github.io
 * branch            main       -> FETCH_HEAD
error: cannot rebase: You have unstaged changes.
error: Please commit or stash them.
Already up to date.
[Sat Nov 15 01:10:02 PM PST 2025] Changes detected — committing...
[main d727c1b] Auto sync: 2025-11-15 13:10:02
 1 file changed, 13 insertions(+)
[Sat Nov 15 01:10:02 PM PST 2025] Pushing to GitHub...
To github.com:haunter-actual/haunter-actual.github.io.git
   9478174..d727c1b  main -> main
[Sat Nov 15 01:10:03 PM PST 2025] Push complete.
[Sat Nov 15 01:15:01 PM PST 2025] Starting auto-push...
From github.com:haunter-actual/haunter-actual.github.io
 * branch            main       -> FETCH_HEAD
error: cannot rebase: You have unstaged changes.
error: Please commit or stash them.
Already up to date.
[Sat Nov 15 01:15:02 PM PST 2025] Changes detected — committing...
[main b2ec81f] Auto sync: 2025-11-15 13:15:02
 1 file changed, 13 insertions(+)
[Sat Nov 15 01:15:02 PM PST 2025] Pushing to GitHub...
To github.com:haunter-actual/haunter-actual.github.io.git
   d727c1b..b2ec81f  main -> main
[Sat Nov 15 01:15:04 PM PST 2025] Push complete.
[Sat Nov 15 01:20:01 PM PST 2025] Starting auto-push...
From github.com:haunter-actual/haunter-actual.github.io
 * branch            main       -> FETCH_HEAD
error: cannot rebase: You have unstaged changes.
error: Please commit or stash them.
Already up to date.
[Sat Nov 15 01:20:02 PM PST 2025] Changes detected — committing...
[main bf26d7c] Auto sync: 2025-11-15 13:20:02
 1 file changed, 13 insertions(+)
[Sat Nov 15 01:20:02 PM PST 2025] Pushing to GitHub...
To github.com:haunter-actual/haunter-actual.github.io.git
   b2ec81f..bf26d7c  main -> main
[Sat Nov 15 01:20:03 PM PST 2025] Push complete.
[Sat Nov 15 01:25:01 PM PST 2025] Starting auto-push...
From github.com:haunter-actual/haunter-actual.github.io
 * branch            main       -> FETCH_HEAD
error: cannot rebase: You have unstaged changes.
error: Please commit or stash them.
Already up to date.
[Sat Nov 15 01:25:03 PM PST 2025] Changes detected — committing...
[main 2e54dd0] Auto sync: 2025-11-15 13:25:03
 1 file changed, 13 insertions(+)
[Sat Nov 15 01:25:03 PM PST 2025] Pushing to GitHub...
To github.com:haunter-actual/haunter-actual.github.io.git
   bf26d7c..2e54dd0  main -> main
[Sat Nov 15 01:25:04 PM PST 2025] Push complete.
[Sat Nov 15 01:30:01 PM PST 2025] Starting auto-push...
From github.com:haunter-actual/haunter-actual.github.io
 * branch            main       -> FETCH_HEAD
error: cannot rebase: You have unstaged changes.
error: Please commit or stash them.
Already up to date.
[Sat Nov 15 01:30:03 PM PST 2025] Changes detected — committing...
[main d0de1da] Auto sync: 2025-11-15 13:30:03
 1 file changed, 13 insertions(+)
[Sat Nov 15 01:30:03 PM PST 2025] Pushing to GitHub...
To github.com:haunter-actual/haunter-actual.github.io.git
   2e54dd0..d0de1da  main -> main
[Sat Nov 15 01:30:04 PM PST 2025] Push complete.
[Sat Nov 15 01:35:01 PM PST 2025] Starting auto-push...
From github.com:haunter-actual/haunter-actual.github.io
 * branch            main       -> FETCH_HEAD
error: cannot rebase: You have unstaged changes.
error: Please commit or stash them.
Already up to date.
[Sat Nov 15 01:35:02 PM PST 2025] Changes detected — committing...
[main 76f18ce] Auto sync: 2025-11-15 13:35:02
 1 file changed, 13 insertions(+)
[Sat Nov 15 01:35:02 PM PST 2025] Pushing to GitHub...
To github.com:haunter-actual/haunter-actual.github.io.git
   d0de1da..76f18ce  main -> main
[Sat Nov 15 01:35:04 PM PST 2025] Push complete.
[Sat Nov 15 01:40:01 PM PST 2025] Starting auto-push...
From github.com:haunter-actual/haunter-actual.github.io
 * branch            main       -> FETCH_HEAD
error: cannot rebase: You have unstaged changes.
error: Please commit or stash them.
Already up to date.
[Sat Nov 15 01:40:03 PM PST 2025] Changes detected — committing...
[main bdb3b9c] Auto sync: 2025-11-15 13:40:03
 1 file changed, 13 insertions(+)
[Sat Nov 15 01:40:03 PM PST 2025] Pushing to GitHub...
To github.com:haunter-actual/haunter-actual.github.io.git
   76f18ce..bdb3b9c  main -> main
[Sat Nov 15 01:40:04 PM PST 2025] Push complete.
[Sat Nov 15 01:45:01 PM PST 2025] Starting auto-push...
From github.com:haunter-actual/haunter-actual.github.io
 * branch            main       -> FETCH_HEAD
error: cannot rebase: You have unstaged changes.
error: Please commit or stash them.
Already up to date.
[Sat Nov 15 01:45:03 PM PST 2025] Changes detected — committing...
[main 0832d55] Auto sync: 2025-11-15 13:45:03
 1 file changed, 13 insertions(+)
[Sat Nov 15 01:45:03 PM PST 2025] Pushing to GitHub...
To github.com:haunter-actual/haunter-actual.github.io.git
   bdb3b9c..0832d55  main -> main
[Sat Nov 15 01:45:04 PM PST 2025] Push complete.
[Sat Nov 15 01:50:01 PM PST 2025] Starting auto-push...
From github.com:haunter-actual/haunter-actual.github.io
 * branch            main       -> FETCH_HEAD
error: cannot rebase: You have unstaged changes.
error: Please commit or stash them.
Already up to date.
[Sat Nov 15 01:50:03 PM PST 2025] Changes detected — committing...
[main dd13590] Auto sync: 2025-11-15 13:50:03
 1 file changed, 13 insertions(+)
[Sat Nov 15 01:50:03 PM PST 2025] Pushing to GitHub...
To github.com:haunter-actual/haunter-actual.github.io.git
   0832d55..dd13590  main -> main
[Sat Nov 15 01:50:04 PM PST 2025] Push complete.
[Sat Nov 15 01:55:01 PM PST 2025] Starting auto-push...
From github.com:haunter-actual/haunter-actual.github.io
 * branch            main       -> FETCH_HEAD
error: cannot rebase: You have unstaged changes.
error: Please commit or stash them.
Already up to date.
[Sat Nov 15 01:55:02 PM PST 2025] Changes detected — committing...
[main 51a947e] Auto sync: 2025-11-15 13:55:02
 1 file changed, 13 insertions(+)
[Sat Nov 15 01:55:02 PM PST 2025] Pushing to GitHub...
To github.com:haunter-actual/haunter-actual.github.io.git
   dd13590..51a947e  main -> main
[Sat Nov 15 01:55:04 PM PST 2025] Push complete.
[Sat Nov 15 02:00:01 PM PST 2025] Starting auto-push...
From github.com:haunter-actual/haunter-actual.github.io
 * branch            main       -> FETCH_HEAD
error: cannot rebase: You have unstaged changes.
error: Please commit or stash them.
Already up to date.
[Sat Nov 15 02:00:03 PM PST 2025] Changes detected — committing...
[main 952aa3b] Auto sync: 2025-11-15 14:00:03
 1 file changed, 13 insertions(+)
[Sat Nov 15 02:00:03 PM PST 2025] Pushing to GitHub...
To github.com:haunter-actual/haunter-actual.github.io.git
   51a947e..952aa3b  main -> main
[Sat Nov 15 02:00:04 PM PST 2025] Push complete.
[Sat Nov 15 02:05:01 PM PST 2025] Starting auto-push...
From github.com:haunter-actual/haunter-actual.github.io
 * branch            main       -> FETCH_HEAD
error: cannot rebase: You have unstaged changes.
error: Please commit or stash them.
Already up to date.
[Sat Nov 15 02:05:02 PM PST 2025] Changes detected — committing...
[main 7e950b2] Auto sync: 2025-11-15 14:05:02
 1 file changed, 13 insertions(+)
[Sat Nov 15 02:05:02 PM PST 2025] Pushing to GitHub...
To github.com:haunter-actual/haunter-actual.github.io.git
   952aa3b..7e950b2  main -> main
[Sat Nov 15 02:05:04 PM PST 2025] Push complete.
[Sat Nov 15 02:10:01 PM PST 2025] Starting auto-push...
From github.com:haunter-actual/haunter-actual.github.io
 * branch            main       -> FETCH_HEAD
error: cannot rebase: You have unstaged changes.
error: Please commit or stash them.
Already up to date.
[Sat Nov 15 02:10:02 PM PST 2025] Changes detected — committing...
[main 1e5aa21] Auto sync: 2025-11-15 14:10:02
 1 file changed, 13 insertions(+)
[Sat Nov 15 02:10:02 PM PST 2025] Pushing to GitHub...
To github.com:haunter-actual/haunter-actual.github.io.git
   7e950b2..1e5aa21  main -> main
[Sat Nov 15 02:10:04 PM PST 2025] Push complete.
[Sat Nov 15 02:15:01 PM PST 2025] Starting auto-push...
From github.com:haunter-actual/haunter-actual.github.io
 * branch            main       -> FETCH_HEAD
error: cannot rebase: You have unstaged changes.
error: Please commit or stash them.
Already up to date.
[Sat Nov 15 02:15:02 PM PST 2025] Changes detected — committing...
[main d3d680e] Auto sync: 2025-11-15 14:15:02
 1 file changed, 13 insertions(+)
[Sat Nov 15 02:15:02 PM PST 2025] Pushing to GitHub...
To github.com:haunter-actual/haunter-actual.github.io.git
   1e5aa21..d3d680e  main -> main
[Sat Nov 15 02:15:04 PM PST 2025] Push complete.
[Sat Nov 15 02:20:01 PM PST 2025] Starting auto-push...
From github.com:haunter-actual/haunter-actual.github.io
 * branch            main       -> FETCH_HEAD
error: cannot rebase: You have unstaged changes.
error: Please commit or stash them.
Already up to date.
[Sat Nov 15 02:20:02 PM PST 2025] Changes detected — committing...
[main d1fbf61] Auto sync: 2025-11-15 14:20:02
 1 file changed, 13 insertions(+)
[Sat Nov 15 02:20:02 PM PST 2025] Pushing to GitHub...
To github.com:haunter-actual/haunter-actual.github.io.git
   d3d680e..d1fbf61  main -> main
[Sat Nov 15 02:20:04 PM PST 2025] Push complete.
[Sat Nov 15 02:25:01 PM PST 2025] Starting auto-push...
From github.com:haunter-actual/haunter-actual.github.io
 * branch            main       -> FETCH_HEAD
error: cannot rebase: You have unstaged changes.
error: Please commit or stash them.
Already up to date.
[Sat Nov 15 02:25:02 PM PST 2025] Changes detected — committing...
[main 53eb87d] Auto sync: 2025-11-15 14:25:02
 1 file changed, 13 insertions(+)
[Sat Nov 15 02:25:02 PM PST 2025] Pushing to GitHub...
To github.com:haunter-actual/haunter-actual.github.io.git
   d1fbf61..53eb87d  main -> main
[Sat Nov 15 02:25:04 PM PST 2025] Push complete.
[Sat Nov 15 02:30:01 PM PST 2025] Starting auto-push...
From github.com:haunter-actual/haunter-actual.github.io
 * branch            main       -> FETCH_HEAD
error: cannot rebase: You have unstaged changes.
error: Please commit or stash them.
Already up to date.
[Sat Nov 15 02:30:02 PM PST 2025] Changes detected — committing...
[main 2f47f3f] Auto sync: 2025-11-15 14:30:02
 1 file changed, 13 insertions(+)
[Sat Nov 15 02:30:02 PM PST 2025] Pushing to GitHub...
To github.com:haunter-actual/haunter-actual.github.io.git
   53eb87d..2f47f3f  main -> main
[Sat Nov 15 02:30:03 PM PST 2025] Push complete.
[Sat Nov 15 02:35:01 PM PST 2025] Starting auto-push...
From github.com:haunter-actual/haunter-actual.github.io
 * branch            main       -> FETCH_HEAD
error: cannot rebase: You have unstaged changes.
error: Please commit or stash them.
Already up to date.
[Sat Nov 15 02:35:03 PM PST 2025] Changes detected — committing...
[main deac2bc] Auto sync: 2025-11-15 14:35:03
 1 file changed, 13 insertions(+)
[Sat Nov 15 02:35:03 PM PST 2025] Pushing to GitHub...
To github.com:haunter-actual/haunter-actual.github.io.git
   2f47f3f..deac2bc  main -> main
[Sat Nov 15 02:35:04 PM PST 2025] Push complete.
[Sat Nov 15 02:40:01 PM PST 2025] Starting auto-push...
From github.com:haunter-actual/haunter-actual.github.io
 * branch            main       -> FETCH_HEAD
error: cannot rebase: You have unstaged changes.
error: Please commit or stash them.
Already up to date.
[Sat Nov 15 02:40:02 PM PST 2025] Changes detected — committing...
[main 4ea0ccd] Auto sync: 2025-11-15 14:40:02
 1 file changed, 13 insertions(+)
[Sat Nov 15 02:40:02 PM PST 2025] Pushing to GitHub...
To github.com:haunter-actual/haunter-actual.github.io.git
   deac2bc..4ea0ccd  main -> main
[Sat Nov 15 02:40:04 PM PST 2025] Push complete.
[Sat Nov 15 02:45:01 PM PST 2025] Starting auto-push...
From github.com:haunter-actual/haunter-actual.github.io
 * branch            main       -> FETCH_HEAD
error: cannot rebase: You have unstaged changes.
error: Please commit or stash them.
Already up to date.
[Sat Nov 15 02:45:02 PM PST 2025] Changes detected — committing...
[main c139a56] Auto sync: 2025-11-15 14:45:02
 1 file changed, 13 insertions(+)
[Sat Nov 15 02:45:02 PM PST 2025] Pushing to GitHub...
To github.com:haunter-actual/haunter-actual.github.io.git
   4ea0ccd..c139a56  main -> main
[Sat Nov 15 02:45:04 PM PST 2025] Push complete.
[Sat Nov 15 02:50:01 PM PST 2025] Starting auto-push...
From github.com:haunter-actual/haunter-actual.github.io
 * branch            main       -> FETCH_HEAD
error: cannot rebase: You have unstaged changes.
error: Please commit or stash them.
Already up to date.
[Sat Nov 15 02:50:03 PM PST 2025] Changes detected — committing...
[main 74632b0] Auto sync: 2025-11-15 14:50:03
 1 file changed, 13 insertions(+)
[Sat Nov 15 02:50:03 PM PST 2025] Pushing to GitHub...
To github.com:haunter-actual/haunter-actual.github.io.git
   c139a56..74632b0  main -> main
[Sat Nov 15 02:50:04 PM PST 2025] Push complete.
[Sat Nov 15 02:55:01 PM PST 2025] Starting auto-push...
From github.com:haunter-actual/haunter-actual.github.io
 * branch            main       -> FETCH_HEAD
error: cannot rebase: You have unstaged changes.
error: Please commit or stash them.
Already up to date.
[Sat Nov 15 02:55:02 PM PST 2025] Changes detected — committing...
[main c804115] Auto sync: 2025-11-15 14:55:02
 1 file changed, 13 insertions(+)
[Sat Nov 15 02:55:02 PM PST 2025] Pushing to GitHub...
To github.com:haunter-actual/haunter-actual.github.io.git
   74632b0..c804115  main -> main
[Sat Nov 15 02:55:04 PM PST 2025] Push complete.
[Sat Nov 15 03:00:01 PM PST 2025] Starting auto-push...
From github.com:haunter-actual/haunter-actual.github.io
 * branch            main       -> FETCH_HEAD
error: cannot rebase: You have unstaged changes.
error: Please commit or stash them.
Already up to date.
[Sat Nov 15 03:00:03 PM PST 2025] Changes detected — committing...
[main de83740] Auto sync: 2025-11-15 15:00:03
 1 file changed, 13 insertions(+)
[Sat Nov 15 03:00:03 PM PST 2025] Pushing to GitHub...
To github.com:haunter-actual/haunter-actual.github.io.git
   c804115..de83740  main -> main
[Sat Nov 15 03:00:04 PM PST 2025] Push complete.
[Sat Nov 15 03:05:01 PM PST 2025] Starting auto-push...
From github.com:haunter-actual/haunter-actual.github.io
 * branch            main       -> FETCH_HEAD
error: cannot rebase: You have unstaged changes.
error: Please commit or stash them.
Already up to date.
[Sat Nov 15 03:05:02 PM PST 2025] Changes detected — committing...
[main 1798559] Auto sync: 2025-11-15 15:05:02
 1 file changed, 13 insertions(+)
[Sat Nov 15 03:05:02 PM PST 2025] Pushing to GitHub...
To github.com:haunter-actual/haunter-actual.github.io.git
   de83740..1798559  main -> main
[Sat Nov 15 03:05:03 PM PST 2025] Push complete.
[Sat Nov 15 03:10:01 PM PST 2025] Starting auto-push...
From github.com:haunter-actual/haunter-actual.github.io
 * branch            main       -> FETCH_HEAD
error: cannot rebase: You have unstaged changes.
error: Please commit or stash them.
Already up to date.
[Sat Nov 15 03:10:02 PM PST 2025] Changes detected — committing...
[main 05340f4] Auto sync: 2025-11-15 15:10:02
 1 file changed, 13 insertions(+)
[Sat Nov 15 03:10:02 PM PST 2025] Pushing to GitHub...
To github.com:haunter-actual/haunter-actual.github.io.git
   1798559..05340f4  main -> main
[Sat Nov 15 03:10:04 PM PST 2025] Push complete.
[Sat Nov 15 03:15:01 PM PST 2025] Starting auto-push...
From github.com:haunter-actual/haunter-actual.github.io
 * branch            main       -> FETCH_HEAD
error: cannot rebase: You have unstaged changes.
error: Please commit or stash them.
Already up to date.
[Sat Nov 15 03:15:02 PM PST 2025] Changes detected — committing...
[main 6db4091] Auto sync: 2025-11-15 15:15:02
 1 file changed, 13 insertions(+)
[Sat Nov 15 03:15:02 PM PST 2025] Pushing to GitHub...
To github.com:haunter-actual/haunter-actual.github.io.git
   05340f4..6db4091  main -> main
[Sat Nov 15 03:15:03 PM PST 2025] Push complete.
[Sat Nov 15 03:20:01 PM PST 2025] Starting auto-push...
From github.com:haunter-actual/haunter-actual.github.io
 * branch            main       -> FETCH_HEAD
error: cannot rebase: You have unstaged changes.
error: Please commit or stash them.
Already up to date.
[Sat Nov 15 03:20:03 PM PST 2025] Changes detected — committing...
[main 8ed4688] Auto sync: 2025-11-15 15:20:03
 1 file changed, 13 insertions(+)
[Sat Nov 15 03:20:03 PM PST 2025] Pushing to GitHub...
To github.com:haunter-actual/haunter-actual.github.io.git
   6db4091..8ed4688  main -> main
[Sat Nov 15 03:20:04 PM PST 2025] Push complete.
[Sat Nov 15 03:25:01 PM PST 2025] Starting auto-push...
From github.com:haunter-actual/haunter-actual.github.io
 * branch            main       -> FETCH_HEAD
error: cannot rebase: You have unstaged changes.
error: Please commit or stash them.
Already up to date.
[Sat Nov 15 03:25:02 PM PST 2025] Changes detected — committing...
[main 0fba743] Auto sync: 2025-11-15 15:25:02
 1 file changed, 13 insertions(+)
[Sat Nov 15 03:25:02 PM PST 2025] Pushing to GitHub...
To github.com:haunter-actual/haunter-actual.github.io.git
   8ed4688..0fba743  main -> main
[Sat Nov 15 03:25:04 PM PST 2025] Push complete.
[Sat Nov 15 03:30:01 PM PST 2025] Starting auto-push...
From github.com:haunter-actual/haunter-actual.github.io
 * branch            main       -> FETCH_HEAD
error: cannot rebase: You have unstaged changes.
error: Please commit or stash them.
Already up to date.
[Sat Nov 15 03:30:03 PM PST 2025] Changes detected — committing...
[main 32d2a8a] Auto sync: 2025-11-15 15:30:03
 1 file changed, 13 insertions(+)
[Sat Nov 15 03:30:03 PM PST 2025] Pushing to GitHub...
To github.com:haunter-actual/haunter-actual.github.io.git
   0fba743..32d2a8a  main -> main
[Sat Nov 15 03:30:04 PM PST 2025] Push complete.
[Sat Nov 15 03:35:01 PM PST 2025] Starting auto-push...
From github.com:haunter-actual/haunter-actual.github.io
 * branch            main       -> FETCH_HEAD
error: cannot rebase: You have unstaged changes.
error: Please commit or stash them.
Already up to date.
[Sat Nov 15 03:35:03 PM PST 2025] Changes detected — committing...
[main 72000e8] Auto sync: 2025-11-15 15:35:03
 1 file changed, 13 insertions(+)
[Sat Nov 15 03:35:03 PM PST 2025] Pushing to GitHub...
To github.com:haunter-actual/haunter-actual.github.io.git
   32d2a8a..72000e8  main -> main
[Sat Nov 15 03:35:04 PM PST 2025] Push complete.
[Sat Nov 15 03:40:01 PM PST 2025] Starting auto-push...
From github.com:haunter-actual/haunter-actual.github.io
 * branch            main       -> FETCH_HEAD
error: cannot rebase: You have unstaged changes.
error: Please commit or stash them.
Already up to date.
[Sat Nov 15 03:40:03 PM PST 2025] Changes detected — committing...
[main 227b447] Auto sync: 2025-11-15 15:40:03
 1 file changed, 13 insertions(+)
[Sat Nov 15 03:40:03 PM PST 2025] Pushing to GitHub...
To github.com:haunter-actual/haunter-actual.github.io.git
   72000e8..227b447  main -> main
[Sat Nov 15 03:40:04 PM PST 2025] Push complete.
[Sun Nov 16 05:35:01 AM PST 2025] Starting auto-push...
From github.com:haunter-actual/haunter-actual.github.io
 * branch            main       -> FETCH_HEAD
error: cannot rebase: You have unstaged changes.
error: Please commit or stash them.
Already up to date.
[Sun Nov 16 05:35:03 AM PST 2025] Changes detected — committing...
[main 34c7c64] Auto sync: 2025-11-16 05:35:03
 1 file changed, 13 insertions(+)
[Sun Nov 16 05:35:03 AM PST 2025] Pushing to GitHub...
To github.com:haunter-actual/haunter-actual.github.io.git
   227b447..34c7c64  main -> main
[Sun Nov 16 05:35:04 AM PST 2025] Push complete.
[Sun Nov 16 05:40:02 AM PST 2025] Starting auto-push...
From github.com:haunter-actual/haunter-actual.github.io
 * branch            main       -> FETCH_HEAD
error: cannot rebase: You have unstaged changes.
error: Please commit or stash them.
Already up to date.
[Sun Nov 16 05:40:03 AM PST 2025] Changes detected — committing...
[main a4d22b5] Auto sync: 2025-11-16 05:40:03
 1 file changed, 13 insertions(+)
[Sun Nov 16 05:40:03 AM PST 2025] Pushing to GitHub...
To github.com:haunter-actual/haunter-actual.github.io.git
   34c7c64..a4d22b5  main -> main
[Sun Nov 16 05:40:04 AM PST 2025] Push complete.
[Sun Nov 16 05:45:01 AM PST 2025] Starting auto-push...
From github.com:haunter-actual/haunter-actual.github.io
 * branch            main       -> FETCH_HEAD
error: cannot rebase: You have unstaged changes.
error: Please commit or stash them.
Already up to date.
[Sun Nov 16 05:45:02 AM PST 2025] Changes detected — committing...
[main 98b38af] Auto sync: 2025-11-16 05:45:02
 1 file changed, 13 insertions(+)
[Sun Nov 16 05:45:02 AM PST 2025] Pushing to GitHub...
To github.com:haunter-actual/haunter-actual.github.io.git
   a4d22b5..98b38af  main -> main
[Sun Nov 16 05:45:04 AM PST 2025] Push complete.
[Sun Nov 16 05:50:01 AM PST 2025] Starting auto-push...
From github.com:haunter-actual/haunter-actual.github.io
 * branch            main       -> FETCH_HEAD
error: cannot rebase: You have unstaged changes.
error: Please commit or stash them.
Already up to date.
[Sun Nov 16 05:50:03 AM PST 2025] Changes detected — committing...
[main 347e86b] Auto sync: 2025-11-16 05:50:03
 1 file changed, 13 insertions(+)
[Sun Nov 16 05:50:03 AM PST 2025] Pushing to GitHub...
To github.com:haunter-actual/haunter-actual.github.io.git
   98b38af..347e86b  main -> main
[Sun Nov 16 05:50:04 AM PST 2025] Push complete.
[Sun Nov 16 05:55:01 AM PST 2025] Starting auto-push...
From github.com:haunter-actual/haunter-actual.github.io
 * branch            main       -> FETCH_HEAD
error: cannot rebase: You have unstaged changes.
error: Please commit or stash them.
Already up to date.
[Sun Nov 16 05:55:03 AM PST 2025] Changes detected — committing...
[main e70bbd5] Auto sync: 2025-11-16 05:55:03
 1 file changed, 13 insertions(+)
[Sun Nov 16 05:55:03 AM PST 2025] Pushing to GitHub...
To github.com:haunter-actual/haunter-actual.github.io.git
   347e86b..e70bbd5  main -> main
[Sun Nov 16 05:55:04 AM PST 2025] Push complete.
[Sun Nov 16 06:00:01 AM PST 2025] Starting auto-push...
From github.com:haunter-actual/haunter-actual.github.io
 * branch            main       -> FETCH_HEAD
error: cannot rebase: You have unstaged changes.
error: Please commit or stash them.
Already up to date.
[Sun Nov 16 06:00:02 AM PST 2025] Changes detected — committing...
[main 44048fa] Auto sync: 2025-11-16 06:00:02
 1 file changed, 13 insertions(+)
[Sun Nov 16 06:00:02 AM PST 2025] Pushing to GitHub...
To github.com:haunter-actual/haunter-actual.github.io.git
   e70bbd5..44048fa  main -> main
[Sun Nov 16 06:00:04 AM PST 2025] Push complete.
[Sun Nov 16 06:05:01 AM PST 2025] Starting auto-push...
From github.com:haunter-actual/haunter-actual.github.io
 * branch            main       -> FETCH_HEAD
error: cannot rebase: You have unstaged changes.
error: Please commit or stash them.
Already up to date.
[Sun Nov 16 06:05:02 AM PST 2025] Changes detected — committing...
[main 1517a94] Auto sync: 2025-11-16 06:05:02
 1 file changed, 13 insertions(+)
[Sun Nov 16 06:05:02 AM PST 2025] Pushing to GitHub...
To github.com:haunter-actual/haunter-actual.github.io.git
   44048fa..1517a94  main -> main
[Sun Nov 16 06:05:03 AM PST 2025] Push complete.
[Sun Nov 16 06:10:01 AM PST 2025] Starting auto-push...
From github.com:haunter-actual/haunter-actual.github.io
 * branch            main       -> FETCH_HEAD
error: cannot rebase: You have unstaged changes.
error: Please commit or stash them.
Already up to date.
[Sun Nov 16 06:10:02 AM PST 2025] Changes detected — committing...
[main 332c628] Auto sync: 2025-11-16 06:10:02
 1 file changed, 13 insertions(+)
[Sun Nov 16 06:10:02 AM PST 2025] Pushing to GitHub...
To github.com:haunter-actual/haunter-actual.github.io.git
   1517a94..332c628  main -> main
[Sun Nov 16 06:10:03 AM PST 2025] Push complete.
[Sun Nov 16 06:15:01 AM PST 2025] Starting auto-push...
From github.com:haunter-actual/haunter-actual.github.io
 * branch            main       -> FETCH_HEAD
error: cannot rebase: You have unstaged changes.
error: Please commit or stash them.
Already up to date.
[Sun Nov 16 06:15:02 AM PST 2025] Changes detected — committing...
[main 78995fc] Auto sync: 2025-11-16 06:15:02
 1 file changed, 13 insertions(+)
[Sun Nov 16 06:15:02 AM PST 2025] Pushing to GitHub...
To github.com:haunter-actual/haunter-actual.github.io.git
   332c628..78995fc  main -> main
[Sun Nov 16 06:15:04 AM PST 2025] Push complete.
[Sun Nov 16 06:20:01 AM PST 2025] Starting auto-push...
From github.com:haunter-actual/haunter-actual.github.io
 * branch            main       -> FETCH_HEAD
error: cannot rebase: You have unstaged changes.
error: Please commit or stash them.
Already up to date.
[Sun Nov 16 06:20:02 AM PST 2025] Changes detected — committing...
[main 76418c2] Auto sync: 2025-11-16 06:20:02
 1 file changed, 13 insertions(+)
[Sun Nov 16 06:20:02 AM PST 2025] Pushing to GitHub...
To github.com:haunter-actual/haunter-actual.github.io.git
   78995fc..76418c2  main -> main
[Sun Nov 16 06:20:03 AM PST 2025] Push complete.
[Sun Nov 16 06:25:01 AM PST 2025] Starting auto-push...
From github.com:haunter-actual/haunter-actual.github.io
 * branch            main       -> FETCH_HEAD
error: cannot rebase: You have unstaged changes.
error: Please commit or stash them.
Already up to date.
[Sun Nov 16 06:25:03 AM PST 2025] Changes detected — committing...
[main f233b58] Auto sync: 2025-11-16 06:25:03
 1 file changed, 13 insertions(+)
[Sun Nov 16 06:25:03 AM PST 2025] Pushing to GitHub...
To github.com:haunter-actual/haunter-actual.github.io.git
   76418c2..f233b58  main -> main
[Sun Nov 16 06:25:04 AM PST 2025] Push complete.
[Sun Nov 16 06:30:01 AM PST 2025] Starting auto-push...
From github.com:haunter-actual/haunter-actual.github.io
 * branch            main       -> FETCH_HEAD
error: cannot rebase: You have unstaged changes.
error: Please commit or stash them.
Already up to date.
[Sun Nov 16 06:30:02 AM PST 2025] Changes detected — committing...
[main 83cf226] Auto sync: 2025-11-16 06:30:02
 1 file changed, 13 insertions(+)
[Sun Nov 16 06:30:02 AM PST 2025] Pushing to GitHub...
To github.com:haunter-actual/haunter-actual.github.io.git
   f233b58..83cf226  main -> main
[Sun Nov 16 06:30:04 AM PST 2025] Push complete.
[Sun Nov 16 06:35:01 AM PST 2025] Starting auto-push...
From github.com:haunter-actual/haunter-actual.github.io
 * branch            main       -> FETCH_HEAD
error: cannot rebase: You have unstaged changes.
error: Please commit or stash them.
Already up to date.
[Sun Nov 16 06:35:02 AM PST 2025] Changes detected — committing...
[main fa2864e] Auto sync: 2025-11-16 06:35:02
 1 file changed, 13 insertions(+)
[Sun Nov 16 06:35:02 AM PST 2025] Pushing to GitHub...
To github.com:haunter-actual/haunter-actual.github.io.git
   83cf226..fa2864e  main -> main
[Sun Nov 16 06:35:03 AM PST 2025] Push complete.
[Sun Nov 16 06:40:01 AM PST 2025] Starting auto-push...
From github.com:haunter-actual/haunter-actual.github.io
 * branch            main       -> FETCH_HEAD
error: cannot rebase: You have unstaged changes.
error: Please commit or stash them.
Already up to date.
[Sun Nov 16 06:40:02 AM PST 2025] Changes detected — committing...
[main 91cca72] Auto sync: 2025-11-16 06:40:02
 1 file changed, 13 insertions(+)
[Sun Nov 16 06:40:02 AM PST 2025] Pushing to GitHub...
To github.com:haunter-actual/haunter-actual.github.io.git
   fa2864e..91cca72  main -> main
[Sun Nov 16 06:40:04 AM PST 2025] Push complete.
[Sun Nov 16 06:45:01 AM PST 2025] Starting auto-push...
From github.com:haunter-actual/haunter-actual.github.io
 * branch            main       -> FETCH_HEAD
error: cannot rebase: You have unstaged changes.
error: Please commit or stash them.
Already up to date.
[Sun Nov 16 06:45:03 AM PST 2025] Changes detected — committing...
[main 3b7ee02] Auto sync: 2025-11-16 06:45:03
 1 file changed, 13 insertions(+)
[Sun Nov 16 06:45:03 AM PST 2025] Pushing to GitHub...
To github.com:haunter-actual/haunter-actual.github.io.git
   91cca72..3b7ee02  main -> main
[Sun Nov 16 06:45:04 AM PST 2025] Push complete.
[Sun Nov 16 06:50:01 AM PST 2025] Starting auto-push...
From github.com:haunter-actual/haunter-actual.github.io
 * branch            main       -> FETCH_HEAD
error: cannot rebase: You have unstaged changes.
error: Please commit or stash them.
Already up to date.
[Sun Nov 16 06:50:03 AM PST 2025] Changes detected — committing...
[main 722e4f6] Auto sync: 2025-11-16 06:50:03
 1 file changed, 13 insertions(+)
[Sun Nov 16 06:50:03 AM PST 2025] Pushing to GitHub...
To github.com:haunter-actual/haunter-actual.github.io.git
   3b7ee02..722e4f6  main -> main
[Sun Nov 16 06:50:04 AM PST 2025] Push complete.
[Sun Nov 16 06:55:01 AM PST 2025] Starting auto-push...
From github.com:haunter-actual/haunter-actual.github.io
 * branch            main       -> FETCH_HEAD
error: cannot rebase: You have unstaged changes.
error: Please commit or stash them.
Already up to date.
[Sun Nov 16 06:55:02 AM PST 2025] Changes detected — committing...
[main 461a0e0] Auto sync: 2025-11-16 06:55:02
 1 file changed, 13 insertions(+)
[Sun Nov 16 06:55:02 AM PST 2025] Pushing to GitHub...
To github.com:haunter-actual/haunter-actual.github.io.git
   722e4f6..461a0e0  main -> main
[Sun Nov 16 06:55:04 AM PST 2025] Push complete.
[Sun Nov 16 07:00:01 AM PST 2025] Starting auto-push...
From github.com:haunter-actual/haunter-actual.github.io
 * branch            main       -> FETCH_HEAD
error: cannot rebase: You have unstaged changes.
error: Please commit or stash them.
Already up to date.
[Sun Nov 16 07:00:03 AM PST 2025] Changes detected — committing...
[main 83d47bc] Auto sync: 2025-11-16 07:00:03
 1 file changed, 13 insertions(+)
[Sun Nov 16 07:00:03 AM PST 2025] Pushing to GitHub...
To github.com:haunter-actual/haunter-actual.github.io.git
   461a0e0..83d47bc  main -> main
[Sun Nov 16 07:00:04 AM PST 2025] Push complete.
[Sun Nov 16 07:05:01 AM PST 2025] Starting auto-push...
From github.com:haunter-actual/haunter-actual.github.io
 * branch            main       -> FETCH_HEAD
error: cannot rebase: You have unstaged changes.
error: Please commit or stash them.
Already up to date.
[Sun Nov 16 07:05:03 AM PST 2025] Changes detected — committing...
[main 8e7c47e] Auto sync: 2025-11-16 07:05:03
 1 file changed, 13 insertions(+)
[Sun Nov 16 07:05:03 AM PST 2025] Pushing to GitHub...
To github.com:haunter-actual/haunter-actual.github.io.git
   83d47bc..8e7c47e  main -> main
[Sun Nov 16 07:05:04 AM PST 2025] Push complete.
[Sun Nov 16 07:10:01 AM PST 2025] Starting auto-push...
From github.com:haunter-actual/haunter-actual.github.io
 * branch            main       -> FETCH_HEAD
error: cannot rebase: You have unstaged changes.
error: Please commit or stash them.
Already up to date.
[Sun Nov 16 07:10:02 AM PST 2025] Changes detected — committing...
[main 03a09ce] Auto sync: 2025-11-16 07:10:02
 1 file changed, 13 insertions(+)
[Sun Nov 16 07:10:02 AM PST 2025] Pushing to GitHub...
To github.com:haunter-actual/haunter-actual.github.io.git
   8e7c47e..03a09ce  main -> main
[Sun Nov 16 07:10:04 AM PST 2025] Push complete.
[Sun Nov 16 07:15:01 AM PST 2025] Starting auto-push...
From github.com:haunter-actual/haunter-actual.github.io
 * branch            main       -> FETCH_HEAD
error: cannot rebase: You have unstaged changes.
error: Please commit or stash them.
Already up to date.
[Sun Nov 16 07:15:03 AM PST 2025] Changes detected — committing...
[main 230722d] Auto sync: 2025-11-16 07:15:03
 1 file changed, 13 insertions(+)
[Sun Nov 16 07:15:03 AM PST 2025] Pushing to GitHub...
To github.com:haunter-actual/haunter-actual.github.io.git
   03a09ce..230722d  main -> main
[Sun Nov 16 07:15:04 AM PST 2025] Push complete.
[Sun Nov 16 07:20:01 AM PST 2025] Starting auto-push...
From github.com:haunter-actual/haunter-actual.github.io
 * branch            main       -> FETCH_HEAD
error: cannot rebase: You have unstaged changes.
error: Please commit or stash them.
Already up to date.
[Sun Nov 16 07:20:02 AM PST 2025] Changes detected — committing...
[main b7c05fa] Auto sync: 2025-11-16 07:20:02
 1 file changed, 13 insertions(+)
[Sun Nov 16 07:20:02 AM PST 2025] Pushing to GitHub...
To github.com:haunter-actual/haunter-actual.github.io.git
   230722d..b7c05fa  main -> main
[Sun Nov 16 07:20:04 AM PST 2025] Push complete.
[Sun Nov 16 07:25:01 AM PST 2025] Starting auto-push...
From github.com:haunter-actual/haunter-actual.github.io
 * branch            main       -> FETCH_HEAD
error: cannot rebase: You have unstaged changes.
error: Please commit or stash them.
Already up to date.
[Sun Nov 16 07:25:02 AM PST 2025] Changes detected — committing...
[main 70052a3] Auto sync: 2025-11-16 07:25:02
 1 file changed, 13 insertions(+)
[Sun Nov 16 07:25:02 AM PST 2025] Pushing to GitHub...
To github.com:haunter-actual/haunter-actual.github.io.git
   b7c05fa..70052a3  main -> main
[Sun Nov 16 07:25:04 AM PST 2025] Push complete.
[Sun Nov 16 07:30:01 AM PST 2025] Starting auto-push...
From github.com:haunter-actual/haunter-actual.github.io
 * branch            main       -> FETCH_HEAD
error: cannot rebase: You have unstaged changes.
error: Please commit or stash them.
Already up to date.
[Sun Nov 16 07:30:02 AM PST 2025] Changes detected — committing...
[main 6678673] Auto sync: 2025-11-16 07:30:02
 1 file changed, 13 insertions(+)
[Sun Nov 16 07:30:02 AM PST 2025] Pushing to GitHub...
To github.com:haunter-actual/haunter-actual.github.io.git
   70052a3..6678673  main -> main
[Sun Nov 16 07:30:04 AM PST 2025] Push complete.
[Sun Nov 16 07:35:01 AM PST 2025] Starting auto-push...
From github.com:haunter-actual/haunter-actual.github.io
 * branch            main       -> FETCH_HEAD
error: cannot rebase: You have unstaged changes.
error: Please commit or stash them.
Already up to date.
[Sun Nov 16 07:35:03 AM PST 2025] Changes detected — committing...
[main cb90cc0] Auto sync: 2025-11-16 07:35:03
 1 file changed, 13 insertions(+)
[Sun Nov 16 07:35:03 AM PST 2025] Pushing to GitHub...
To github.com:haunter-actual/haunter-actual.github.io.git
   6678673..cb90cc0  main -> main
[Sun Nov 16 07:35:04 AM PST 2025] Push complete.
[Sun Nov 16 07:40:01 AM PST 2025] Starting auto-push...
From github.com:haunter-actual/haunter-actual.github.io
 * branch            main       -> FETCH_HEAD
error: cannot rebase: You have unstaged changes.
error: Please commit or stash them.
Already up to date.
[Sun Nov 16 07:40:03 AM PST 2025] Changes detected — committing...
[main 70fe5fb] Auto sync: 2025-11-16 07:40:03
 1 file changed, 13 insertions(+)
[Sun Nov 16 07:40:03 AM PST 2025] Pushing to GitHub...
To github.com:haunter-actual/haunter-actual.github.io.git
   cb90cc0..70fe5fb  main -> main
[Sun Nov 16 07:40:04 AM PST 2025] Push complete.
[Sun Nov 16 07:45:02 AM PST 2025] Starting auto-push...
From github.com:haunter-actual/haunter-actual.github.io
 * branch            main       -> FETCH_HEAD
error: cannot rebase: You have unstaged changes.
error: Please commit or stash them.
Already up to date.
[Sun Nov 16 07:45:03 AM PST 2025] Changes detected — committing...
[main 166e903] Auto sync: 2025-11-16 07:45:03
 1 file changed, 13 insertions(+)
[Sun Nov 16 07:45:03 AM PST 2025] Pushing to GitHub...
To github.com:haunter-actual/haunter-actual.github.io.git
   70fe5fb..166e903  main -> main
[Sun Nov 16 07:45:04 AM PST 2025] Push complete.
[Sun Nov 16 07:50:01 AM PST 2025] Starting auto-push...
From github.com:haunter-actual/haunter-actual.github.io
 * branch            main       -> FETCH_HEAD
error: cannot rebase: You have unstaged changes.
error: Please commit or stash them.
Already up to date.
[Sun Nov 16 07:50:03 AM PST 2025] Changes detected — committing...
[main 965b3d0] Auto sync: 2025-11-16 07:50:03
 1 file changed, 13 insertions(+)
[Sun Nov 16 07:50:03 AM PST 2025] Pushing to GitHub...
To github.com:haunter-actual/haunter-actual.github.io.git
   166e903..965b3d0  main -> main
[Sun Nov 16 07:50:04 AM PST 2025] Push complete.
[Sun Nov 16 07:55:01 AM PST 2025] Starting auto-push...
From github.com:haunter-actual/haunter-actual.github.io
 * branch            main       -> FETCH_HEAD
error: cannot rebase: You have unstaged changes.
error: Please commit or stash them.
Already up to date.
[Sun Nov 16 07:55:02 AM PST 2025] Changes detected — committing...
[main 6179ec7] Auto sync: 2025-11-16 07:55:02
 1 file changed, 13 insertions(+)
[Sun Nov 16 07:55:02 AM PST 2025] Pushing to GitHub...
To github.com:haunter-actual/haunter-actual.github.io.git
   965b3d0..6179ec7  main -> main
[Sun Nov 16 07:55:04 AM PST 2025] Push complete.
[Sun Nov 16 08:00:01 AM PST 2025] Starting auto-push...
From github.com:haunter-actual/haunter-actual.github.io
 * branch            main       -> FETCH_HEAD
error: cannot rebase: You have unstaged changes.
error: Please commit or stash them.
Already up to date.
[Sun Nov 16 08:00:03 AM PST 2025] Changes detected — committing...
[main fa24042] Auto sync: 2025-11-16 08:00:03
 1 file changed, 13 insertions(+)
[Sun Nov 16 08:00:03 AM PST 2025] Pushing to GitHub...
To github.com:haunter-actual/haunter-actual.github.io.git
   6179ec7..fa24042  main -> main
[Sun Nov 16 08:00:04 AM PST 2025] Push complete.
[Sun Nov 16 08:05:01 AM PST 2025] Starting auto-push...
From github.com:haunter-actual/haunter-actual.github.io
 * branch            main       -> FETCH_HEAD
error: cannot rebase: You have unstaged changes.
error: Please commit or stash them.
Already up to date.
[Sun Nov 16 08:05:03 AM PST 2025] Changes detected — committing...
[main 37090aa] Auto sync: 2025-11-16 08:05:03
 1 file changed, 13 insertions(+)
[Sun Nov 16 08:05:03 AM PST 2025] Pushing to GitHub...
To github.com:haunter-actual/haunter-actual.github.io.git
   fa24042..37090aa  main -> main
[Sun Nov 16 08:05:04 AM PST 2025] Push complete.
[Sun Nov 16 08:10:01 AM PST 2025] Starting auto-push...
From github.com:haunter-actual/haunter-actual.github.io
 * branch            main       -> FETCH_HEAD
error: cannot rebase: You have unstaged changes.
error: Please commit or stash them.
Already up to date.
[Sun Nov 16 08:10:02 AM PST 2025] Changes detected — committing...
[main 5afb2cb] Auto sync: 2025-11-16 08:10:02
 1 file changed, 13 insertions(+)
[Sun Nov 16 08:10:02 AM PST 2025] Pushing to GitHub...
To github.com:haunter-actual/haunter-actual.github.io.git
   37090aa..5afb2cb  main -> main
[Sun Nov 16 08:10:04 AM PST 2025] Push complete.
[Sun Nov 16 08:15:01 AM PST 2025] Starting auto-push...
From github.com:haunter-actual/haunter-actual.github.io
 * branch            main       -> FETCH_HEAD
error: cannot rebase: You have unstaged changes.
error: Please commit or stash them.
Already up to date.
[Sun Nov 16 08:15:02 AM PST 2025] Changes detected — committing...
[main 7e445ca] Auto sync: 2025-11-16 08:15:02
 1 file changed, 13 insertions(+)
[Sun Nov 16 08:15:02 AM PST 2025] Pushing to GitHub...
To github.com:haunter-actual/haunter-actual.github.io.git
   5afb2cb..7e445ca  main -> main
[Sun Nov 16 08:15:04 AM PST 2025] Push complete.
[Sun Nov 16 08:20:01 AM PST 2025] Starting auto-push...
From github.com:haunter-actual/haunter-actual.github.io
 * branch            main       -> FETCH_HEAD
error: cannot rebase: You have unstaged changes.
error: Please commit or stash them.
Already up to date.
[Sun Nov 16 08:20:03 AM PST 2025] Changes detected — committing...
[main 5bbf112] Auto sync: 2025-11-16 08:20:03
 1 file changed, 13 insertions(+)
[Sun Nov 16 08:20:03 AM PST 2025] Pushing to GitHub...
To github.com:haunter-actual/haunter-actual.github.io.git
   7e445ca..5bbf112  main -> main
[Sun Nov 16 08:20:04 AM PST 2025] Push complete.
[Sun Nov 16 08:25:01 AM PST 2025] Starting auto-push...
From github.com:haunter-actual/haunter-actual.github.io
 * branch            main       -> FETCH_HEAD
error: cannot rebase: You have unstaged changes.
error: Please commit or stash them.
Already up to date.
[Sun Nov 16 08:25:02 AM PST 2025] Changes detected — committing...
[main 4517823] Auto sync: 2025-11-16 08:25:02
 1 file changed, 13 insertions(+)
[Sun Nov 16 08:25:02 AM PST 2025] Pushing to GitHub...
To github.com:haunter-actual/haunter-actual.github.io.git
   5bbf112..4517823  main -> main
[Sun Nov 16 08:25:04 AM PST 2025] Push complete.
[Sun Nov 16 08:30:01 AM PST 2025] Starting auto-push...
From github.com:haunter-actual/haunter-actual.github.io
 * branch            main       -> FETCH_HEAD
error: cannot rebase: You have unstaged changes.
error: Please commit or stash them.
Already up to date.
[Sun Nov 16 08:30:02 AM PST 2025] Changes detected — committing...
[main e3509c8] Auto sync: 2025-11-16 08:30:02
 1 file changed, 13 insertions(+)
[Sun Nov 16 08:30:02 AM PST 2025] Pushing to GitHub...
To github.com:haunter-actual/haunter-actual.github.io.git
   4517823..e3509c8  main -> main
[Sun Nov 16 08:30:03 AM PST 2025] Push complete.
[Sun Nov 16 08:35:01 AM PST 2025] Starting auto-push...
From github.com:haunter-actual/haunter-actual.github.io
 * branch            main       -> FETCH_HEAD
error: cannot rebase: You have unstaged changes.
error: Please commit or stash them.
Already up to date.
[Sun Nov 16 08:35:02 AM PST 2025] Changes detected — committing...
[main 0150104] Auto sync: 2025-11-16 08:35:02
 1 file changed, 13 insertions(+)
[Sun Nov 16 08:35:02 AM PST 2025] Pushing to GitHub...
To github.com:haunter-actual/haunter-actual.github.io.git
   e3509c8..0150104  main -> main
[Sun Nov 16 08:35:03 AM PST 2025] Push complete.
[Sun Nov 16 08:40:01 AM PST 2025] Starting auto-push...
From github.com:haunter-actual/haunter-actual.github.io
 * branch            main       -> FETCH_HEAD
error: cannot rebase: You have unstaged changes.
error: Please commit or stash them.
Already up to date.
[Sun Nov 16 08:40:02 AM PST 2025] Changes detected — committing...
[main 2251578] Auto sync: 2025-11-16 08:40:02
 1 file changed, 13 insertions(+)
[Sun Nov 16 08:40:02 AM PST 2025] Pushing to GitHub...
To github.com:haunter-actual/haunter-actual.github.io.git
   0150104..2251578  main -> main
[Sun Nov 16 08:40:04 AM PST 2025] Push complete.
[Sun Nov 16 08:45:01 AM PST 2025] Starting auto-push...
From github.com:haunter-actual/haunter-actual.github.io
 * branch            main       -> FETCH_HEAD
error: cannot rebase: You have unstaged changes.
error: Please commit or stash them.
Already up to date.
[Sun Nov 16 08:45:03 AM PST 2025] Changes detected — committing...
[main ecc0f76] Auto sync: 2025-11-16 08:45:03
 1 file changed, 13 insertions(+)
[Sun Nov 16 08:45:03 AM PST 2025] Pushing to GitHub...
To github.com:haunter-actual/haunter-actual.github.io.git
   2251578..ecc0f76  main -> main
[Sun Nov 16 08:45:04 AM PST 2025] Push complete.
[Sun Nov 16 08:50:01 AM PST 2025] Starting auto-push...
From github.com:haunter-actual/haunter-actual.github.io
 * branch            main       -> FETCH_HEAD
error: cannot rebase: You have unstaged changes.
error: Please commit or stash them.
Already up to date.
[Sun Nov 16 08:50:02 AM PST 2025] Changes detected — committing...
[main 4f58293] Auto sync: 2025-11-16 08:50:02
 1 file changed, 13 insertions(+)
[Sun Nov 16 08:50:02 AM PST 2025] Pushing to GitHub...
To github.com:haunter-actual/haunter-actual.github.io.git
   ecc0f76..4f58293  main -> main
[Sun Nov 16 08:50:03 AM PST 2025] Push complete.
[Sun Nov 16 08:55:01 AM PST 2025] Starting auto-push...
From github.com:haunter-actual/haunter-actual.github.io
 * branch            main       -> FETCH_HEAD
error: cannot rebase: You have unstaged changes.
error: Please commit or stash them.
Already up to date.
[Sun Nov 16 08:55:03 AM PST 2025] Changes detected — committing...
[main b1905b2] Auto sync: 2025-11-16 08:55:03
 1 file changed, 13 insertions(+)
[Sun Nov 16 08:55:03 AM PST 2025] Pushing to GitHub...
To github.com:haunter-actual/haunter-actual.github.io.git
   4f58293..b1905b2  main -> main
[Sun Nov 16 08:55:04 AM PST 2025] Push complete.
[Sun Nov 16 09:00:01 AM PST 2025] Starting auto-push...
From github.com:haunter-actual/haunter-actual.github.io
 * branch            main       -> FETCH_HEAD
error: cannot rebase: You have unstaged changes.
error: Please commit or stash them.
Already up to date.
[Sun Nov 16 09:00:02 AM PST 2025] Changes detected — committing...
[main f8ee499] Auto sync: 2025-11-16 09:00:02
 1 file changed, 13 insertions(+)
[Sun Nov 16 09:00:02 AM PST 2025] Pushing to GitHub...
To github.com:haunter-actual/haunter-actual.github.io.git
   b1905b2..f8ee499  main -> main
[Sun Nov 16 09:00:04 AM PST 2025] Push complete.
[Sun Nov 16 09:05:01 AM PST 2025] Starting auto-push...
From github.com:haunter-actual/haunter-actual.github.io
 * branch            main       -> FETCH_HEAD
error: cannot rebase: You have unstaged changes.
error: Please commit or stash them.
Already up to date.
[Sun Nov 16 09:05:03 AM PST 2025] Changes detected — committing...
[main aa43091] Auto sync: 2025-11-16 09:05:03
 1 file changed, 13 insertions(+)
[Sun Nov 16 09:05:03 AM PST 2025] Pushing to GitHub...
To github.com:haunter-actual/haunter-actual.github.io.git
   f8ee499..aa43091  main -> main
[Sun Nov 16 09:05:04 AM PST 2025] Push complete.
[Sun Nov 16 09:10:01 AM PST 2025] Starting auto-push...
From github.com:haunter-actual/haunter-actual.github.io
 * branch            main       -> FETCH_HEAD
error: cannot rebase: You have unstaged changes.
error: Please commit or stash them.
Already up to date.
[Sun Nov 16 09:10:02 AM PST 2025] Changes detected — committing...
[main bca6bed] Auto sync: 2025-11-16 09:10:02
 1 file changed, 13 insertions(+)
[Sun Nov 16 09:10:02 AM PST 2025] Pushing to GitHub...
To github.com:haunter-actual/haunter-actual.github.io.git
   aa43091..bca6bed  main -> main
[Sun Nov 16 09:10:04 AM PST 2025] Push complete.
[Sun Nov 16 09:15:01 AM PST 2025] Starting auto-push...
From github.com:haunter-actual/haunter-actual.github.io
 * branch            main       -> FETCH_HEAD
error: cannot rebase: You have unstaged changes.
error: Please commit or stash them.
Already up to date.
[Sun Nov 16 09:15:03 AM PST 2025] Changes detected — committing...
[main 02c0156] Auto sync: 2025-11-16 09:15:03
 1 file changed, 13 insertions(+)
[Sun Nov 16 09:15:03 AM PST 2025] Pushing to GitHub...
To github.com:haunter-actual/haunter-actual.github.io.git
   bca6bed..02c0156  main -> main
[Sun Nov 16 09:15:04 AM PST 2025] Push complete.
[Sun Nov 16 09:20:01 AM PST 2025] Starting auto-push...
From github.com:haunter-actual/haunter-actual.github.io
 * branch            main       -> FETCH_HEAD
error: cannot rebase: You have unstaged changes.
error: Please commit or stash them.
Already up to date.
[Sun Nov 16 09:20:03 AM PST 2025] Changes detected — committing...
[main 8fdf938] Auto sync: 2025-11-16 09:20:03
 1 file changed, 13 insertions(+)
[Sun Nov 16 09:20:03 AM PST 2025] Pushing to GitHub...
To github.com:haunter-actual/haunter-actual.github.io.git
   02c0156..8fdf938  main -> main
[Sun Nov 16 09:20:04 AM PST 2025] Push complete.
[Sun Nov 16 09:25:01 AM PST 2025] Starting auto-push...
From github.com:haunter-actual/haunter-actual.github.io
 * branch            main       -> FETCH_HEAD
error: cannot rebase: You have unstaged changes.
error: Please commit or stash them.
Already up to date.
[Sun Nov 16 09:25:02 AM PST 2025] Changes detected — committing...
[main 8274139] Auto sync: 2025-11-16 09:25:02
 1 file changed, 13 insertions(+)
[Sun Nov 16 09:25:02 AM PST 2025] Pushing to GitHub...
To github.com:haunter-actual/haunter-actual.github.io.git
   8fdf938..8274139  main -> main
[Sun Nov 16 09:25:04 AM PST 2025] Push complete.
[Sun Nov 16 09:30:01 AM PST 2025] Starting auto-push...
From github.com:haunter-actual/haunter-actual.github.io
 * branch            main       -> FETCH_HEAD
error: cannot rebase: You have unstaged changes.
error: Please commit or stash them.
Already up to date.
[Sun Nov 16 09:30:02 AM PST 2025] Changes detected — committing...
[main 83600fc] Auto sync: 2025-11-16 09:30:02
 1 file changed, 13 insertions(+)
[Sun Nov 16 09:30:02 AM PST 2025] Pushing to GitHub...
To github.com:haunter-actual/haunter-actual.github.io.git
   8274139..83600fc  main -> main
[Sun Nov 16 09:30:04 AM PST 2025] Push complete.
[Sun Nov 16 09:35:01 AM PST 2025] Starting auto-push...
From github.com:haunter-actual/haunter-actual.github.io
 * branch            main       -> FETCH_HEAD
error: cannot rebase: You have unstaged changes.
error: Please commit or stash them.
Already up to date.
[Sun Nov 16 09:35:03 AM PST 2025] Changes detected — committing...
[main a9720dd] Auto sync: 2025-11-16 09:35:03
 1 file changed, 13 insertions(+)
[Sun Nov 16 09:35:03 AM PST 2025] Pushing to GitHub...
To github.com:haunter-actual/haunter-actual.github.io.git
   83600fc..a9720dd  main -> main
[Sun Nov 16 09:35:04 AM PST 2025] Push complete.
[Sun Nov 16 09:40:01 AM PST 2025] Starting auto-push...
From github.com:haunter-actual/haunter-actual.github.io
 * branch            main       -> FETCH_HEAD
error: cannot rebase: You have unstaged changes.
error: Please commit or stash them.
Already up to date.
[Sun Nov 16 09:40:02 AM PST 2025] Changes detected — committing...
[main 23cc485] Auto sync: 2025-11-16 09:40:02
 1 file changed, 13 insertions(+)
[Sun Nov 16 09:40:02 AM PST 2025] Pushing to GitHub...
To github.com:haunter-actual/haunter-actual.github.io.git
   a9720dd..23cc485  main -> main
[Sun Nov 16 09:40:04 AM PST 2025] Push complete.
[Sun Nov 16 09:45:01 AM PST 2025] Starting auto-push...
From github.com:haunter-actual/haunter-actual.github.io
 * branch            main       -> FETCH_HEAD
error: cannot rebase: You have unstaged changes.
error: Please commit or stash them.
Already up to date.
[Sun Nov 16 09:45:02 AM PST 2025] Changes detected — committing...
[main 9abeb8d] Auto sync: 2025-11-16 09:45:02
 1 file changed, 13 insertions(+)
[Sun Nov 16 09:45:02 AM PST 2025] Pushing to GitHub...
To github.com:haunter-actual/haunter-actual.github.io.git
   23cc485..9abeb8d  main -> main
[Sun Nov 16 09:45:04 AM PST 2025] Push complete.
[Sun Nov 16 09:50:01 AM PST 2025] Starting auto-push...
From github.com:haunter-actual/haunter-actual.github.io
 * branch            main       -> FETCH_HEAD
error: cannot rebase: You have unstaged changes.
error: Please commit or stash them.
Already up to date.
[Sun Nov 16 09:50:02 AM PST 2025] Changes detected — committing...
[main 475748e] Auto sync: 2025-11-16 09:50:02
 1 file changed, 13 insertions(+)
[Sun Nov 16 09:50:02 AM PST 2025] Pushing to GitHub...
To github.com:haunter-actual/haunter-actual.github.io.git
   9abeb8d..475748e  main -> main
[Sun Nov 16 09:50:04 AM PST 2025] Push complete.
[Sun Nov 16 09:55:01 AM PST 2025] Starting auto-push...
From github.com:haunter-actual/haunter-actual.github.io
 * branch            main       -> FETCH_HEAD
error: cannot rebase: You have unstaged changes.
error: Please commit or stash them.
Already up to date.
[Sun Nov 16 09:55:02 AM PST 2025] Changes detected — committing...
[main 1d6b473] Auto sync: 2025-11-16 09:55:02
 1 file changed, 13 insertions(+)
[Sun Nov 16 09:55:02 AM PST 2025] Pushing to GitHub...
To github.com:haunter-actual/haunter-actual.github.io.git
   475748e..1d6b473  main -> main
[Sun Nov 16 09:55:03 AM PST 2025] Push complete.
[Sun Nov 16 10:00:01 AM PST 2025] Starting auto-push...
From github.com:haunter-actual/haunter-actual.github.io
 * branch            main       -> FETCH_HEAD
error: cannot rebase: You have unstaged changes.
error: Please commit or stash them.
Already up to date.
[Sun Nov 16 10:00:03 AM PST 2025] Changes detected — committing...
[main edd745c] Auto sync: 2025-11-16 10:00:03
 1 file changed, 13 insertions(+)
[Sun Nov 16 10:00:03 AM PST 2025] Pushing to GitHub...
To github.com:haunter-actual/haunter-actual.github.io.git
   1d6b473..edd745c  main -> main
[Sun Nov 16 10:00:04 AM PST 2025] Push complete.
[Sun Nov 16 10:05:01 AM PST 2025] Starting auto-push...
From github.com:haunter-actual/haunter-actual.github.io
 * branch            main       -> FETCH_HEAD
error: cannot rebase: You have unstaged changes.
error: Please commit or stash them.
Already up to date.
[Sun Nov 16 10:05:02 AM PST 2025] Changes detected — committing...
[main b5431c9] Auto sync: 2025-11-16 10:05:02
 1 file changed, 13 insertions(+)
[Sun Nov 16 10:05:02 AM PST 2025] Pushing to GitHub...
To github.com:haunter-actual/haunter-actual.github.io.git
   edd745c..b5431c9  main -> main
[Sun Nov 16 10:05:04 AM PST 2025] Push complete.
[Sun Nov 16 10:10:01 AM PST 2025] Starting auto-push...
From github.com:haunter-actual/haunter-actual.github.io
 * branch            main       -> FETCH_HEAD
error: cannot rebase: You have unstaged changes.
error: Please commit or stash them.
Already up to date.
[Sun Nov 16 10:10:03 AM PST 2025] Changes detected — committing...
[main 374a512] Auto sync: 2025-11-16 10:10:03
 1 file changed, 13 insertions(+)
[Sun Nov 16 10:10:03 AM PST 2025] Pushing to GitHub...
To github.com:haunter-actual/haunter-actual.github.io.git
   b5431c9..374a512  main -> main
[Sun Nov 16 10:10:04 AM PST 2025] Push complete.
[Sun Nov 16 10:15:01 AM PST 2025] Starting auto-push...
From github.com:haunter-actual/haunter-actual.github.io
 * branch            main       -> FETCH_HEAD
error: cannot rebase: You have unstaged changes.
error: Please commit or stash them.
Already up to date.
[Sun Nov 16 10:15:03 AM PST 2025] Changes detected — committing...
[main 14ae240] Auto sync: 2025-11-16 10:15:03
 1 file changed, 13 insertions(+)
[Sun Nov 16 10:15:03 AM PST 2025] Pushing to GitHub...
To github.com:haunter-actual/haunter-actual.github.io.git
   374a512..14ae240  main -> main
[Sun Nov 16 10:15:04 AM PST 2025] Push complete.
[Sun Nov 16 10:20:01 AM PST 2025] Starting auto-push...
From github.com:haunter-actual/haunter-actual.github.io
 * branch            main       -> FETCH_HEAD
error: cannot rebase: You have unstaged changes.
error: Please commit or stash them.
Already up to date.
[Sun Nov 16 10:20:02 AM PST 2025] Changes detected — committing...
[main 75b0b13] Auto sync: 2025-11-16 10:20:02
 1 file changed, 13 insertions(+)
[Sun Nov 16 10:20:02 AM PST 2025] Pushing to GitHub...
To github.com:haunter-actual/haunter-actual.github.io.git
   14ae240..75b0b13  main -> main
[Sun Nov 16 10:20:04 AM PST 2025] Push complete.
[Sun Nov 16 10:25:01 AM PST 2025] Starting auto-push...
From github.com:haunter-actual/haunter-actual.github.io
 * branch            main       -> FETCH_HEAD
error: cannot rebase: You have unstaged changes.
error: Please commit or stash them.
Already up to date.
[Sun Nov 16 10:25:02 AM PST 2025] Changes detected — committing...
[main 3ca8e43] Auto sync: 2025-11-16 10:25:02
 1 file changed, 13 insertions(+)
[Sun Nov 16 10:25:02 AM PST 2025] Pushing to GitHub...
To github.com:haunter-actual/haunter-actual.github.io.git
   75b0b13..3ca8e43  main -> main
[Sun Nov 16 10:25:04 AM PST 2025] Push complete.
[Sun Nov 16 10:30:01 AM PST 2025] Starting auto-push...
From github.com:haunter-actual/haunter-actual.github.io
 * branch            main       -> FETCH_HEAD
error: cannot rebase: You have unstaged changes.
error: Please commit or stash them.
Already up to date.
[Sun Nov 16 10:30:02 AM PST 2025] Changes detected — committing...
[main 24ea59b] Auto sync: 2025-11-16 10:30:02
 1 file changed, 13 insertions(+)
[Sun Nov 16 10:30:02 AM PST 2025] Pushing to GitHub...
To github.com:haunter-actual/haunter-actual.github.io.git
   3ca8e43..24ea59b  main -> main
[Sun Nov 16 10:30:04 AM PST 2025] Push complete.
[Sun Nov 16 10:35:01 AM PST 2025] Starting auto-push...
From github.com:haunter-actual/haunter-actual.github.io
 * branch            main       -> FETCH_HEAD
error: cannot rebase: You have unstaged changes.
error: Please commit or stash them.
Already up to date.
[Sun Nov 16 10:35:02 AM PST 2025] Changes detected — committing...
[main d44fb86] Auto sync: 2025-11-16 10:35:02
 1 file changed, 13 insertions(+)
[Sun Nov 16 10:35:02 AM PST 2025] Pushing to GitHub...
To github.com:haunter-actual/haunter-actual.github.io.git
   24ea59b..d44fb86  main -> main
[Sun Nov 16 10:35:04 AM PST 2025] Push complete.
[Sun Nov 16 10:40:01 AM PST 2025] Starting auto-push...
From github.com:haunter-actual/haunter-actual.github.io
 * branch            main       -> FETCH_HEAD
error: cannot rebase: You have unstaged changes.
error: Please commit or stash them.
Already up to date.
[Sun Nov 16 10:40:03 AM PST 2025] Changes detected — committing...
[main 0d3685c] Auto sync: 2025-11-16 10:40:03
 1 file changed, 13 insertions(+)
[Sun Nov 16 10:40:03 AM PST 2025] Pushing to GitHub...
To github.com:haunter-actual/haunter-actual.github.io.git
   d44fb86..0d3685c  main -> main
[Sun Nov 16 10:40:04 AM PST 2025] Push complete.
[Sun Nov 16 10:45:01 AM PST 2025] Starting auto-push...
From github.com:haunter-actual/haunter-actual.github.io
 * branch            main       -> FETCH_HEAD
error: cannot rebase: You have unstaged changes.
error: Please commit or stash them.
Already up to date.
[Sun Nov 16 10:45:03 AM PST 2025] Changes detected — committing...
[main 89a18a9] Auto sync: 2025-11-16 10:45:03
 1 file changed, 13 insertions(+)
[Sun Nov 16 10:45:03 AM PST 2025] Pushing to GitHub...
To github.com:haunter-actual/haunter-actual.github.io.git
   0d3685c..89a18a9  main -> main
[Sun Nov 16 10:45:04 AM PST 2025] Push complete.
[Sun Nov 16 10:50:01 AM PST 2025] Starting auto-push...
From github.com:haunter-actual/haunter-actual.github.io
 * branch            main       -> FETCH_HEAD
error: cannot rebase: You have unstaged changes.
error: Please commit or stash them.
Already up to date.
[Sun Nov 16 10:50:03 AM PST 2025] Changes detected — committing...
[main c7aedda] Auto sync: 2025-11-16 10:50:03
 1 file changed, 13 insertions(+)
[Sun Nov 16 10:50:03 AM PST 2025] Pushing to GitHub...
To github.com:haunter-actual/haunter-actual.github.io.git
   89a18a9..c7aedda  main -> main
[Sun Nov 16 10:50:04 AM PST 2025] Push complete.
[Sun Nov 16 10:55:01 AM PST 2025] Starting auto-push...
From github.com:haunter-actual/haunter-actual.github.io
 * branch            main       -> FETCH_HEAD
error: cannot rebase: You have unstaged changes.
error: Please commit or stash them.
Already up to date.
[Sun Nov 16 10:55:03 AM PST 2025] Changes detected — committing...
[main 7d21683] Auto sync: 2025-11-16 10:55:03
 1 file changed, 13 insertions(+)
[Sun Nov 16 10:55:03 AM PST 2025] Pushing to GitHub...
To github.com:haunter-actual/haunter-actual.github.io.git
   c7aedda..7d21683  main -> main
[Sun Nov 16 10:55:04 AM PST 2025] Push complete.
[Sun Nov 16 11:00:01 AM PST 2025] Starting auto-push...
From github.com:haunter-actual/haunter-actual.github.io
 * branch            main       -> FETCH_HEAD
error: cannot rebase: You have unstaged changes.
error: Please commit or stash them.
Already up to date.
[Sun Nov 16 11:00:03 AM PST 2025] Changes detected — committing...
[main c89696b] Auto sync: 2025-11-16 11:00:03
 1 file changed, 13 insertions(+)
[Sun Nov 16 11:00:03 AM PST 2025] Pushing to GitHub...
To github.com:haunter-actual/haunter-actual.github.io.git
   7d21683..c89696b  main -> main
[Sun Nov 16 11:00:04 AM PST 2025] Push complete.
[Sun Nov 16 11:05:01 AM PST 2025] Starting auto-push...
From github.com:haunter-actual/haunter-actual.github.io
 * branch            main       -> FETCH_HEAD
error: cannot rebase: You have unstaged changes.
error: Please commit or stash them.
Already up to date.
[Sun Nov 16 11:05:02 AM PST 2025] Changes detected — committing...
[main 8cb8258] Auto sync: 2025-11-16 11:05:02
 1 file changed, 13 insertions(+)
[Sun Nov 16 11:05:02 AM PST 2025] Pushing to GitHub...
To github.com:haunter-actual/haunter-actual.github.io.git
   c89696b..8cb8258  main -> main
[Sun Nov 16 11:05:04 AM PST 2025] Push complete.
[Sun Nov 16 11:10:01 AM PST 2025] Starting auto-push...
From github.com:haunter-actual/haunter-actual.github.io
 * branch            main       -> FETCH_HEAD
error: cannot rebase: You have unstaged changes.
error: Please commit or stash them.
Already up to date.
[Sun Nov 16 11:10:02 AM PST 2025] Changes detected — committing...
[main 2cc376c] Auto sync: 2025-11-16 11:10:02
 1 file changed, 13 insertions(+)
[Sun Nov 16 11:10:02 AM PST 2025] Pushing to GitHub...
To github.com:haunter-actual/haunter-actual.github.io.git
   8cb8258..2cc376c  main -> main
[Sun Nov 16 11:10:03 AM PST 2025] Push complete.
[Sun Nov 16 11:15:01 AM PST 2025] Starting auto-push...
From github.com:haunter-actual/haunter-actual.github.io
 * branch            main       -> FETCH_HEAD
error: cannot rebase: You have unstaged changes.
error: Please commit or stash them.
Already up to date.
[Sun Nov 16 11:15:02 AM PST 2025] Changes detected — committing...
[main a877720] Auto sync: 2025-11-16 11:15:02
 1 file changed, 13 insertions(+)
[Sun Nov 16 11:15:02 AM PST 2025] Pushing to GitHub...
To github.com:haunter-actual/haunter-actual.github.io.git
   2cc376c..a877720  main -> main
[Sun Nov 16 11:15:04 AM PST 2025] Push complete.
[Sun Nov 16 11:20:01 AM PST 2025] Starting auto-push...
From github.com:haunter-actual/haunter-actual.github.io
 * branch            main       -> FETCH_HEAD
error: cannot rebase: You have unstaged changes.
error: Please commit or stash them.
Already up to date.
[Sun Nov 16 11:20:03 AM PST 2025] Changes detected — committing...
[main 82973aa] Auto sync: 2025-11-16 11:20:03
 1 file changed, 13 insertions(+)
[Sun Nov 16 11:20:03 AM PST 2025] Pushing to GitHub...
To github.com:haunter-actual/haunter-actual.github.io.git
   a877720..82973aa  main -> main
[Sun Nov 16 11:20:04 AM PST 2025] Push complete.
[Sun Nov 16 11:25:01 AM PST 2025] Starting auto-push...
From github.com:haunter-actual/haunter-actual.github.io
 * branch            main       -> FETCH_HEAD
error: cannot rebase: You have unstaged changes.
error: Please commit or stash them.
Already up to date.
[Sun Nov 16 11:25:02 AM PST 2025] Changes detected — committing...
[main e16a458] Auto sync: 2025-11-16 11:25:02
 1 file changed, 13 insertions(+)
[Sun Nov 16 11:25:02 AM PST 2025] Pushing to GitHub...
To github.com:haunter-actual/haunter-actual.github.io.git
   82973aa..e16a458  main -> main
[Sun Nov 16 11:25:04 AM PST 2025] Push complete.
[Sun Nov 16 11:30:01 AM PST 2025] Starting auto-push...
From github.com:haunter-actual/haunter-actual.github.io
 * branch            main       -> FETCH_HEAD
error: cannot rebase: You have unstaged changes.
error: Please commit or stash them.
Already up to date.
[Sun Nov 16 11:30:03 AM PST 2025] Changes detected — committing...
[main 523917d] Auto sync: 2025-11-16 11:30:03
 1 file changed, 13 insertions(+)
[Sun Nov 16 11:30:03 AM PST 2025] Pushing to GitHub...
To github.com:haunter-actual/haunter-actual.github.io.git
   e16a458..523917d  main -> main
[Sun Nov 16 11:30:04 AM PST 2025] Push complete.
[Sun Nov 16 11:35:01 AM PST 2025] Starting auto-push...
From github.com:haunter-actual/haunter-actual.github.io
 * branch            main       -> FETCH_HEAD
error: cannot rebase: You have unstaged changes.
error: Please commit or stash them.
Already up to date.
[Sun Nov 16 11:35:02 AM PST 2025] Changes detected — committing...
[main 70a57c3] Auto sync: 2025-11-16 11:35:02
 1 file changed, 13 insertions(+)
[Sun Nov 16 11:35:02 AM PST 2025] Pushing to GitHub...
To github.com:haunter-actual/haunter-actual.github.io.git
   523917d..70a57c3  main -> main
[Sun Nov 16 11:35:03 AM PST 2025] Push complete.
[Sun Nov 16 11:40:01 AM PST 2025] Starting auto-push...
From github.com:haunter-actual/haunter-actual.github.io
 * branch            main       -> FETCH_HEAD
error: cannot rebase: You have unstaged changes.
error: Please commit or stash them.
Already up to date.
[Sun Nov 16 11:40:03 AM PST 2025] Changes detected — committing...
[main efb21f1] Auto sync: 2025-11-16 11:40:03
 1 file changed, 13 insertions(+)
[Sun Nov 16 11:40:03 AM PST 2025] Pushing to GitHub...
To github.com:haunter-actual/haunter-actual.github.io.git
   70a57c3..efb21f1  main -> main
[Sun Nov 16 11:40:05 AM PST 2025] Push complete.
[Sun Nov 16 11:45:01 AM PST 2025] Starting auto-push...
From github.com:haunter-actual/haunter-actual.github.io
 * branch            main       -> FETCH_HEAD
error: cannot rebase: You have unstaged changes.
error: Please commit or stash them.
Already up to date.
[Sun Nov 16 11:45:03 AM PST 2025] Changes detected — committing...
[main 2c83243] Auto sync: 2025-11-16 11:45:03
 1 file changed, 13 insertions(+)
[Sun Nov 16 11:45:03 AM PST 2025] Pushing to GitHub...
To github.com:haunter-actual/haunter-actual.github.io.git
   efb21f1..2c83243  main -> main
[Sun Nov 16 11:45:04 AM PST 2025] Push complete.
[Sun Nov 16 11:50:01 AM PST 2025] Starting auto-push...
From github.com:haunter-actual/haunter-actual.github.io
 * branch            main       -> FETCH_HEAD
error: cannot rebase: You have unstaged changes.
error: Please commit or stash them.
Already up to date.
[Sun Nov 16 11:50:03 AM PST 2025] Changes detected — committing...
[main e754444] Auto sync: 2025-11-16 11:50:03
 1 file changed, 13 insertions(+)
[Sun Nov 16 11:50:03 AM PST 2025] Pushing to GitHub...
To github.com:haunter-actual/haunter-actual.github.io.git
   2c83243..e754444  main -> main
[Sun Nov 16 11:50:04 AM PST 2025] Push complete.
[Sun Nov 16 11:55:01 AM PST 2025] Starting auto-push...
From github.com:haunter-actual/haunter-actual.github.io
 * branch            main       -> FETCH_HEAD
error: cannot rebase: You have unstaged changes.
error: Please commit or stash them.
Already up to date.
[Sun Nov 16 11:55:03 AM PST 2025] Changes detected — committing...
[main 806e6b7] Auto sync: 2025-11-16 11:55:03
 1 file changed, 13 insertions(+)
[Sun Nov 16 11:55:03 AM PST 2025] Pushing to GitHub...
To github.com:haunter-actual/haunter-actual.github.io.git
   e754444..806e6b7  main -> main
[Sun Nov 16 11:55:04 AM PST 2025] Push complete.
[Sun Nov 16 12:00:01 PM PST 2025] Starting auto-push...
From github.com:haunter-actual/haunter-actual.github.io
 * branch            main       -> FETCH_HEAD
error: cannot rebase: You have unstaged changes.
error: Please commit or stash them.
Already up to date.
[Sun Nov 16 12:00:03 PM PST 2025] Changes detected — committing...
[main 1a772b3] Auto sync: 2025-11-16 12:00:03
 1 file changed, 13 insertions(+)
[Sun Nov 16 12:00:03 PM PST 2025] Pushing to GitHub...
To github.com:haunter-actual/haunter-actual.github.io.git
   806e6b7..1a772b3  main -> main
[Sun Nov 16 12:00:05 PM PST 2025] Push complete.
[Sun Nov 16 12:05:01 PM PST 2025] Starting auto-push...
From github.com:haunter-actual/haunter-actual.github.io
 * branch            main       -> FETCH_HEAD
error: cannot rebase: You have unstaged changes.
error: Please commit or stash them.
Already up to date.
[Sun Nov 16 12:05:03 PM PST 2025] Changes detected — committing...
[main c69be9d] Auto sync: 2025-11-16 12:05:03
 1 file changed, 13 insertions(+)
[Sun Nov 16 12:05:03 PM PST 2025] Pushing to GitHub...
To github.com:haunter-actual/haunter-actual.github.io.git
   1a772b3..c69be9d  main -> main
[Sun Nov 16 12:05:04 PM PST 2025] Push complete.
[Sun Nov 16 12:10:01 PM PST 2025] Starting auto-push...
From github.com:haunter-actual/haunter-actual.github.io
 * branch            main       -> FETCH_HEAD
error: cannot rebase: You have unstaged changes.
error: Please commit or stash them.
Already up to date.
[Sun Nov 16 12:10:02 PM PST 2025] Changes detected — committing...
[main 4ce4e4e] Auto sync: 2025-11-16 12:10:02
 1 file changed, 13 insertions(+)
[Sun Nov 16 12:10:02 PM PST 2025] Pushing to GitHub...
To github.com:haunter-actual/haunter-actual.github.io.git
   c69be9d..4ce4e4e  main -> main
[Sun Nov 16 12:10:03 PM PST 2025] Push complete.
[Sun Nov 16 12:15:01 PM PST 2025] Starting auto-push...
From github.com:haunter-actual/haunter-actual.github.io
 * branch            main       -> FETCH_HEAD
error: cannot rebase: You have unstaged changes.
error: Please commit or stash them.
Already up to date.
[Sun Nov 16 12:15:03 PM PST 2025] Changes detected — committing...
[main ce2554b] Auto sync: 2025-11-16 12:15:03
 1 file changed, 13 insertions(+)
[Sun Nov 16 12:15:03 PM PST 2025] Pushing to GitHub...
To github.com:haunter-actual/haunter-actual.github.io.git
   4ce4e4e..ce2554b  main -> main
[Sun Nov 16 12:15:04 PM PST 2025] Push complete.
[Sun Nov 16 12:20:01 PM PST 2025] Starting auto-push...
From github.com:haunter-actual/haunter-actual.github.io
 * branch            main       -> FETCH_HEAD
error: cannot rebase: You have unstaged changes.
error: Please commit or stash them.
Already up to date.
[Sun Nov 16 12:20:03 PM PST 2025] Changes detected — committing...
[main 81644e3] Auto sync: 2025-11-16 12:20:03
 1 file changed, 13 insertions(+)
[Sun Nov 16 12:20:03 PM PST 2025] Pushing to GitHub...
To github.com:haunter-actual/haunter-actual.github.io.git
   ce2554b..81644e3  main -> main
[Sun Nov 16 12:20:04 PM PST 2025] Push complete.
[Sun Nov 16 12:25:01 PM PST 2025] Starting auto-push...
From github.com:haunter-actual/haunter-actual.github.io
 * branch            main       -> FETCH_HEAD
error: cannot rebase: You have unstaged changes.
error: Please commit or stash them.
Already up to date.
[Sun Nov 16 12:25:03 PM PST 2025] Changes detected — committing...
[main 02032d5] Auto sync: 2025-11-16 12:25:03
 1 file changed, 13 insertions(+)
[Sun Nov 16 12:25:03 PM PST 2025] Pushing to GitHub...
To github.com:haunter-actual/haunter-actual.github.io.git
   81644e3..02032d5  main -> main
[Sun Nov 16 12:25:04 PM PST 2025] Push complete.
[Sun Nov 16 12:30:01 PM PST 2025] Starting auto-push...
From github.com:haunter-actual/haunter-actual.github.io
 * branch            main       -> FETCH_HEAD
error: cannot rebase: You have unstaged changes.
error: Please commit or stash them.
Already up to date.
[Sun Nov 16 12:30:03 PM PST 2025] Changes detected — committing...
[main ce4cd1a] Auto sync: 2025-11-16 12:30:03
 1 file changed, 13 insertions(+)
[Sun Nov 16 12:30:03 PM PST 2025] Pushing to GitHub...
To github.com:haunter-actual/haunter-actual.github.io.git
   02032d5..ce4cd1a  main -> main
[Sun Nov 16 12:30:04 PM PST 2025] Push complete.
[Sun Nov 16 12:35:01 PM PST 2025] Starting auto-push...
From github.com:haunter-actual/haunter-actual.github.io
 * branch            main       -> FETCH_HEAD
error: cannot rebase: You have unstaged changes.
error: Please commit or stash them.
Already up to date.
[Sun Nov 16 12:35:03 PM PST 2025] Changes detected — committing...
[main ffce7d3] Auto sync: 2025-11-16 12:35:03
 1 file changed, 13 insertions(+)
[Sun Nov 16 12:35:03 PM PST 2025] Pushing to GitHub...
To github.com:haunter-actual/haunter-actual.github.io.git
   ce4cd1a..ffce7d3  main -> main
[Sun Nov 16 12:35:04 PM PST 2025] Push complete.
[Sun Nov 16 12:40:01 PM PST 2025] Starting auto-push...
From github.com:haunter-actual/haunter-actual.github.io
 * branch            main       -> FETCH_HEAD
error: cannot rebase: You have unstaged changes.
error: Please commit or stash them.
Already up to date.
[Sun Nov 16 12:40:03 PM PST 2025] Changes detected — committing...
[main b0eff18] Auto sync: 2025-11-16 12:40:03
 1 file changed, 13 insertions(+)
[Sun Nov 16 12:40:03 PM PST 2025] Pushing to GitHub...
To github.com:haunter-actual/haunter-actual.github.io.git
   ffce7d3..b0eff18  main -> main
[Sun Nov 16 12:40:05 PM PST 2025] Push complete.
[Sun Nov 16 12:45:01 PM PST 2025] Starting auto-push...
From github.com:haunter-actual/haunter-actual.github.io
 * branch            main       -> FETCH_HEAD
error: cannot rebase: You have unstaged changes.
error: Please commit or stash them.
Already up to date.
[Sun Nov 16 12:45:03 PM PST 2025] Changes detected — committing...
[main 98fddfa] Auto sync: 2025-11-16 12:45:03
 1 file changed, 13 insertions(+)
[Sun Nov 16 12:45:03 PM PST 2025] Pushing to GitHub...
To github.com:haunter-actual/haunter-actual.github.io.git
   b0eff18..98fddfa  main -> main
[Sun Nov 16 12:45:04 PM PST 2025] Push complete.
[Sun Nov 16 12:50:01 PM PST 2025] Starting auto-push...
From github.com:haunter-actual/haunter-actual.github.io
 * branch            main       -> FETCH_HEAD
error: cannot rebase: You have unstaged changes.
error: Please commit or stash them.
Already up to date.
[Sun Nov 16 12:50:03 PM PST 2025] Changes detected — committing...
[main b28a4ba] Auto sync: 2025-11-16 12:50:03
 1 file changed, 13 insertions(+)
[Sun Nov 16 12:50:03 PM PST 2025] Pushing to GitHub...
To github.com:haunter-actual/haunter-actual.github.io.git
   98fddfa..b28a4ba  main -> main
[Sun Nov 16 12:50:04 PM PST 2025] Push complete.
[Sun Nov 16 12:55:01 PM PST 2025] Starting auto-push...
From github.com:haunter-actual/haunter-actual.github.io
 * branch            main       -> FETCH_HEAD
error: cannot rebase: You have unstaged changes.
error: Please commit or stash them.
Already up to date.
[Sun Nov 16 12:55:03 PM PST 2025] Changes detected — committing...
[main 134b7b6] Auto sync: 2025-11-16 12:55:03
 1 file changed, 13 insertions(+)
[Sun Nov 16 12:55:03 PM PST 2025] Pushing to GitHub...
To github.com:haunter-actual/haunter-actual.github.io.git
   b28a4ba..134b7b6  main -> main
[Sun Nov 16 12:55:04 PM PST 2025] Push complete.
[Sun Nov 16 01:00:01 PM PST 2025] Starting auto-push...
From github.com:haunter-actual/haunter-actual.github.io
 * branch            main       -> FETCH_HEAD
error: cannot rebase: You have unstaged changes.
error: Please commit or stash them.
Already up to date.
[Sun Nov 16 01:00:02 PM PST 2025] Changes detected — committing...
[main 4b25f32] Auto sync: 2025-11-16 13:00:02
 1 file changed, 13 insertions(+)
[Sun Nov 16 01:00:02 PM PST 2025] Pushing to GitHub...
To github.com:haunter-actual/haunter-actual.github.io.git
   134b7b6..4b25f32  main -> main
[Sun Nov 16 01:00:04 PM PST 2025] Push complete.
[Sun Nov 16 01:05:01 PM PST 2025] Starting auto-push...
From github.com:haunter-actual/haunter-actual.github.io
 * branch            main       -> FETCH_HEAD
error: cannot rebase: You have unstaged changes.
error: Please commit or stash them.
Already up to date.
[Sun Nov 16 01:05:03 PM PST 2025] Changes detected — committing...
[main c4e75d2] Auto sync: 2025-11-16 13:05:03
 1 file changed, 13 insertions(+)
[Sun Nov 16 01:05:03 PM PST 2025] Pushing to GitHub...
To github.com:haunter-actual/haunter-actual.github.io.git
   4b25f32..c4e75d2  main -> main
[Sun Nov 16 01:05:04 PM PST 2025] Push complete.
[Sun Nov 16 01:10:01 PM PST 2025] Starting auto-push...
From github.com:haunter-actual/haunter-actual.github.io
 * branch            main       -> FETCH_HEAD
error: cannot rebase: You have unstaged changes.
error: Please commit or stash them.
Already up to date.
[Sun Nov 16 01:10:02 PM PST 2025] Changes detected — committing...
[main e5a1b94] Auto sync: 2025-11-16 13:10:02
 1 file changed, 13 insertions(+)
[Sun Nov 16 01:10:02 PM PST 2025] Pushing to GitHub...
To github.com:haunter-actual/haunter-actual.github.io.git
   c4e75d2..e5a1b94  main -> main
[Sun Nov 16 01:10:04 PM PST 2025] Push complete.
[Sun Nov 16 01:15:01 PM PST 2025] Starting auto-push...
From github.com:haunter-actual/haunter-actual.github.io
 * branch            main       -> FETCH_HEAD
error: cannot rebase: You have unstaged changes.
error: Please commit or stash them.
Already up to date.
[Sun Nov 16 01:15:02 PM PST 2025] Changes detected — committing...
[main cb335a2] Auto sync: 2025-11-16 13:15:02
 1 file changed, 13 insertions(+)
[Sun Nov 16 01:15:02 PM PST 2025] Pushing to GitHub...
To github.com:haunter-actual/haunter-actual.github.io.git
   e5a1b94..cb335a2  main -> main
[Sun Nov 16 01:15:04 PM PST 2025] Push complete.
[Sun Nov 16 01:20:01 PM PST 2025] Starting auto-push...
From github.com:haunter-actual/haunter-actual.github.io
 * branch            main       -> FETCH_HEAD
error: cannot rebase: You have unstaged changes.
error: Please commit or stash them.
Already up to date.
[Sun Nov 16 01:20:02 PM PST 2025] Changes detected — committing...
[main e98cc6a] Auto sync: 2025-11-16 13:20:02
 1 file changed, 13 insertions(+)
[Sun Nov 16 01:20:02 PM PST 2025] Pushing to GitHub...
To github.com:haunter-actual/haunter-actual.github.io.git
   cb335a2..e98cc6a  main -> main
[Sun Nov 16 01:20:03 PM PST 2025] Push complete.
[Sun Nov 16 01:25:01 PM PST 2025] Starting auto-push...
From github.com:haunter-actual/haunter-actual.github.io
 * branch            main       -> FETCH_HEAD
error: cannot rebase: You have unstaged changes.
error: Please commit or stash them.
Already up to date.
[Sun Nov 16 01:25:03 PM PST 2025] Changes detected — committing...
[main e81d83b] Auto sync: 2025-11-16 13:25:03
 1 file changed, 13 insertions(+)
[Sun Nov 16 01:25:03 PM PST 2025] Pushing to GitHub...
To github.com:haunter-actual/haunter-actual.github.io.git
   e98cc6a..e81d83b  main -> main
[Sun Nov 16 01:25:04 PM PST 2025] Push complete.
[Sun Nov 16 01:30:01 PM PST 2025] Starting auto-push...
From github.com:haunter-actual/haunter-actual.github.io
 * branch            main       -> FETCH_HEAD
error: cannot rebase: You have unstaged changes.
error: Please commit or stash them.
Already up to date.
[Sun Nov 16 01:30:03 PM PST 2025] Changes detected — committing...
[main c532067] Auto sync: 2025-11-16 13:30:03
 1 file changed, 13 insertions(+)
[Sun Nov 16 01:30:03 PM PST 2025] Pushing to GitHub...
To github.com:haunter-actual/haunter-actual.github.io.git
   e81d83b..c532067  main -> main
[Sun Nov 16 01:30:05 PM PST 2025] Push complete.
[Sun Nov 16 01:35:01 PM PST 2025] Starting auto-push...
From github.com:haunter-actual/haunter-actual.github.io
 * branch            main       -> FETCH_HEAD
error: cannot rebase: You have unstaged changes.
error: Please commit or stash them.
Already up to date.
[Sun Nov 16 01:35:02 PM PST 2025] Changes detected — committing...
[main 8c8d228] Auto sync: 2025-11-16 13:35:02
 1 file changed, 13 insertions(+)
[Sun Nov 16 01:35:02 PM PST 2025] Pushing to GitHub...
To github.com:haunter-actual/haunter-actual.github.io.git
   c532067..8c8d228  main -> main
[Sun Nov 16 01:35:04 PM PST 2025] Push complete.
[Sun Nov 16 01:40:01 PM PST 2025] Starting auto-push...
From github.com:haunter-actual/haunter-actual.github.io
 * branch            main       -> FETCH_HEAD
error: cannot rebase: You have unstaged changes.
error: Please commit or stash them.
Already up to date.
[Sun Nov 16 01:40:02 PM PST 2025] Changes detected — committing...
[main 06a99b5] Auto sync: 2025-11-16 13:40:02
 1 file changed, 13 insertions(+)
[Sun Nov 16 01:40:02 PM PST 2025] Pushing to GitHub...
To github.com:haunter-actual/haunter-actual.github.io.git
   8c8d228..06a99b5  main -> main
[Sun Nov 16 01:40:04 PM PST 2025] Push complete.
[Sun Nov 16 01:45:01 PM PST 2025] Starting auto-push...
From github.com:haunter-actual/haunter-actual.github.io
 * branch            main       -> FETCH_HEAD
error: cannot rebase: You have unstaged changes.
error: Please commit or stash them.
Already up to date.
[Sun Nov 16 01:45:02 PM PST 2025] Changes detected — committing...
[main 9f40b5b] Auto sync: 2025-11-16 13:45:02
 1 file changed, 13 insertions(+)
[Sun Nov 16 01:45:02 PM PST 2025] Pushing to GitHub...
To github.com:haunter-actual/haunter-actual.github.io.git
   06a99b5..9f40b5b  main -> main
[Sun Nov 16 01:45:04 PM PST 2025] Push complete.
[Sun Nov 16 01:50:01 PM PST 2025] Starting auto-push...
From github.com:haunter-actual/haunter-actual.github.io
 * branch            main       -> FETCH_HEAD
error: cannot rebase: You have unstaged changes.
error: Please commit or stash them.
Already up to date.
[Sun Nov 16 01:50:02 PM PST 2025] Changes detected — committing...
[main a1e1f12] Auto sync: 2025-11-16 13:50:02
 1 file changed, 13 insertions(+)
[Sun Nov 16 01:50:02 PM PST 2025] Pushing to GitHub...
To github.com:haunter-actual/haunter-actual.github.io.git
   9f40b5b..a1e1f12  main -> main
[Sun Nov 16 01:50:04 PM PST 2025] Push complete.
[Sun Nov 16 01:55:01 PM PST 2025] Starting auto-push...
From github.com:haunter-actual/haunter-actual.github.io
 * branch            main       -> FETCH_HEAD
error: cannot rebase: You have unstaged changes.
error: Please commit or stash them.
Already up to date.
[Sun Nov 16 01:55:03 PM PST 2025] Changes detected — committing...
[main 6402563] Auto sync: 2025-11-16 13:55:03
 1 file changed, 13 insertions(+)
[Sun Nov 16 01:55:03 PM PST 2025] Pushing to GitHub...
To github.com:haunter-actual/haunter-actual.github.io.git
   a1e1f12..6402563  main -> main
[Sun Nov 16 01:55:04 PM PST 2025] Push complete.
[Sun Nov 16 02:00:01 PM PST 2025] Starting auto-push...
From github.com:haunter-actual/haunter-actual.github.io
 * branch            main       -> FETCH_HEAD
error: cannot rebase: You have unstaged changes.
error: Please commit or stash them.
Already up to date.
[Sun Nov 16 02:00:03 PM PST 2025] Changes detected — committing...
[main 2aaab78] Auto sync: 2025-11-16 14:00:03
 1 file changed, 13 insertions(+)
[Sun Nov 16 02:00:03 PM PST 2025] Pushing to GitHub...
To github.com:haunter-actual/haunter-actual.github.io.git
   6402563..2aaab78  main -> main
[Sun Nov 16 02:00:04 PM PST 2025] Push complete.
[Sun Nov 16 02:05:01 PM PST 2025] Starting auto-push...
From github.com:haunter-actual/haunter-actual.github.io
 * branch            main       -> FETCH_HEAD
error: cannot rebase: You have unstaged changes.
error: Please commit or stash them.
Already up to date.
[Sun Nov 16 02:05:03 PM PST 2025] Changes detected — committing...
[main a508a4c] Auto sync: 2025-11-16 14:05:03
 1 file changed, 13 insertions(+)
[Sun Nov 16 02:05:03 PM PST 2025] Pushing to GitHub...
To github.com:haunter-actual/haunter-actual.github.io.git
   2aaab78..a508a4c  main -> main
[Sun Nov 16 02:05:04 PM PST 2025] Push complete.
[Sun Nov 16 02:10:01 PM PST 2025] Starting auto-push...
From github.com:haunter-actual/haunter-actual.github.io
 * branch            main       -> FETCH_HEAD
error: cannot rebase: You have unstaged changes.
error: Please commit or stash them.
Already up to date.
[Sun Nov 16 02:10:02 PM PST 2025] Changes detected — committing...
[main a30549d] Auto sync: 2025-11-16 14:10:02
 1 file changed, 13 insertions(+)
[Sun Nov 16 02:10:02 PM PST 2025] Pushing to GitHub...
To github.com:haunter-actual/haunter-actual.github.io.git
   a508a4c..a30549d  main -> main
[Sun Nov 16 02:10:03 PM PST 2025] Push complete.
[Sun Nov 16 02:15:01 PM PST 2025] Starting auto-push...
From github.com:haunter-actual/haunter-actual.github.io
 * branch            main       -> FETCH_HEAD
error: cannot rebase: You have unstaged changes.
error: Please commit or stash them.
Already up to date.
[Sun Nov 16 02:15:03 PM PST 2025] Changes detected — committing...
[main e5e30c4] Auto sync: 2025-11-16 14:15:03
 1 file changed, 13 insertions(+)
[Sun Nov 16 02:15:03 PM PST 2025] Pushing to GitHub...
To github.com:haunter-actual/haunter-actual.github.io.git
   a30549d..e5e30c4  main -> main
[Sun Nov 16 02:15:04 PM PST 2025] Push complete.
[Sun Nov 16 02:20:01 PM PST 2025] Starting auto-push...
From github.com:haunter-actual/haunter-actual.github.io
 * branch            main       -> FETCH_HEAD
error: cannot rebase: You have unstaged changes.
error: Please commit or stash them.
Already up to date.
[Sun Nov 16 02:20:03 PM PST 2025] Changes detected — committing...
[main 6b66eb3] Auto sync: 2025-11-16 14:20:03
 1 file changed, 13 insertions(+)
[Sun Nov 16 02:20:03 PM PST 2025] Pushing to GitHub...
To github.com:haunter-actual/haunter-actual.github.io.git
   e5e30c4..6b66eb3  main -> main
[Sun Nov 16 02:20:04 PM PST 2025] Push complete.
[Sun Nov 16 02:25:01 PM PST 2025] Starting auto-push...
From github.com:haunter-actual/haunter-actual.github.io
 * branch            main       -> FETCH_HEAD
error: cannot rebase: You have unstaged changes.
error: Please commit or stash them.
Already up to date.
[Sun Nov 16 02:25:03 PM PST 2025] Changes detected — committing...
[main d90edab] Auto sync: 2025-11-16 14:25:03
 1 file changed, 13 insertions(+)
[Sun Nov 16 02:25:03 PM PST 2025] Pushing to GitHub...
To github.com:haunter-actual/haunter-actual.github.io.git
   6b66eb3..d90edab  main -> main
[Sun Nov 16 02:25:04 PM PST 2025] Push complete.
[Sun Nov 16 02:30:01 PM PST 2025] Starting auto-push...
From github.com:haunter-actual/haunter-actual.github.io
 * branch            main       -> FETCH_HEAD
error: cannot rebase: You have unstaged changes.
error: Please commit or stash them.
Already up to date.
[Sun Nov 16 02:30:03 PM PST 2025] Changes detected — committing...
[main 2b47b16] Auto sync: 2025-11-16 14:30:03
 1 file changed, 13 insertions(+)
[Sun Nov 16 02:30:03 PM PST 2025] Pushing to GitHub...
To github.com:haunter-actual/haunter-actual.github.io.git
   d90edab..2b47b16  main -> main
[Sun Nov 16 02:30:04 PM PST 2025] Push complete.
[Sun Nov 16 02:35:01 PM PST 2025] Starting auto-push...
From github.com:haunter-actual/haunter-actual.github.io
 * branch            main       -> FETCH_HEAD
error: cannot rebase: You have unstaged changes.
error: Please commit or stash them.
Already up to date.
[Sun Nov 16 02:35:03 PM PST 2025] Changes detected — committing...
[main f68548a] Auto sync: 2025-11-16 14:35:03
 1 file changed, 13 insertions(+)
[Sun Nov 16 02:35:03 PM PST 2025] Pushing to GitHub...
To github.com:haunter-actual/haunter-actual.github.io.git
   2b47b16..f68548a  main -> main
[Sun Nov 16 02:35:04 PM PST 2025] Push complete.
[Sun Nov 16 02:40:01 PM PST 2025] Starting auto-push...
From github.com:haunter-actual/haunter-actual.github.io
 * branch            main       -> FETCH_HEAD
error: cannot rebase: You have unstaged changes.
error: Please commit or stash them.
Already up to date.
[Sun Nov 16 02:40:03 PM PST 2025] Changes detected — committing...
[main 029649b] Auto sync: 2025-11-16 14:40:03
 1 file changed, 13 insertions(+)
[Sun Nov 16 02:40:03 PM PST 2025] Pushing to GitHub...
To github.com:haunter-actual/haunter-actual.github.io.git
   f68548a..029649b  main -> main
[Sun Nov 16 02:40:04 PM PST 2025] Push complete.
[Sun Nov 16 02:45:01 PM PST 2025] Starting auto-push...
From github.com:haunter-actual/haunter-actual.github.io
 * branch            main       -> FETCH_HEAD
error: cannot rebase: You have unstaged changes.
error: Please commit or stash them.
Already up to date.
[Sun Nov 16 02:45:02 PM PST 2025] Changes detected — committing...
[main 5645ddd] Auto sync: 2025-11-16 14:45:02
 1 file changed, 13 insertions(+)
[Sun Nov 16 02:45:02 PM PST 2025] Pushing to GitHub...
To github.com:haunter-actual/haunter-actual.github.io.git
   029649b..5645ddd  main -> main
[Sun Nov 16 02:45:04 PM PST 2025] Push complete.
[Sun Nov 16 02:50:01 PM PST 2025] Starting auto-push...
From github.com:haunter-actual/haunter-actual.github.io
 * branch            main       -> FETCH_HEAD
error: cannot rebase: You have unstaged changes.
error: Please commit or stash them.
Already up to date.
[Sun Nov 16 02:50:03 PM PST 2025] Changes detected — committing...
[main df87154] Auto sync: 2025-11-16 14:50:03
 1 file changed, 13 insertions(+)
[Sun Nov 16 02:50:03 PM PST 2025] Pushing to GitHub...
To github.com:haunter-actual/haunter-actual.github.io.git
   5645ddd..df87154  main -> main
[Sun Nov 16 02:50:04 PM PST 2025] Push complete.
[Sun Nov 16 02:55:01 PM PST 2025] Starting auto-push...
From github.com:haunter-actual/haunter-actual.github.io
 * branch            main       -> FETCH_HEAD
error: cannot rebase: You have unstaged changes.
error: Please commit or stash them.
Already up to date.
[Sun Nov 16 02:55:03 PM PST 2025] Changes detected — committing...
[main d93fa71] Auto sync: 2025-11-16 14:55:03
 1 file changed, 13 insertions(+)
[Sun Nov 16 02:55:03 PM PST 2025] Pushing to GitHub...
To github.com:haunter-actual/haunter-actual.github.io.git
   df87154..d93fa71  main -> main
[Sun Nov 16 02:55:04 PM PST 2025] Push complete.
[Sun Nov 16 03:00:01 PM PST 2025] Starting auto-push...
From github.com:haunter-actual/haunter-actual.github.io
 * branch            main       -> FETCH_HEAD
error: cannot rebase: You have unstaged changes.
error: Please commit or stash them.
Already up to date.
[Sun Nov 16 03:00:03 PM PST 2025] Changes detected — committing...
[main 4d947ef] Auto sync: 2025-11-16 15:00:03
 1 file changed, 13 insertions(+)
[Sun Nov 16 03:00:03 PM PST 2025] Pushing to GitHub...
To github.com:haunter-actual/haunter-actual.github.io.git
   d93fa71..4d947ef  main -> main
[Sun Nov 16 03:00:04 PM PST 2025] Push complete.
[Sun Nov 16 03:05:01 PM PST 2025] Starting auto-push...
From github.com:haunter-actual/haunter-actual.github.io
 * branch            main       -> FETCH_HEAD
error: cannot rebase: You have unstaged changes.
error: Please commit or stash them.
Already up to date.
[Sun Nov 16 03:05:03 PM PST 2025] Changes detected — committing...
[main fb8b9f1] Auto sync: 2025-11-16 15:05:03
 1 file changed, 13 insertions(+)
[Sun Nov 16 03:05:03 PM PST 2025] Pushing to GitHub...
To github.com:haunter-actual/haunter-actual.github.io.git
   4d947ef..fb8b9f1  main -> main
[Sun Nov 16 03:05:04 PM PST 2025] Push complete.
[Sun Nov 16 03:10:01 PM PST 2025] Starting auto-push...
From github.com:haunter-actual/haunter-actual.github.io
 * branch            main       -> FETCH_HEAD
error: cannot rebase: You have unstaged changes.
error: Please commit or stash them.
Already up to date.
[Sun Nov 16 03:10:03 PM PST 2025] Changes detected — committing...
[main 31dfecd] Auto sync: 2025-11-16 15:10:03
 1 file changed, 13 insertions(+)
[Sun Nov 16 03:10:03 PM PST 2025] Pushing to GitHub...
To github.com:haunter-actual/haunter-actual.github.io.git
   fb8b9f1..31dfecd  main -> main
[Sun Nov 16 03:10:04 PM PST 2025] Push complete.
[Sun Nov 16 03:15:01 PM PST 2025] Starting auto-push...
From github.com:haunter-actual/haunter-actual.github.io
 * branch            main       -> FETCH_HEAD
error: cannot rebase: You have unstaged changes.
error: Please commit or stash them.
Already up to date.
[Sun Nov 16 03:15:03 PM PST 2025] Changes detected — committing...
[main 114ad68] Auto sync: 2025-11-16 15:15:03
 1 file changed, 13 insertions(+)
[Sun Nov 16 03:15:03 PM PST 2025] Pushing to GitHub...
To github.com:haunter-actual/haunter-actual.github.io.git
   31dfecd..114ad68  main -> main
[Sun Nov 16 03:15:04 PM PST 2025] Push complete.
[Sun Nov 16 03:20:01 PM PST 2025] Starting auto-push...
From github.com:haunter-actual/haunter-actual.github.io
 * branch            main       -> FETCH_HEAD
error: cannot rebase: You have unstaged changes.
error: Please commit or stash them.
Already up to date.
[Sun Nov 16 03:20:02 PM PST 2025] Changes detected — committing...
[main 7b7ca8a] Auto sync: 2025-11-16 15:20:02
 1 file changed, 13 insertions(+)
[Sun Nov 16 03:20:02 PM PST 2025] Pushing to GitHub...
To github.com:haunter-actual/haunter-actual.github.io.git
   114ad68..7b7ca8a  main -> main
[Sun Nov 16 03:20:04 PM PST 2025] Push complete.
[Sun Nov 16 03:25:01 PM PST 2025] Starting auto-push...
From github.com:haunter-actual/haunter-actual.github.io
 * branch            main       -> FETCH_HEAD
error: cannot rebase: You have unstaged changes.
error: Please commit or stash them.
Already up to date.
[Sun Nov 16 03:25:03 PM PST 2025] Changes detected — committing...
[main 1fc2268] Auto sync: 2025-11-16 15:25:03
 1 file changed, 13 insertions(+)
[Sun Nov 16 03:25:03 PM PST 2025] Pushing to GitHub...
To github.com:haunter-actual/haunter-actual.github.io.git
   7b7ca8a..1fc2268  main -> main
[Sun Nov 16 03:25:04 PM PST 2025] Push complete.
[Sun Nov 16 03:30:01 PM PST 2025] Starting auto-push...
From github.com:haunter-actual/haunter-actual.github.io
 * branch            main       -> FETCH_HEAD
error: cannot rebase: You have unstaged changes.
error: Please commit or stash them.
Already up to date.
[Sun Nov 16 03:30:02 PM PST 2025] Changes detected — committing...
[main 1434e25] Auto sync: 2025-11-16 15:30:02
 1 file changed, 13 insertions(+)
[Sun Nov 16 03:30:02 PM PST 2025] Pushing to GitHub...
To github.com:haunter-actual/haunter-actual.github.io.git
   1fc2268..1434e25  main -> main
[Sun Nov 16 03:30:04 PM PST 2025] Push complete.
[Sun Nov 16 03:35:01 PM PST 2025] Starting auto-push...
From github.com:haunter-actual/haunter-actual.github.io
 * branch            main       -> FETCH_HEAD
error: cannot rebase: You have unstaged changes.
error: Please commit or stash them.
Already up to date.
[Sun Nov 16 03:35:02 PM PST 2025] Changes detected — committing...
[main 08d9a28] Auto sync: 2025-11-16 15:35:02
 1 file changed, 13 insertions(+)
[Sun Nov 16 03:35:02 PM PST 2025] Pushing to GitHub...
To github.com:haunter-actual/haunter-actual.github.io.git
   1434e25..08d9a28  main -> main
[Sun Nov 16 03:35:04 PM PST 2025] Push complete.
[Sun Nov 16 03:40:01 PM PST 2025] Starting auto-push...
From github.com:haunter-actual/haunter-actual.github.io
 * branch            main       -> FETCH_HEAD
error: cannot rebase: You have unstaged changes.
error: Please commit or stash them.
Already up to date.
[Sun Nov 16 03:40:02 PM PST 2025] Changes detected — committing...
[main dc908c4] Auto sync: 2025-11-16 15:40:02
 1 file changed, 13 insertions(+)
[Sun Nov 16 03:40:02 PM PST 2025] Pushing to GitHub...
To github.com:haunter-actual/haunter-actual.github.io.git
   08d9a28..dc908c4  main -> main
[Sun Nov 16 03:40:04 PM PST 2025] Push complete.
[Sun Nov 16 03:45:01 PM PST 2025] Starting auto-push...
From github.com:haunter-actual/haunter-actual.github.io
 * branch            main       -> FETCH_HEAD
error: cannot rebase: You have unstaged changes.
error: Please commit or stash them.
Already up to date.
[Sun Nov 16 03:45:03 PM PST 2025] Changes detected — committing...
[main ae81c82] Auto sync: 2025-11-16 15:45:03
 1 file changed, 13 insertions(+)
[Sun Nov 16 03:45:03 PM PST 2025] Pushing to GitHub...
To github.com:haunter-actual/haunter-actual.github.io.git
   dc908c4..ae81c82  main -> main
[Sun Nov 16 03:45:04 PM PST 2025] Push complete.
[Sun Nov 16 03:50:01 PM PST 2025] Starting auto-push...
From github.com:haunter-actual/haunter-actual.github.io
 * branch            main       -> FETCH_HEAD
error: cannot rebase: You have unstaged changes.
error: Please commit or stash them.
Already up to date.
[Sun Nov 16 03:50:03 PM PST 2025] Changes detected — committing...
[main 1dfddce] Auto sync: 2025-11-16 15:50:03
 1 file changed, 13 insertions(+)
[Sun Nov 16 03:50:03 PM PST 2025] Pushing to GitHub...
To github.com:haunter-actual/haunter-actual.github.io.git
   ae81c82..1dfddce  main -> main
[Sun Nov 16 03:50:04 PM PST 2025] Push complete.
[Sun Nov 16 03:55:01 PM PST 2025] Starting auto-push...
From github.com:haunter-actual/haunter-actual.github.io
 * branch            main       -> FETCH_HEAD
error: cannot rebase: You have unstaged changes.
error: Please commit or stash them.
Already up to date.
[Sun Nov 16 03:55:03 PM PST 2025] Changes detected — committing...
[main 34c1c25] Auto sync: 2025-11-16 15:55:03
 1 file changed, 13 insertions(+)
[Sun Nov 16 03:55:03 PM PST 2025] Pushing to GitHub...
To github.com:haunter-actual/haunter-actual.github.io.git
   1dfddce..34c1c25  main -> main
[Sun Nov 16 03:55:05 PM PST 2025] Push complete.
[Sun Nov 16 04:00:01 PM PST 2025] Starting auto-push...
From github.com:haunter-actual/haunter-actual.github.io
 * branch            main       -> FETCH_HEAD
error: cannot rebase: You have unstaged changes.
error: Please commit or stash them.
Already up to date.
[Sun Nov 16 04:00:02 PM PST 2025] Changes detected — committing...
[main 036a58f] Auto sync: 2025-11-16 16:00:02
 1 file changed, 13 insertions(+)
[Sun Nov 16 04:00:02 PM PST 2025] Pushing to GitHub...
To github.com:haunter-actual/haunter-actual.github.io.git
   34c1c25..036a58f  main -> main
[Sun Nov 16 04:00:03 PM PST 2025] Push complete.
[Sun Nov 16 04:05:01 PM PST 2025] Starting auto-push...
From github.com:haunter-actual/haunter-actual.github.io
 * branch            main       -> FETCH_HEAD
error: cannot rebase: You have unstaged changes.
error: Please commit or stash them.
Already up to date.
[Sun Nov 16 04:05:02 PM PST 2025] Changes detected — committing...
[main 473ea1c] Auto sync: 2025-11-16 16:05:02
 1 file changed, 13 insertions(+)
[Sun Nov 16 04:05:02 PM PST 2025] Pushing to GitHub...
To github.com:haunter-actual/haunter-actual.github.io.git
   036a58f..473ea1c  main -> main
[Sun Nov 16 04:05:04 PM PST 2025] Push complete.
[Sun Nov 16 04:10:01 PM PST 2025] Starting auto-push...
From github.com:haunter-actual/haunter-actual.github.io
 * branch            main       -> FETCH_HEAD
error: cannot rebase: You have unstaged changes.
error: Please commit or stash them.
Already up to date.
[Sun Nov 16 04:10:02 PM PST 2025] Changes detected — committing...
[main 14ffa9e] Auto sync: 2025-11-16 16:10:02
 1 file changed, 13 insertions(+)
[Sun Nov 16 04:10:02 PM PST 2025] Pushing to GitHub...
To github.com:haunter-actual/haunter-actual.github.io.git
   473ea1c..14ffa9e  main -> main
[Sun Nov 16 04:10:04 PM PST 2025] Push complete.
[Sun Nov 16 04:15:01 PM PST 2025] Starting auto-push...
From github.com:haunter-actual/haunter-actual.github.io
 * branch            main       -> FETCH_HEAD
error: cannot rebase: You have unstaged changes.
error: Please commit or stash them.
Already up to date.
[Sun Nov 16 04:15:02 PM PST 2025] Changes detected — committing...
[main d5a1869] Auto sync: 2025-11-16 16:15:02
 1 file changed, 13 insertions(+)
[Sun Nov 16 04:15:02 PM PST 2025] Pushing to GitHub...
To github.com:haunter-actual/haunter-actual.github.io.git
   14ffa9e..d5a1869  main -> main
[Sun Nov 16 04:15:04 PM PST 2025] Push complete.
[Sun Nov 16 04:20:01 PM PST 2025] Starting auto-push...
From github.com:haunter-actual/haunter-actual.github.io
 * branch            main       -> FETCH_HEAD
error: cannot rebase: You have unstaged changes.
error: Please commit or stash them.
Already up to date.
[Sun Nov 16 04:20:03 PM PST 2025] Changes detected — committing...
[main de474ad] Auto sync: 2025-11-16 16:20:03
 1 file changed, 13 insertions(+)
[Sun Nov 16 04:20:03 PM PST 2025] Pushing to GitHub...
To github.com:haunter-actual/haunter-actual.github.io.git
   d5a1869..de474ad  main -> main
[Sun Nov 16 04:20:04 PM PST 2025] Push complete.
[Sun Nov 16 04:25:01 PM PST 2025] Starting auto-push...
From github.com:haunter-actual/haunter-actual.github.io
 * branch            main       -> FETCH_HEAD
error: cannot rebase: You have unstaged changes.
error: Please commit or stash them.
Already up to date.
[Sun Nov 16 04:25:02 PM PST 2025] Changes detected — committing...
[main bfc0037] Auto sync: 2025-11-16 16:25:02
 1 file changed, 13 insertions(+)
[Sun Nov 16 04:25:02 PM PST 2025] Pushing to GitHub...
To github.com:haunter-actual/haunter-actual.github.io.git
   de474ad..bfc0037  main -> main
[Sun Nov 16 04:25:04 PM PST 2025] Push complete.
[Sun Nov 16 04:30:01 PM PST 2025] Starting auto-push...
From github.com:haunter-actual/haunter-actual.github.io
 * branch            main       -> FETCH_HEAD
error: cannot rebase: You have unstaged changes.
error: Please commit or stash them.
Already up to date.
[Sun Nov 16 04:30:03 PM PST 2025] Changes detected — committing...
[main ea72441] Auto sync: 2025-11-16 16:30:03
 1 file changed, 13 insertions(+)
[Sun Nov 16 04:30:03 PM PST 2025] Pushing to GitHub...
To github.com:haunter-actual/haunter-actual.github.io.git
   bfc0037..ea72441  main -> main
[Sun Nov 16 04:30:04 PM PST 2025] Push complete.
[Sun Nov 16 04:35:01 PM PST 2025] Starting auto-push...
From github.com:haunter-actual/haunter-actual.github.io
 * branch            main       -> FETCH_HEAD
error: cannot rebase: You have unstaged changes.
error: Please commit or stash them.
Already up to date.
[Sun Nov 16 04:35:02 PM PST 2025] Changes detected — committing...
[main 70e4832] Auto sync: 2025-11-16 16:35:02
 1 file changed, 13 insertions(+)
[Sun Nov 16 04:35:02 PM PST 2025] Pushing to GitHub...
To github.com:haunter-actual/haunter-actual.github.io.git
   ea72441..70e4832  main -> main
[Sun Nov 16 04:35:04 PM PST 2025] Push complete.
[Sun Nov 16 04:40:01 PM PST 2025] Starting auto-push...
From github.com:haunter-actual/haunter-actual.github.io
 * branch            main       -> FETCH_HEAD
error: cannot rebase: You have unstaged changes.
error: Please commit or stash them.
Already up to date.
[Sun Nov 16 04:40:02 PM PST 2025] Changes detected — committing...
[main 6a9a4f8] Auto sync: 2025-11-16 16:40:02
 1 file changed, 13 insertions(+)
[Sun Nov 16 04:40:02 PM PST 2025] Pushing to GitHub...
To github.com:haunter-actual/haunter-actual.github.io.git
   70e4832..6a9a4f8  main -> main
[Sun Nov 16 04:40:03 PM PST 2025] Push complete.
[Sun Nov 16 04:45:01 PM PST 2025] Starting auto-push...
From github.com:haunter-actual/haunter-actual.github.io
 * branch            main       -> FETCH_HEAD
error: cannot rebase: You have unstaged changes.
error: Please commit or stash them.
Already up to date.
[Sun Nov 16 04:45:02 PM PST 2025] Changes detected — committing...
[main fed3904] Auto sync: 2025-11-16 16:45:02
 1 file changed, 13 insertions(+)
[Sun Nov 16 04:45:02 PM PST 2025] Pushing to GitHub...
To github.com:haunter-actual/haunter-actual.github.io.git
   6a9a4f8..fed3904  main -> main
[Sun Nov 16 04:45:04 PM PST 2025] Push complete.
[Sun Nov 16 04:50:01 PM PST 2025] Starting auto-push...
From github.com:haunter-actual/haunter-actual.github.io
 * branch            main       -> FETCH_HEAD
error: cannot rebase: You have unstaged changes.
error: Please commit or stash them.
Already up to date.
[Sun Nov 16 04:50:02 PM PST 2025] Changes detected — committing...
[main ac027e3] Auto sync: 2025-11-16 16:50:02
 1 file changed, 13 insertions(+)
[Sun Nov 16 04:50:02 PM PST 2025] Pushing to GitHub...
To github.com:haunter-actual/haunter-actual.github.io.git
   fed3904..ac027e3  main -> main
[Sun Nov 16 04:50:04 PM PST 2025] Push complete.
[Sun Nov 16 04:55:01 PM PST 2025] Starting auto-push...
From github.com:haunter-actual/haunter-actual.github.io
 * branch            main       -> FETCH_HEAD
error: cannot rebase: You have unstaged changes.
error: Please commit or stash them.
Already up to date.
[Sun Nov 16 04:55:02 PM PST 2025] Changes detected — committing...
[main 4aca22b] Auto sync: 2025-11-16 16:55:02
 1 file changed, 13 insertions(+)
[Sun Nov 16 04:55:02 PM PST 2025] Pushing to GitHub...
To github.com:haunter-actual/haunter-actual.github.io.git
   ac027e3..4aca22b  main -> main
[Sun Nov 16 04:55:04 PM PST 2025] Push complete.
[Sun Nov 16 05:00:01 PM PST 2025] Starting auto-push...
From github.com:haunter-actual/haunter-actual.github.io
 * branch            main       -> FETCH_HEAD
error: cannot rebase: You have unstaged changes.
error: Please commit or stash them.
Already up to date.
[Sun Nov 16 05:00:03 PM PST 2025] Changes detected — committing...
[main 06c3e1e] Auto sync: 2025-11-16 17:00:03
 1 file changed, 13 insertions(+)
[Sun Nov 16 05:00:03 PM PST 2025] Pushing to GitHub...
To github.com:haunter-actual/haunter-actual.github.io.git
   4aca22b..06c3e1e  main -> main
[Sun Nov 16 05:00:04 PM PST 2025] Push complete.
[Sun Nov 16 05:05:01 PM PST 2025] Starting auto-push...
From github.com:haunter-actual/haunter-actual.github.io
 * branch            main       -> FETCH_HEAD
error: cannot rebase: You have unstaged changes.
error: Please commit or stash them.
Already up to date.
[Sun Nov 16 05:05:02 PM PST 2025] Changes detected — committing...
[main 112999a] Auto sync: 2025-11-16 17:05:02
 1 file changed, 13 insertions(+)
[Sun Nov 16 05:05:02 PM PST 2025] Pushing to GitHub...
To github.com:haunter-actual/haunter-actual.github.io.git
   06c3e1e..112999a  main -> main
[Sun Nov 16 05:05:04 PM PST 2025] Push complete.
[Sun Nov 16 05:10:01 PM PST 2025] Starting auto-push...
From github.com:haunter-actual/haunter-actual.github.io
 * branch            main       -> FETCH_HEAD
error: cannot rebase: You have unstaged changes.
error: Please commit or stash them.
Already up to date.
[Sun Nov 16 05:10:02 PM PST 2025] Changes detected — committing...
[main 851674c] Auto sync: 2025-11-16 17:10:02
 1 file changed, 13 insertions(+)
[Sun Nov 16 05:10:02 PM PST 2025] Pushing to GitHub...
To github.com:haunter-actual/haunter-actual.github.io.git
   112999a..851674c  main -> main
[Sun Nov 16 05:10:04 PM PST 2025] Push complete.
[Sun Nov 16 05:15:01 PM PST 2025] Starting auto-push...
From github.com:haunter-actual/haunter-actual.github.io
 * branch            main       -> FETCH_HEAD
error: cannot rebase: You have unstaged changes.
error: Please commit or stash them.
Already up to date.
[Sun Nov 16 05:15:03 PM PST 2025] Changes detected — committing...
[main 1fe17a6] Auto sync: 2025-11-16 17:15:03
 1 file changed, 13 insertions(+)
[Sun Nov 16 05:15:03 PM PST 2025] Pushing to GitHub...
To github.com:haunter-actual/haunter-actual.github.io.git
   851674c..1fe17a6  main -> main
[Sun Nov 16 05:15:04 PM PST 2025] Push complete.
[Sun Nov 16 05:20:01 PM PST 2025] Starting auto-push...
From github.com:haunter-actual/haunter-actual.github.io
 * branch            main       -> FETCH_HEAD
error: cannot rebase: You have unstaged changes.
error: Please commit or stash them.
Already up to date.
[Sun Nov 16 05:20:03 PM PST 2025] Changes detected — committing...
[main 730b26e] Auto sync: 2025-11-16 17:20:03
 1 file changed, 13 insertions(+)
[Sun Nov 16 05:20:03 PM PST 2025] Pushing to GitHub...
To github.com:haunter-actual/haunter-actual.github.io.git
   1fe17a6..730b26e  main -> main
[Sun Nov 16 05:20:04 PM PST 2025] Push complete.
[Sun Nov 16 05:25:01 PM PST 2025] Starting auto-push...
From github.com:haunter-actual/haunter-actual.github.io
 * branch            main       -> FETCH_HEAD
error: cannot rebase: You have unstaged changes.
error: Please commit or stash them.
Already up to date.
[Sun Nov 16 05:25:02 PM PST 2025] Changes detected — committing...
[main a2ab9b7] Auto sync: 2025-11-16 17:25:02
 1 file changed, 13 insertions(+)
[Sun Nov 16 05:25:02 PM PST 2025] Pushing to GitHub...
To github.com:haunter-actual/haunter-actual.github.io.git
   730b26e..a2ab9b7  main -> main
[Sun Nov 16 05:25:04 PM PST 2025] Push complete.
[Sun Nov 16 05:30:01 PM PST 2025] Starting auto-push...
From github.com:haunter-actual/haunter-actual.github.io
 * branch            main       -> FETCH_HEAD
error: cannot rebase: You have unstaged changes.
error: Please commit or stash them.
Already up to date.
[Sun Nov 16 05:30:02 PM PST 2025] Changes detected — committing...
[main 91fb674] Auto sync: 2025-11-16 17:30:02
 1 file changed, 13 insertions(+)
[Sun Nov 16 05:30:02 PM PST 2025] Pushing to GitHub...
To github.com:haunter-actual/haunter-actual.github.io.git
   a2ab9b7..91fb674  main -> main
[Sun Nov 16 05:30:04 PM PST 2025] Push complete.
[Sun Nov 16 05:35:01 PM PST 2025] Starting auto-push...
From github.com:haunter-actual/haunter-actual.github.io
 * branch            main       -> FETCH_HEAD
error: cannot rebase: You have unstaged changes.
error: Please commit or stash them.
Already up to date.
[Sun Nov 16 05:35:03 PM PST 2025] Changes detected — committing...
[main fae513e] Auto sync: 2025-11-16 17:35:03
 1 file changed, 13 insertions(+)
[Sun Nov 16 05:35:03 PM PST 2025] Pushing to GitHub...
To github.com:haunter-actual/haunter-actual.github.io.git
   91fb674..fae513e  main -> main
[Sun Nov 16 05:35:04 PM PST 2025] Push complete.
[Sun Nov 16 05:40:01 PM PST 2025] Starting auto-push...
From github.com:haunter-actual/haunter-actual.github.io
 * branch            main       -> FETCH_HEAD
error: cannot rebase: You have unstaged changes.
error: Please commit or stash them.
Already up to date.
[Sun Nov 16 05:40:03 PM PST 2025] Changes detected — committing...
[main 25886f6] Auto sync: 2025-11-16 17:40:03
 1 file changed, 13 insertions(+)
[Sun Nov 16 05:40:03 PM PST 2025] Pushing to GitHub...
To github.com:haunter-actual/haunter-actual.github.io.git
   fae513e..25886f6  main -> main
[Sun Nov 16 05:40:04 PM PST 2025] Push complete.
[Sun Nov 16 05:45:01 PM PST 2025] Starting auto-push...
From github.com:haunter-actual/haunter-actual.github.io
 * branch            main       -> FETCH_HEAD
error: cannot rebase: You have unstaged changes.
error: Please commit or stash them.
Already up to date.
[Sun Nov 16 05:45:03 PM PST 2025] Changes detected — committing...
[main a41675d] Auto sync: 2025-11-16 17:45:03
 1 file changed, 13 insertions(+)
[Sun Nov 16 05:45:03 PM PST 2025] Pushing to GitHub...
To github.com:haunter-actual/haunter-actual.github.io.git
   25886f6..a41675d  main -> main
[Sun Nov 16 05:45:04 PM PST 2025] Push complete.
[Sun Nov 16 05:50:01 PM PST 2025] Starting auto-push...
From github.com:haunter-actual/haunter-actual.github.io
 * branch            main       -> FETCH_HEAD
error: cannot rebase: You have unstaged changes.
error: Please commit or stash them.
Already up to date.
[Sun Nov 16 05:50:02 PM PST 2025] Changes detected — committing...
[main e0765b4] Auto sync: 2025-11-16 17:50:02
 1 file changed, 13 insertions(+)
[Sun Nov 16 05:50:02 PM PST 2025] Pushing to GitHub...
To github.com:haunter-actual/haunter-actual.github.io.git
   a41675d..e0765b4  main -> main
[Sun Nov 16 05:50:04 PM PST 2025] Push complete.
[Sun Nov 16 05:55:01 PM PST 2025] Starting auto-push...
From github.com:haunter-actual/haunter-actual.github.io
 * branch            main       -> FETCH_HEAD
error: cannot rebase: You have unstaged changes.
error: Please commit or stash them.
Already up to date.
[Sun Nov 16 05:55:03 PM PST 2025] Changes detected — committing...
[main 56b7827] Auto sync: 2025-11-16 17:55:03
 1 file changed, 13 insertions(+)
[Sun Nov 16 05:55:03 PM PST 2025] Pushing to GitHub...
To github.com:haunter-actual/haunter-actual.github.io.git
   e0765b4..56b7827  main -> main
[Sun Nov 16 05:55:04 PM PST 2025] Push complete.
[Sun Nov 16 06:00:01 PM PST 2025] Starting auto-push...
From github.com:haunter-actual/haunter-actual.github.io
 * branch            main       -> FETCH_HEAD
error: cannot rebase: You have unstaged changes.
error: Please commit or stash them.
Already up to date.
[Sun Nov 16 06:00:03 PM PST 2025] Changes detected — committing...
[main 1edf6ae] Auto sync: 2025-11-16 18:00:03
 1 file changed, 13 insertions(+)
[Sun Nov 16 06:00:03 PM PST 2025] Pushing to GitHub...
To github.com:haunter-actual/haunter-actual.github.io.git
   56b7827..1edf6ae  main -> main
[Sun Nov 16 06:00:04 PM PST 2025] Push complete.
[Sun Nov 16 06:05:01 PM PST 2025] Starting auto-push...
From github.com:haunter-actual/haunter-actual.github.io
 * branch            main       -> FETCH_HEAD
error: cannot rebase: You have unstaged changes.
error: Please commit or stash them.
Already up to date.
[Sun Nov 16 06:05:03 PM PST 2025] Changes detected — committing...
[main 202cd4b] Auto sync: 2025-11-16 18:05:03
 1 file changed, 13 insertions(+)
[Sun Nov 16 06:05:03 PM PST 2025] Pushing to GitHub...
To github.com:haunter-actual/haunter-actual.github.io.git
   1edf6ae..202cd4b  main -> main
[Sun Nov 16 06:05:05 PM PST 2025] Push complete.
[Sun Nov 16 06:10:01 PM PST 2025] Starting auto-push...
From github.com:haunter-actual/haunter-actual.github.io
 * branch            main       -> FETCH_HEAD
error: cannot rebase: You have unstaged changes.
error: Please commit or stash them.
Already up to date.
[Sun Nov 16 06:10:03 PM PST 2025] Changes detected — committing...
[main e2b107e] Auto sync: 2025-11-16 18:10:03
 1 file changed, 13 insertions(+)
[Sun Nov 16 06:10:03 PM PST 2025] Pushing to GitHub...
To github.com:haunter-actual/haunter-actual.github.io.git
   202cd4b..e2b107e  main -> main
[Sun Nov 16 06:10:04 PM PST 2025] Push complete.
[Sun Nov 16 06:15:01 PM PST 2025] Starting auto-push...
From github.com:haunter-actual/haunter-actual.github.io
 * branch            main       -> FETCH_HEAD
error: cannot rebase: You have unstaged changes.
error: Please commit or stash them.
Already up to date.
[Sun Nov 16 06:15:03 PM PST 2025] Changes detected — committing...
[main d4be40f] Auto sync: 2025-11-16 18:15:03
 1 file changed, 13 insertions(+)
[Sun Nov 16 06:15:03 PM PST 2025] Pushing to GitHub...
To github.com:haunter-actual/haunter-actual.github.io.git
   e2b107e..d4be40f  main -> main
[Sun Nov 16 06:15:04 PM PST 2025] Push complete.
[Sun Nov 16 06:20:01 PM PST 2025] Starting auto-push...
From github.com:haunter-actual/haunter-actual.github.io
 * branch            main       -> FETCH_HEAD
error: cannot rebase: You have unstaged changes.
error: Please commit or stash them.
Already up to date.
[Sun Nov 16 06:20:02 PM PST 2025] Changes detected — committing...
[main 0d39e03] Auto sync: 2025-11-16 18:20:02
 1 file changed, 13 insertions(+)
[Sun Nov 16 06:20:02 PM PST 2025] Pushing to GitHub...
To github.com:haunter-actual/haunter-actual.github.io.git
   d4be40f..0d39e03  main -> main
[Sun Nov 16 06:20:04 PM PST 2025] Push complete.
[Sun Nov 16 06:25:01 PM PST 2025] Starting auto-push...
From github.com:haunter-actual/haunter-actual.github.io
 * branch            main       -> FETCH_HEAD
error: cannot rebase: You have unstaged changes.
error: Please commit or stash them.
Already up to date.
[Sun Nov 16 06:25:03 PM PST 2025] Changes detected — committing...
[main 23b5307] Auto sync: 2025-11-16 18:25:03
 1 file changed, 13 insertions(+)
[Sun Nov 16 06:25:03 PM PST 2025] Pushing to GitHub...
To github.com:haunter-actual/haunter-actual.github.io.git
   0d39e03..23b5307  main -> main
[Sun Nov 16 06:25:04 PM PST 2025] Push complete.
[Sun Nov 16 06:30:01 PM PST 2025] Starting auto-push...
From github.com:haunter-actual/haunter-actual.github.io
 * branch            main       -> FETCH_HEAD
error: cannot rebase: You have unstaged changes.
error: Please commit or stash them.
Already up to date.
[Sun Nov 16 06:30:03 PM PST 2025] Changes detected — committing...
[main 8519383] Auto sync: 2025-11-16 18:30:03
 1 file changed, 13 insertions(+)
[Sun Nov 16 06:30:03 PM PST 2025] Pushing to GitHub...
To github.com:haunter-actual/haunter-actual.github.io.git
   23b5307..8519383  main -> main
[Sun Nov 16 06:30:05 PM PST 2025] Push complete.
[Sun Nov 16 06:35:01 PM PST 2025] Starting auto-push...
From github.com:haunter-actual/haunter-actual.github.io
 * branch            main       -> FETCH_HEAD
error: cannot rebase: You have unstaged changes.
error: Please commit or stash them.
Already up to date.
[Sun Nov 16 06:35:02 PM PST 2025] Changes detected — committing...
[main a93a7ae] Auto sync: 2025-11-16 18:35:02
 1 file changed, 13 insertions(+)
[Sun Nov 16 06:35:02 PM PST 2025] Pushing to GitHub...
To github.com:haunter-actual/haunter-actual.github.io.git
   8519383..a93a7ae  main -> main
[Sun Nov 16 06:35:04 PM PST 2025] Push complete.
[Sun Nov 16 06:40:01 PM PST 2025] Starting auto-push...
From github.com:haunter-actual/haunter-actual.github.io
 * branch            main       -> FETCH_HEAD
error: cannot rebase: You have unstaged changes.
error: Please commit or stash them.
Already up to date.
[Sun Nov 16 06:40:02 PM PST 2025] Changes detected — committing...
[main 82d7798] Auto sync: 2025-11-16 18:40:02
 1 file changed, 13 insertions(+)
[Sun Nov 16 06:40:02 PM PST 2025] Pushing to GitHub...
To github.com:haunter-actual/haunter-actual.github.io.git
   a93a7ae..82d7798  main -> main
[Sun Nov 16 06:40:04 PM PST 2025] Push complete.
[Sun Nov 16 06:45:01 PM PST 2025] Starting auto-push...
From github.com:haunter-actual/haunter-actual.github.io
 * branch            main       -> FETCH_HEAD
error: cannot rebase: You have unstaged changes.
error: Please commit or stash them.
Already up to date.
[Sun Nov 16 06:45:03 PM PST 2025] Changes detected — committing...
[main 43e0b4d] Auto sync: 2025-11-16 18:45:03
 1 file changed, 13 insertions(+)
[Sun Nov 16 06:45:03 PM PST 2025] Pushing to GitHub...
To github.com:haunter-actual/haunter-actual.github.io.git
   82d7798..43e0b4d  main -> main
[Sun Nov 16 06:45:04 PM PST 2025] Push complete.
[Sun Nov 16 06:50:01 PM PST 2025] Starting auto-push...
From github.com:haunter-actual/haunter-actual.github.io
 * branch            main       -> FETCH_HEAD
error: cannot rebase: You have unstaged changes.
error: Please commit or stash them.
Already up to date.
[Sun Nov 16 06:50:03 PM PST 2025] Changes detected — committing...
[main a6b4c44] Auto sync: 2025-11-16 18:50:03
 1 file changed, 13 insertions(+)
[Sun Nov 16 06:50:03 PM PST 2025] Pushing to GitHub...
To github.com:haunter-actual/haunter-actual.github.io.git
   43e0b4d..a6b4c44  main -> main
[Sun Nov 16 06:50:05 PM PST 2025] Push complete.
[Sun Nov 16 06:55:01 PM PST 2025] Starting auto-push...
From github.com:haunter-actual/haunter-actual.github.io
 * branch            main       -> FETCH_HEAD
error: cannot rebase: You have unstaged changes.
error: Please commit or stash them.
Already up to date.
[Sun Nov 16 06:55:02 PM PST 2025] Changes detected — committing...
[main 1dc8304] Auto sync: 2025-11-16 18:55:02
 1 file changed, 13 insertions(+)
[Sun Nov 16 06:55:02 PM PST 2025] Pushing to GitHub...
To github.com:haunter-actual/haunter-actual.github.io.git
   a6b4c44..1dc8304  main -> main
[Sun Nov 16 06:55:04 PM PST 2025] Push complete.
[Sun Nov 16 07:00:01 PM PST 2025] Starting auto-push...
From github.com:haunter-actual/haunter-actual.github.io
 * branch            main       -> FETCH_HEAD
error: cannot rebase: You have unstaged changes.
error: Please commit or stash them.
Already up to date.
[Sun Nov 16 07:00:03 PM PST 2025] Changes detected — committing...
[main ce785da] Auto sync: 2025-11-16 19:00:03
 1 file changed, 13 insertions(+)
[Sun Nov 16 07:00:03 PM PST 2025] Pushing to GitHub...
To github.com:haunter-actual/haunter-actual.github.io.git
   1dc8304..ce785da  main -> main
[Sun Nov 16 07:00:04 PM PST 2025] Push complete.
[Sun Nov 16 07:05:01 PM PST 2025] Starting auto-push...
From github.com:haunter-actual/haunter-actual.github.io
 * branch            main       -> FETCH_HEAD
error: cannot rebase: You have unstaged changes.
error: Please commit or stash them.
Already up to date.
[Sun Nov 16 07:05:02 PM PST 2025] Changes detected — committing...
[main 58f12c6] Auto sync: 2025-11-16 19:05:02
 1 file changed, 13 insertions(+)
[Sun Nov 16 07:05:02 PM PST 2025] Pushing to GitHub...
To github.com:haunter-actual/haunter-actual.github.io.git
   ce785da..58f12c6  main -> main
[Sun Nov 16 07:05:04 PM PST 2025] Push complete.
[Sun Nov 16 07:10:01 PM PST 2025] Starting auto-push...
From github.com:haunter-actual/haunter-actual.github.io
 * branch            main       -> FETCH_HEAD
error: cannot rebase: You have unstaged changes.
error: Please commit or stash them.
Already up to date.
[Sun Nov 16 07:10:03 PM PST 2025] Changes detected — committing...
[main e7eb473] Auto sync: 2025-11-16 19:10:03
 1 file changed, 13 insertions(+)
[Sun Nov 16 07:10:03 PM PST 2025] Pushing to GitHub...
To github.com:haunter-actual/haunter-actual.github.io.git
   58f12c6..e7eb473  main -> main
[Sun Nov 16 07:10:04 PM PST 2025] Push complete.
[Sun Nov 16 07:15:01 PM PST 2025] Starting auto-push...
From github.com:haunter-actual/haunter-actual.github.io
 * branch            main       -> FETCH_HEAD
error: cannot rebase: You have unstaged changes.
error: Please commit or stash them.
Already up to date.
[Sun Nov 16 07:15:02 PM PST 2025] Changes detected — committing...
[main c422ddb] Auto sync: 2025-11-16 19:15:02
 1 file changed, 13 insertions(+)
[Sun Nov 16 07:15:02 PM PST 2025] Pushing to GitHub...
To github.com:haunter-actual/haunter-actual.github.io.git
   e7eb473..c422ddb  main -> main
[Sun Nov 16 07:15:04 PM PST 2025] Push complete.
[Sun Nov 16 07:20:01 PM PST 2025] Starting auto-push...
From github.com:haunter-actual/haunter-actual.github.io
 * branch            main       -> FETCH_HEAD
error: cannot rebase: You have unstaged changes.
error: Please commit or stash them.
Already up to date.
[Sun Nov 16 07:20:02 PM PST 2025] Changes detected — committing...
[main 84bde94] Auto sync: 2025-11-16 19:20:02
 1 file changed, 13 insertions(+)
[Sun Nov 16 07:20:02 PM PST 2025] Pushing to GitHub...
To github.com:haunter-actual/haunter-actual.github.io.git
   c422ddb..84bde94  main -> main
[Sun Nov 16 07:20:04 PM PST 2025] Push complete.
[Sun Nov 16 07:25:01 PM PST 2025] Starting auto-push...
From github.com:haunter-actual/haunter-actual.github.io
 * branch            main       -> FETCH_HEAD
error: cannot rebase: You have unstaged changes.
error: Please commit or stash them.
Already up to date.
[Sun Nov 16 07:25:02 PM PST 2025] Changes detected — committing...
[main 38eaf26] Auto sync: 2025-11-16 19:25:02
 1 file changed, 13 insertions(+)
[Sun Nov 16 07:25:02 PM PST 2025] Pushing to GitHub...
To github.com:haunter-actual/haunter-actual.github.io.git
   84bde94..38eaf26  main -> main
[Sun Nov 16 07:25:04 PM PST 2025] Push complete.
[Sun Nov 16 07:30:01 PM PST 2025] Starting auto-push...
From github.com:haunter-actual/haunter-actual.github.io
 * branch            main       -> FETCH_HEAD
error: cannot rebase: You have unstaged changes.
error: Please commit or stash them.
Already up to date.
[Sun Nov 16 07:30:02 PM PST 2025] Changes detected — committing...
[main 156c14e] Auto sync: 2025-11-16 19:30:02
 1 file changed, 13 insertions(+)
[Sun Nov 16 07:30:02 PM PST 2025] Pushing to GitHub...
To github.com:haunter-actual/haunter-actual.github.io.git
   38eaf26..156c14e  main -> main
[Sun Nov 16 07:30:04 PM PST 2025] Push complete.
[Sun Nov 16 07:35:01 PM PST 2025] Starting auto-push...
From github.com:haunter-actual/haunter-actual.github.io
 * branch            main       -> FETCH_HEAD
error: cannot rebase: You have unstaged changes.
error: Please commit or stash them.
Already up to date.
[Sun Nov 16 07:35:02 PM PST 2025] Changes detected — committing...
[main 1ae14d5] Auto sync: 2025-11-16 19:35:02
 1 file changed, 13 insertions(+)
[Sun Nov 16 07:35:02 PM PST 2025] Pushing to GitHub...
To github.com:haunter-actual/haunter-actual.github.io.git
   156c14e..1ae14d5  main -> main
[Sun Nov 16 07:35:03 PM PST 2025] Push complete.
[Mon Nov 17 04:05:01 AM PST 2025] Starting auto-push...
From github.com:haunter-actual/haunter-actual.github.io
 * branch            main       -> FETCH_HEAD
error: cannot rebase: You have unstaged changes.
error: Please commit or stash them.
Already up to date.
[Mon Nov 17 04:05:03 AM PST 2025] Changes detected — committing...
[main 8b65037] Auto sync: 2025-11-17 04:05:03
 1 file changed, 13 insertions(+)
[Mon Nov 17 04:05:03 AM PST 2025] Pushing to GitHub...
To github.com:haunter-actual/haunter-actual.github.io.git
   1ae14d5..8b65037  main -> main
[Mon Nov 17 04:05:04 AM PST 2025] Push complete.
[Mon Nov 17 04:10:01 AM PST 2025] Starting auto-push...
From github.com:haunter-actual/haunter-actual.github.io
 * branch            main       -> FETCH_HEAD
error: cannot rebase: You have unstaged changes.
error: Please commit or stash them.
Already up to date.
[Mon Nov 17 04:10:02 AM PST 2025] Changes detected — committing...
[main 9710dc0] Auto sync: 2025-11-17 04:10:02
 1 file changed, 13 insertions(+)
[Mon Nov 17 04:10:02 AM PST 2025] Pushing to GitHub...
To github.com:haunter-actual/haunter-actual.github.io.git
   8b65037..9710dc0  main -> main
[Mon Nov 17 04:10:04 AM PST 2025] Push complete.
[Mon Nov 17 04:15:01 AM PST 2025] Starting auto-push...
From github.com:haunter-actual/haunter-actual.github.io
 * branch            main       -> FETCH_HEAD
error: cannot rebase: You have unstaged changes.
error: Please commit or stash them.
Already up to date.
[Mon Nov 17 04:15:02 AM PST 2025] Changes detected — committing...
[main f2a7710] Auto sync: 2025-11-17 04:15:02
 1 file changed, 13 insertions(+)
[Mon Nov 17 04:15:02 AM PST 2025] Pushing to GitHub...
To github.com:haunter-actual/haunter-actual.github.io.git
   9710dc0..f2a7710  main -> main
[Mon Nov 17 04:15:03 AM PST 2025] Push complete.
[Mon Nov 17 04:20:01 AM PST 2025] Starting auto-push...
From github.com:haunter-actual/haunter-actual.github.io
 * branch            main       -> FETCH_HEAD
error: cannot rebase: You have unstaged changes.
error: Please commit or stash them.
Already up to date.
[Mon Nov 17 04:20:03 AM PST 2025] Changes detected — committing...
[main bf01833] Auto sync: 2025-11-17 04:20:03
 1 file changed, 13 insertions(+)
[Mon Nov 17 04:20:03 AM PST 2025] Pushing to GitHub...
To github.com:haunter-actual/haunter-actual.github.io.git
   f2a7710..bf01833  main -> main
[Mon Nov 17 04:20:06 AM PST 2025] Push complete.
[Mon Nov 17 04:25:01 AM PST 2025] Starting auto-push...
From github.com:haunter-actual/haunter-actual.github.io
 * branch            main       -> FETCH_HEAD
error: cannot rebase: You have unstaged changes.
error: Please commit or stash them.
Already up to date.
[Mon Nov 17 04:25:03 AM PST 2025] Changes detected — committing...
[main 1118353] Auto sync: 2025-11-17 04:25:03
 1 file changed, 13 insertions(+)
[Mon Nov 17 04:25:03 AM PST 2025] Pushing to GitHub...
To github.com:haunter-actual/haunter-actual.github.io.git
   bf01833..1118353  main -> main
[Mon Nov 17 04:25:04 AM PST 2025] Push complete.
[Mon Nov 17 04:30:01 AM PST 2025] Starting auto-push...
From github.com:haunter-actual/haunter-actual.github.io
 * branch            main       -> FETCH_HEAD
error: cannot rebase: You have unstaged changes.
error: Please commit or stash them.
Already up to date.
[Mon Nov 17 04:30:02 AM PST 2025] Changes detected — committing...
[main a1ba796] Auto sync: 2025-11-17 04:30:02
 1 file changed, 13 insertions(+)
[Mon Nov 17 04:30:02 AM PST 2025] Pushing to GitHub...
To github.com:haunter-actual/haunter-actual.github.io.git
   1118353..a1ba796  main -> main
[Mon Nov 17 04:30:04 AM PST 2025] Push complete.
[Mon Nov 17 04:35:01 AM PST 2025] Starting auto-push...
From github.com:haunter-actual/haunter-actual.github.io
 * branch            main       -> FETCH_HEAD
error: cannot rebase: You have unstaged changes.
error: Please commit or stash them.
Already up to date.
[Mon Nov 17 04:35:03 AM PST 2025] Changes detected — committing...
[main 4269488] Auto sync: 2025-11-17 04:35:03
 1 file changed, 13 insertions(+)
[Mon Nov 17 04:35:03 AM PST 2025] Pushing to GitHub...
To github.com:haunter-actual/haunter-actual.github.io.git
   a1ba796..4269488  main -> main
[Mon Nov 17 04:35:04 AM PST 2025] Push complete.
[Mon Nov 17 04:40:01 AM PST 2025] Starting auto-push...
From github.com:haunter-actual/haunter-actual.github.io
 * branch            main       -> FETCH_HEAD
error: cannot rebase: You have unstaged changes.
error: Please commit or stash them.
Already up to date.
[Mon Nov 17 04:40:04 AM PST 2025] Changes detected — committing...
[main aa42981] Auto sync: 2025-11-17 04:40:04
 1 file changed, 13 insertions(+)
[Mon Nov 17 04:40:04 AM PST 2025] Pushing to GitHub...
To github.com:haunter-actual/haunter-actual.github.io.git
   4269488..aa42981  main -> main
[Mon Nov 17 04:40:06 AM PST 2025] Push complete.
[Mon Nov 17 04:45:01 AM PST 2025] Starting auto-push...
ssh: Could not resolve hostname github.com: Temporary failure in name resolution
fatal: Could not read from remote repository.

Please make sure you have the correct access rights
and the repository exists.
[Mon Nov 17 04:50:01 AM PST 2025] Starting auto-push...
From github.com:haunter-actual/haunter-actual.github.io
 * branch            main       -> FETCH_HEAD
error: cannot rebase: You have unstaged changes.
error: Please commit or stash them.
Already up to date.
warning: in the working copy of 'autopush.log', CRLF will be replaced by LF the next time Git touches it
[Mon Nov 17 04:50:03 AM PST 2025] Changes detected — committing...
[main 9490859] Auto sync: 2025-11-17 04:50:03
 1 file changed, 19 insertions(+)
[Mon Nov 17 04:50:03 AM PST 2025] Pushing to GitHub...
To github.com:haunter-actual/haunter-actual.github.io.git
   aa42981..9490859  main -> main
[Mon Nov 17 04:50:04 AM PST 2025] Push complete.
[Mon Nov 17 04:55:01 AM PST 2025] Starting auto-push...
From github.com:haunter-actual/haunter-actual.github.io
 * branch            main       -> FETCH_HEAD
error: cannot rebase: You have unstaged changes.
error: Please commit or stash them.
Already up to date.
warning: in the working copy of 'autopush.log', CRLF will be replaced by LF the next time Git touches it
[Mon Nov 17 04:55:03 AM PST 2025] Changes detected — committing...
[main e941ed5] Auto sync: 2025-11-17 04:55:03
 1 file changed, 14 insertions(+)
[Mon Nov 17 04:55:03 AM PST 2025] Pushing to GitHub...
To github.com:haunter-actual/haunter-actual.github.io.git
   9490859..e941ed5  main -> main
[Mon Nov 17 04:55:04 AM PST 2025] Push complete.
[Mon Nov 17 05:00:01 AM PST 2025] Starting auto-push...
From github.com:haunter-actual/haunter-actual.github.io
 * branch            main       -> FETCH_HEAD
error: cannot rebase: You have unstaged changes.
error: Please commit or stash them.
Already up to date.
warning: in the working copy of 'autopush.log', CRLF will be replaced by LF the next time Git touches it
[Mon Nov 17 05:00:02 AM PST 2025] Changes detected — committing...
[main 3d0da54] Auto sync: 2025-11-17 05:00:02
 1 file changed, 14 insertions(+)
[Mon Nov 17 05:00:02 AM PST 2025] Pushing to GitHub...
To github.com:haunter-actual/haunter-actual.github.io.git
   e941ed5..3d0da54  main -> main
[Mon Nov 17 05:00:04 AM PST 2025] Push complete.
[Mon Nov 17 05:05:01 AM PST 2025] Starting auto-push...
From github.com:haunter-actual/haunter-actual.github.io
 * branch            main       -> FETCH_HEAD
error: cannot rebase: You have unstaged changes.
error: Please commit or stash them.
Already up to date.
warning: in the working copy of 'autopush.log', CRLF will be replaced by LF the next time Git touches it
[Mon Nov 17 05:05:02 AM PST 2025] Changes detected — committing...
[main 28ab93b] Auto sync: 2025-11-17 05:05:02
 1 file changed, 14 insertions(+)
[Mon Nov 17 05:05:02 AM PST 2025] Pushing to GitHub...
To github.com:haunter-actual/haunter-actual.github.io.git
   3d0da54..28ab93b  main -> main
[Mon Nov 17 05:05:04 AM PST 2025] Push complete.
[Mon Nov 17 05:10:01 AM PST 2025] Starting auto-push...
From github.com:haunter-actual/haunter-actual.github.io
 * branch            main       -> FETCH_HEAD
error: cannot rebase: You have unstaged changes.
error: Please commit or stash them.
Already up to date.
warning: in the working copy of 'autopush.log', CRLF will be replaced by LF the next time Git touches it
[Mon Nov 17 05:10:02 AM PST 2025] Changes detected — committing...
[main 174ca52] Auto sync: 2025-11-17 05:10:02
 1 file changed, 14 insertions(+)
[Mon Nov 17 05:10:02 AM PST 2025] Pushing to GitHub...
To github.com:haunter-actual/haunter-actual.github.io.git
   28ab93b..174ca52  main -> main
[Mon Nov 17 05:10:03 AM PST 2025] Push complete.
[Mon Nov 17 05:15:01 AM PST 2025] Starting auto-push...
From github.com:haunter-actual/haunter-actual.github.io
 * branch            main       -> FETCH_HEAD
error: cannot rebase: You have unstaged changes.
error: Please commit or stash them.
Already up to date.
warning: in the working copy of 'autopush.log', CRLF will be replaced by LF the next time Git touches it
[Mon Nov 17 05:15:03 AM PST 2025] Changes detected — committing...
[main 9d17676] Auto sync: 2025-11-17 05:15:03
 1 file changed, 14 insertions(+)
[Mon Nov 17 05:15:03 AM PST 2025] Pushing to GitHub...
To github.com:haunter-actual/haunter-actual.github.io.git
   174ca52..9d17676  main -> main
[Mon Nov 17 05:15:04 AM PST 2025] Push complete.
[Mon Nov 17 05:20:01 AM PST 2025] Starting auto-push...
From github.com:haunter-actual/haunter-actual.github.io
 * branch            main       -> FETCH_HEAD
error: cannot rebase: You have unstaged changes.
error: Please commit or stash them.
Already up to date.
warning: in the working copy of 'autopush.log', CRLF will be replaced by LF the next time Git touches it
[Mon Nov 17 05:20:02 AM PST 2025] Changes detected — committing...
[main 7763a0c] Auto sync: 2025-11-17 05:20:02
 1 file changed, 14 insertions(+)
[Mon Nov 17 05:20:02 AM PST 2025] Pushing to GitHub...
To github.com:haunter-actual/haunter-actual.github.io.git
   9d17676..7763a0c  main -> main
[Mon Nov 17 05:20:04 AM PST 2025] Push complete.
[Mon Nov 17 05:25:01 AM PST 2025] Starting auto-push...
From github.com:haunter-actual/haunter-actual.github.io
 * branch            main       -> FETCH_HEAD
error: cannot rebase: You have unstaged changes.
error: Please commit or stash them.
Already up to date.
warning: in the working copy of 'autopush.log', CRLF will be replaced by LF the next time Git touches it
[Mon Nov 17 05:25:02 AM PST 2025] Changes detected — committing...
[main bd4b9ea] Auto sync: 2025-11-17 05:25:02
 1 file changed, 14 insertions(+)
[Mon Nov 17 05:25:02 AM PST 2025] Pushing to GitHub...
To github.com:haunter-actual/haunter-actual.github.io.git
   7763a0c..bd4b9ea  main -> main
[Mon Nov 17 05:25:04 AM PST 2025] Push complete.
[Mon Nov 17 05:30:01 AM PST 2025] Starting auto-push...
From github.com:haunter-actual/haunter-actual.github.io
 * branch            main       -> FETCH_HEAD
error: cannot rebase: You have unstaged changes.
error: Please commit or stash them.
Already up to date.
warning: in the working copy of 'autopush.log', CRLF will be replaced by LF the next time Git touches it
[Mon Nov 17 05:30:02 AM PST 2025] Changes detected — committing...
[main 5f248f5] Auto sync: 2025-11-17 05:30:02
 1 file changed, 14 insertions(+)
[Mon Nov 17 05:30:02 AM PST 2025] Pushing to GitHub...
To github.com:haunter-actual/haunter-actual.github.io.git
   bd4b9ea..5f248f5  main -> main
[Mon Nov 17 05:30:04 AM PST 2025] Push complete.
[Mon Nov 17 05:35:01 AM PST 2025] Starting auto-push...
From github.com:haunter-actual/haunter-actual.github.io
 * branch            main       -> FETCH_HEAD
error: cannot rebase: You have unstaged changes.
error: Please commit or stash them.
Already up to date.
warning: in the working copy of 'autopush.log', CRLF will be replaced by LF the next time Git touches it
[Mon Nov 17 05:35:02 AM PST 2025] Changes detected — committing...
[main d1c00df] Auto sync: 2025-11-17 05:35:02
 1 file changed, 14 insertions(+)
[Mon Nov 17 05:35:02 AM PST 2025] Pushing to GitHub...
To github.com:haunter-actual/haunter-actual.github.io.git
   5f248f5..d1c00df  main -> main
[Mon Nov 17 05:35:03 AM PST 2025] Push complete.
[Mon Nov 17 05:40:01 AM PST 2025] Starting auto-push...
From github.com:haunter-actual/haunter-actual.github.io
 * branch            main       -> FETCH_HEAD
error: cannot rebase: You have unstaged changes.
error: Please commit or stash them.
Already up to date.
warning: in the working copy of 'autopush.log', CRLF will be replaced by LF the next time Git touches it
[Mon Nov 17 05:40:03 AM PST 2025] Changes detected — committing...
[main bfddc81] Auto sync: 2025-11-17 05:40:03
 1 file changed, 14 insertions(+)
[Mon Nov 17 05:40:03 AM PST 2025] Pushing to GitHub...
To github.com:haunter-actual/haunter-actual.github.io.git
   d1c00df..bfddc81  main -> main
[Mon Nov 17 05:40:04 AM PST 2025] Push complete.
[Mon Nov 17 05:45:01 AM PST 2025] Starting auto-push...
From github.com:haunter-actual/haunter-actual.github.io
 * branch            main       -> FETCH_HEAD
error: cannot rebase: You have unstaged changes.
error: Please commit or stash them.
Already up to date.
warning: in the working copy of 'autopush.log', CRLF will be replaced by LF the next time Git touches it
[Mon Nov 17 05:45:03 AM PST 2025] Changes detected — committing...
[main 1118ccb] Auto sync: 2025-11-17 05:45:03
 1 file changed, 14 insertions(+)
[Mon Nov 17 05:45:03 AM PST 2025] Pushing to GitHub...
To github.com:haunter-actual/haunter-actual.github.io.git
   bfddc81..1118ccb  main -> main
[Mon Nov 17 05:45:04 AM PST 2025] Push complete.
[Mon Nov 17 05:50:01 AM PST 2025] Starting auto-push...
From github.com:haunter-actual/haunter-actual.github.io
 * branch            main       -> FETCH_HEAD
error: cannot rebase: You have unstaged changes.
error: Please commit or stash them.
Already up to date.
warning: in the working copy of 'autopush.log', CRLF will be replaced by LF the next time Git touches it
[Mon Nov 17 05:50:02 AM PST 2025] Changes detected — committing...
[main 1f2464d] Auto sync: 2025-11-17 05:50:02
 1 file changed, 14 insertions(+)
[Mon Nov 17 05:50:02 AM PST 2025] Pushing to GitHub...
To github.com:haunter-actual/haunter-actual.github.io.git
   1118ccb..1f2464d  main -> main
[Mon Nov 17 05:50:04 AM PST 2025] Push complete.
[Mon Nov 17 05:55:01 AM PST 2025] Starting auto-push...
From github.com:haunter-actual/haunter-actual.github.io
 * branch            main       -> FETCH_HEAD
error: cannot rebase: You have unstaged changes.
error: Please commit or stash them.
Already up to date.
warning: in the working copy of 'autopush.log', CRLF will be replaced by LF the next time Git touches it
[Mon Nov 17 05:55:02 AM PST 2025] Changes detected — committing...
[main ab5cdb4] Auto sync: 2025-11-17 05:55:02
 1 file changed, 14 insertions(+)
[Mon Nov 17 05:55:02 AM PST 2025] Pushing to GitHub...
To github.com:haunter-actual/haunter-actual.github.io.git
   1f2464d..ab5cdb4  main -> main
[Mon Nov 17 05:55:04 AM PST 2025] Push complete.
[Mon Nov 17 06:00:01 AM PST 2025] Starting auto-push...
From github.com:haunter-actual/haunter-actual.github.io
 * branch            main       -> FETCH_HEAD
error: cannot rebase: You have unstaged changes.
error: Please commit or stash them.
Already up to date.
warning: in the working copy of 'autopush.log', CRLF will be replaced by LF the next time Git touches it
[Mon Nov 17 06:00:02 AM PST 2025] Changes detected — committing...
[main 26e531b] Auto sync: 2025-11-17 06:00:02
 1 file changed, 14 insertions(+)
[Mon Nov 17 06:00:02 AM PST 2025] Pushing to GitHub...
To github.com:haunter-actual/haunter-actual.github.io.git
   ab5cdb4..26e531b  main -> main
[Mon Nov 17 06:00:04 AM PST 2025] Push complete.
[Mon Nov 17 06:05:01 AM PST 2025] Starting auto-push...
From github.com:haunter-actual/haunter-actual.github.io
 * branch            main       -> FETCH_HEAD
error: cannot rebase: You have unstaged changes.
error: Please commit or stash them.
Already up to date.
warning: in the working copy of 'autopush.log', CRLF will be replaced by LF the next time Git touches it
[Mon Nov 17 06:05:02 AM PST 2025] Changes detected — committing...
[main 02787e0] Auto sync: 2025-11-17 06:05:02
 1 file changed, 14 insertions(+)
[Mon Nov 17 06:05:02 AM PST 2025] Pushing to GitHub...
To github.com:haunter-actual/haunter-actual.github.io.git
   26e531b..02787e0  main -> main
[Mon Nov 17 06:05:04 AM PST 2025] Push complete.
[Mon Nov 17 06:10:01 AM PST 2025] Starting auto-push...
From github.com:haunter-actual/haunter-actual.github.io
 * branch            main       -> FETCH_HEAD
error: cannot rebase: You have unstaged changes.
error: Please commit or stash them.
Already up to date.
warning: in the working copy of 'autopush.log', CRLF will be replaced by LF the next time Git touches it
[Mon Nov 17 06:10:02 AM PST 2025] Changes detected — committing...
[main 201ed97] Auto sync: 2025-11-17 06:10:02
 1 file changed, 14 insertions(+)
[Mon Nov 17 06:10:02 AM PST 2025] Pushing to GitHub...
To github.com:haunter-actual/haunter-actual.github.io.git
   02787e0..201ed97  main -> main
[Mon Nov 17 06:10:03 AM PST 2025] Push complete.
[Mon Nov 17 06:15:01 AM PST 2025] Starting auto-push...
From github.com:haunter-actual/haunter-actual.github.io
 * branch            main       -> FETCH_HEAD
error: cannot rebase: You have unstaged changes.
error: Please commit or stash them.
Already up to date.
warning: in the working copy of 'autopush.log', CRLF will be replaced by LF the next time Git touches it
[Mon Nov 17 06:15:02 AM PST 2025] Changes detected — committing...
[main 39df1e0] Auto sync: 2025-11-17 06:15:02
 1 file changed, 14 insertions(+)
[Mon Nov 17 06:15:02 AM PST 2025] Pushing to GitHub...
To github.com:haunter-actual/haunter-actual.github.io.git
   201ed97..39df1e0  main -> main
[Mon Nov 17 06:15:04 AM PST 2025] Push complete.
[Mon Nov 17 06:20:01 AM PST 2025] Starting auto-push...
From github.com:haunter-actual/haunter-actual.github.io
 * branch            main       -> FETCH_HEAD
error: cannot rebase: You have unstaged changes.
error: Please commit or stash them.
Already up to date.
warning: in the working copy of 'autopush.log', CRLF will be replaced by LF the next time Git touches it
[Mon Nov 17 06:20:02 AM PST 2025] Changes detected — committing...
[main 2f8147f] Auto sync: 2025-11-17 06:20:02
 1 file changed, 14 insertions(+)
[Mon Nov 17 06:20:02 AM PST 2025] Pushing to GitHub...
To github.com:haunter-actual/haunter-actual.github.io.git
   39df1e0..2f8147f  main -> main
[Mon Nov 17 06:20:04 AM PST 2025] Push complete.
[Mon Nov 17 06:25:01 AM PST 2025] Starting auto-push...
From github.com:haunter-actual/haunter-actual.github.io
 * branch            main       -> FETCH_HEAD
error: cannot rebase: You have unstaged changes.
error: Please commit or stash them.
Already up to date.
warning: in the working copy of 'autopush.log', CRLF will be replaced by LF the next time Git touches it
[Mon Nov 17 06:25:03 AM PST 2025] Changes detected — committing...
[main d5d7f0f] Auto sync: 2025-11-17 06:25:03
 1 file changed, 14 insertions(+)
[Mon Nov 17 06:25:03 AM PST 2025] Pushing to GitHub...
To github.com:haunter-actual/haunter-actual.github.io.git
   2f8147f..d5d7f0f  main -> main
[Mon Nov 17 06:25:04 AM PST 2025] Push complete.
[Mon Nov 17 06:30:01 AM PST 2025] Starting auto-push...
From github.com:haunter-actual/haunter-actual.github.io
 * branch            main       -> FETCH_HEAD
error: cannot rebase: You have unstaged changes.
error: Please commit or stash them.
Already up to date.
warning: in the working copy of 'autopush.log', CRLF will be replaced by LF the next time Git touches it
[Mon Nov 17 06:30:03 AM PST 2025] Changes detected — committing...
[main e5c11b7] Auto sync: 2025-11-17 06:30:03
 1 file changed, 14 insertions(+)
[Mon Nov 17 06:30:03 AM PST 2025] Pushing to GitHub...
To github.com:haunter-actual/haunter-actual.github.io.git
   d5d7f0f..e5c11b7  main -> main
[Mon Nov 17 06:30:04 AM PST 2025] Push complete.
[Mon Nov 17 06:35:01 AM PST 2025] Starting auto-push...
From github.com:haunter-actual/haunter-actual.github.io
 * branch            main       -> FETCH_HEAD
error: cannot rebase: You have unstaged changes.
error: Please commit or stash them.
Already up to date.
warning: in the working copy of 'autopush.log', CRLF will be replaced by LF the next time Git touches it
[Mon Nov 17 06:35:02 AM PST 2025] Changes detected — committing...
[main ee3faf1] Auto sync: 2025-11-17 06:35:02
 1 file changed, 14 insertions(+)
[Mon Nov 17 06:35:02 AM PST 2025] Pushing to GitHub...
To github.com:haunter-actual/haunter-actual.github.io.git
   e5c11b7..ee3faf1  main -> main
[Mon Nov 17 06:35:03 AM PST 2025] Push complete.
[Mon Nov 17 06:40:01 AM PST 2025] Starting auto-push...
From github.com:haunter-actual/haunter-actual.github.io
 * branch            main       -> FETCH_HEAD
error: cannot rebase: You have unstaged changes.
error: Please commit or stash them.
Already up to date.
warning: in the working copy of 'autopush.log', CRLF will be replaced by LF the next time Git touches it
[Mon Nov 17 06:40:03 AM PST 2025] Changes detected — committing...
[main e91ac68] Auto sync: 2025-11-17 06:40:03
 1 file changed, 14 insertions(+)
[Mon Nov 17 06:40:03 AM PST 2025] Pushing to GitHub...
To github.com:haunter-actual/haunter-actual.github.io.git
   ee3faf1..e91ac68  main -> main
[Mon Nov 17 06:40:04 AM PST 2025] Push complete.
[Mon Nov 17 06:45:01 AM PST 2025] Starting auto-push...
From github.com:haunter-actual/haunter-actual.github.io
 * branch            main       -> FETCH_HEAD
error: cannot rebase: You have unstaged changes.
error: Please commit or stash them.
Already up to date.
warning: in the working copy of 'autopush.log', CRLF will be replaced by LF the next time Git touches it
[Mon Nov 17 06:45:03 AM PST 2025] Changes detected — committing...
[main 94267ba] Auto sync: 2025-11-17 06:45:03
 1 file changed, 14 insertions(+)
[Mon Nov 17 06:45:03 AM PST 2025] Pushing to GitHub...
To github.com:haunter-actual/haunter-actual.github.io.git
   e91ac68..94267ba  main -> main
[Mon Nov 17 06:45:04 AM PST 2025] Push complete.
[Mon Nov 17 06:50:01 AM PST 2025] Starting auto-push...
From github.com:haunter-actual/haunter-actual.github.io
 * branch            main       -> FETCH_HEAD
error: cannot rebase: You have unstaged changes.
error: Please commit or stash them.
Already up to date.
warning: in the working copy of 'autopush.log', CRLF will be replaced by LF the next time Git touches it
[Mon Nov 17 06:50:02 AM PST 2025] Changes detected — committing...
[main b3b4397] Auto sync: 2025-11-17 06:50:02
 1 file changed, 14 insertions(+)
[Mon Nov 17 06:50:02 AM PST 2025] Pushing to GitHub...
To github.com:haunter-actual/haunter-actual.github.io.git
   94267ba..b3b4397  main -> main
[Mon Nov 17 06:50:04 AM PST 2025] Push complete.
[Mon Nov 17 06:55:01 AM PST 2025] Starting auto-push...
From github.com:haunter-actual/haunter-actual.github.io
 * branch            main       -> FETCH_HEAD
error: cannot rebase: You have unstaged changes.
error: Please commit or stash them.
Already up to date.
warning: in the working copy of 'autopush.log', CRLF will be replaced by LF the next time Git touches it
[Mon Nov 17 06:55:02 AM PST 2025] Changes detected — committing...
[main 4662c4d] Auto sync: 2025-11-17 06:55:02
 1 file changed, 14 insertions(+)
[Mon Nov 17 06:55:02 AM PST 2025] Pushing to GitHub...
To github.com:haunter-actual/haunter-actual.github.io.git
   b3b4397..4662c4d  main -> main
[Mon Nov 17 06:55:04 AM PST 2025] Push complete.
[Mon Nov 17 07:00:01 AM PST 2025] Starting auto-push...
From github.com:haunter-actual/haunter-actual.github.io
 * branch            main       -> FETCH_HEAD
error: cannot rebase: You have unstaged changes.
error: Please commit or stash them.
Already up to date.
warning: in the working copy of 'autopush.log', CRLF will be replaced by LF the next time Git touches it
[Mon Nov 17 07:00:03 AM PST 2025] Changes detected — committing...
[main 4afc854] Auto sync: 2025-11-17 07:00:03
 1 file changed, 14 insertions(+)
[Mon Nov 17 07:00:03 AM PST 2025] Pushing to GitHub...
To github.com:haunter-actual/haunter-actual.github.io.git
   4662c4d..4afc854  main -> main
[Mon Nov 17 07:00:04 AM PST 2025] Push complete.
[Mon Nov 17 07:05:01 AM PST 2025] Starting auto-push...
From github.com:haunter-actual/haunter-actual.github.io
 * branch            main       -> FETCH_HEAD
error: cannot rebase: You have unstaged changes.
error: Please commit or stash them.
Already up to date.
warning: in the working copy of 'autopush.log', CRLF will be replaced by LF the next time Git touches it
[Mon Nov 17 07:05:03 AM PST 2025] Changes detected — committing...
[main 35323ef] Auto sync: 2025-11-17 07:05:03
 1 file changed, 14 insertions(+)
[Mon Nov 17 07:05:03 AM PST 2025] Pushing to GitHub...
To github.com:haunter-actual/haunter-actual.github.io.git
   4afc854..35323ef  main -> main
[Mon Nov 17 07:05:04 AM PST 2025] Push complete.
[Mon Nov 17 07:10:01 AM PST 2025] Starting auto-push...
From github.com:haunter-actual/haunter-actual.github.io
 * branch            main       -> FETCH_HEAD
error: cannot rebase: You have unstaged changes.
error: Please commit or stash them.
Already up to date.
warning: in the working copy of 'autopush.log', CRLF will be replaced by LF the next time Git touches it
[Mon Nov 17 07:10:03 AM PST 2025] Changes detected — committing...
[main d599791] Auto sync: 2025-11-17 07:10:03
 1 file changed, 14 insertions(+)
[Mon Nov 17 07:10:03 AM PST 2025] Pushing to GitHub...
To github.com:haunter-actual/haunter-actual.github.io.git
   35323ef..d599791  main -> main
[Mon Nov 17 07:10:04 AM PST 2025] Push complete.
[Mon Nov 17 07:15:01 AM PST 2025] Starting auto-push...
From github.com:haunter-actual/haunter-actual.github.io
 * branch            main       -> FETCH_HEAD
error: cannot rebase: You have unstaged changes.
error: Please commit or stash them.
Already up to date.
warning: in the working copy of 'autopush.log', CRLF will be replaced by LF the next time Git touches it
[Mon Nov 17 07:15:02 AM PST 2025] Changes detected — committing...
[main aef09fd] Auto sync: 2025-11-17 07:15:02
 1 file changed, 14 insertions(+)
[Mon Nov 17 07:15:02 AM PST 2025] Pushing to GitHub...
To github.com:haunter-actual/haunter-actual.github.io.git
   d599791..aef09fd  main -> main
[Mon Nov 17 07:15:03 AM PST 2025] Push complete.
[Mon Nov 17 07:20:01 AM PST 2025] Starting auto-push...
From github.com:haunter-actual/haunter-actual.github.io
 * branch            main       -> FETCH_HEAD
error: cannot rebase: You have unstaged changes.
error: Please commit or stash them.
Already up to date.
warning: in the working copy of 'autopush.log', CRLF will be replaced by LF the next time Git touches it
[Mon Nov 17 07:20:02 AM PST 2025] Changes detected — committing...
[main 45c26a9] Auto sync: 2025-11-17 07:20:02
 1 file changed, 14 insertions(+)
[Mon Nov 17 07:20:02 AM PST 2025] Pushing to GitHub...
To github.com:haunter-actual/haunter-actual.github.io.git
   aef09fd..45c26a9  main -> main
[Mon Nov 17 07:20:04 AM PST 2025] Push complete.
[Mon Nov 17 07:25:01 AM PST 2025] Starting auto-push...
From github.com:haunter-actual/haunter-actual.github.io
 * branch            main       -> FETCH_HEAD
error: cannot rebase: You have unstaged changes.
error: Please commit or stash them.
Already up to date.
warning: in the working copy of 'autopush.log', CRLF will be replaced by LF the next time Git touches it
[Mon Nov 17 07:25:02 AM PST 2025] Changes detected — committing...
[main 849696f] Auto sync: 2025-11-17 07:25:02
 1 file changed, 14 insertions(+)
[Mon Nov 17 07:25:02 AM PST 2025] Pushing to GitHub...
To github.com:haunter-actual/haunter-actual.github.io.git
   45c26a9..849696f  main -> main
[Mon Nov 17 07:25:04 AM PST 2025] Push complete.
[Mon Nov 17 07:30:01 AM PST 2025] Starting auto-push...
From github.com:haunter-actual/haunter-actual.github.io
 * branch            main       -> FETCH_HEAD
error: cannot rebase: You have unstaged changes.
error: Please commit or stash them.
Already up to date.
warning: in the working copy of 'autopush.log', CRLF will be replaced by LF the next time Git touches it
[Mon Nov 17 07:30:02 AM PST 2025] Changes detected — committing...
[main 51d9937] Auto sync: 2025-11-17 07:30:02
 1 file changed, 14 insertions(+)
[Mon Nov 17 07:30:02 AM PST 2025] Pushing to GitHub...
To github.com:haunter-actual/haunter-actual.github.io.git
   849696f..51d9937  main -> main
[Mon Nov 17 07:30:04 AM PST 2025] Push complete.
[Mon Nov 17 07:35:01 AM PST 2025] Starting auto-push...
From github.com:haunter-actual/haunter-actual.github.io
 * branch            main       -> FETCH_HEAD
error: cannot rebase: You have unstaged changes.
error: Please commit or stash them.
Already up to date.
warning: in the working copy of 'autopush.log', CRLF will be replaced by LF the next time Git touches it
[Mon Nov 17 07:35:02 AM PST 2025] Changes detected — committing...
[main 744b732] Auto sync: 2025-11-17 07:35:02
 1 file changed, 14 insertions(+)
[Mon Nov 17 07:35:02 AM PST 2025] Pushing to GitHub...
To github.com:haunter-actual/haunter-actual.github.io.git
   51d9937..744b732  main -> main
[Mon Nov 17 07:35:04 AM PST 2025] Push complete.
[Mon Nov 17 07:40:01 AM PST 2025] Starting auto-push...
From github.com:haunter-actual/haunter-actual.github.io
 * branch            main       -> FETCH_HEAD
error: cannot rebase: You have unstaged changes.
error: Please commit or stash them.
Already up to date.
warning: in the working copy of 'autopush.log', CRLF will be replaced by LF the next time Git touches it
[Mon Nov 17 07:40:03 AM PST 2025] Changes detected — committing...
[main 2cbd709] Auto sync: 2025-11-17 07:40:03
 1 file changed, 14 insertions(+)
[Mon Nov 17 07:40:03 AM PST 2025] Pushing to GitHub...
To github.com:haunter-actual/haunter-actual.github.io.git
   744b732..2cbd709  main -> main
[Mon Nov 17 07:40:04 AM PST 2025] Push complete.
[Mon Nov 17 07:45:01 AM PST 2025] Starting auto-push...
From github.com:haunter-actual/haunter-actual.github.io
 * branch            main       -> FETCH_HEAD
error: cannot rebase: You have unstaged changes.
error: Please commit or stash them.
Already up to date.
warning: in the working copy of 'autopush.log', CRLF will be replaced by LF the next time Git touches it
[Mon Nov 17 07:45:03 AM PST 2025] Changes detected — committing...
[main a524fd6] Auto sync: 2025-11-17 07:45:03
 1 file changed, 14 insertions(+)
[Mon Nov 17 07:45:03 AM PST 2025] Pushing to GitHub...
To github.com:haunter-actual/haunter-actual.github.io.git
   2cbd709..a524fd6  main -> main
[Mon Nov 17 07:45:04 AM PST 2025] Push complete.
[Mon Nov 17 07:50:01 AM PST 2025] Starting auto-push...
From github.com:haunter-actual/haunter-actual.github.io
 * branch            main       -> FETCH_HEAD
error: cannot rebase: You have unstaged changes.
error: Please commit or stash them.
Already up to date.
warning: in the working copy of 'autopush.log', CRLF will be replaced by LF the next time Git touches it
[Mon Nov 17 07:50:03 AM PST 2025] Changes detected — committing...
[main 4d00dfe] Auto sync: 2025-11-17 07:50:03
 1 file changed, 14 insertions(+)
[Mon Nov 17 07:50:03 AM PST 2025] Pushing to GitHub...
To github.com:haunter-actual/haunter-actual.github.io.git
   a524fd6..4d00dfe  main -> main
[Mon Nov 17 07:50:04 AM PST 2025] Push complete.
[Mon Nov 17 07:55:01 AM PST 2025] Starting auto-push...
From github.com:haunter-actual/haunter-actual.github.io
 * branch            main       -> FETCH_HEAD
error: cannot rebase: You have unstaged changes.
error: Please commit or stash them.
Already up to date.
warning: in the working copy of 'autopush.log', CRLF will be replaced by LF the next time Git touches it
[Mon Nov 17 07:55:03 AM PST 2025] Changes detected — committing...
[main 58fc844] Auto sync: 2025-11-17 07:55:03
 1 file changed, 14 insertions(+)
[Mon Nov 17 07:55:03 AM PST 2025] Pushing to GitHub...
To github.com:haunter-actual/haunter-actual.github.io.git
   4d00dfe..58fc844  main -> main
[Mon Nov 17 07:55:04 AM PST 2025] Push complete.
[Mon Nov 17 08:00:01 AM PST 2025] Starting auto-push...
From github.com:haunter-actual/haunter-actual.github.io
 * branch            main       -> FETCH_HEAD
error: cannot rebase: You have unstaged changes.
error: Please commit or stash them.
Already up to date.
warning: in the working copy of 'autopush.log', CRLF will be replaced by LF the next time Git touches it
[Mon Nov 17 08:00:03 AM PST 2025] Changes detected — committing...
[main 99db214] Auto sync: 2025-11-17 08:00:03
 1 file changed, 14 insertions(+)
[Mon Nov 17 08:00:03 AM PST 2025] Pushing to GitHub...
To github.com:haunter-actual/haunter-actual.github.io.git
   58fc844..99db214  main -> main
[Mon Nov 17 08:00:04 AM PST 2025] Push complete.
[Mon Nov 17 08:05:01 AM PST 2025] Starting auto-push...
From github.com:haunter-actual/haunter-actual.github.io
 * branch            main       -> FETCH_HEAD
error: cannot rebase: You have unstaged changes.
error: Please commit or stash them.
Already up to date.
warning: in the working copy of 'autopush.log', CRLF will be replaced by LF the next time Git touches it
[Mon Nov 17 08:05:03 AM PST 2025] Changes detected — committing...
[main be88b3e] Auto sync: 2025-11-17 08:05:03
 1 file changed, 14 insertions(+)
[Mon Nov 17 08:05:03 AM PST 2025] Pushing to GitHub...
To github.com:haunter-actual/haunter-actual.github.io.git
   99db214..be88b3e  main -> main
[Mon Nov 17 08:05:04 AM PST 2025] Push complete.
[Mon Nov 17 08:10:01 AM PST 2025] Starting auto-push...
From github.com:haunter-actual/haunter-actual.github.io
 * branch            main       -> FETCH_HEAD
error: cannot rebase: You have unstaged changes.
error: Please commit or stash them.
Already up to date.
warning: in the working copy of 'autopush.log', CRLF will be replaced by LF the next time Git touches it
[Mon Nov 17 08:10:02 AM PST 2025] Changes detected — committing...
[main c002632] Auto sync: 2025-11-17 08:10:02
 1 file changed, 14 insertions(+)
[Mon Nov 17 08:10:02 AM PST 2025] Pushing to GitHub...
To github.com:haunter-actual/haunter-actual.github.io.git
   be88b3e..c002632  main -> main
[Mon Nov 17 08:10:04 AM PST 2025] Push complete.
[Mon Nov 17 08:15:01 AM PST 2025] Starting auto-push...
From github.com:haunter-actual/haunter-actual.github.io
 * branch            main       -> FETCH_HEAD
error: cannot rebase: You have unstaged changes.
error: Please commit or stash them.
Already up to date.
warning: in the working copy of 'autopush.log', CRLF will be replaced by LF the next time Git touches it
[Mon Nov 17 08:15:02 AM PST 2025] Changes detected — committing...
[main 3111adb] Auto sync: 2025-11-17 08:15:02
 1 file changed, 14 insertions(+)
[Mon Nov 17 08:15:02 AM PST 2025] Pushing to GitHub...
To github.com:haunter-actual/haunter-actual.github.io.git
   c002632..3111adb  main -> main
[Mon Nov 17 08:15:04 AM PST 2025] Push complete.
[Mon Nov 17 08:20:01 AM PST 2025] Starting auto-push...
From github.com:haunter-actual/haunter-actual.github.io
 * branch            main       -> FETCH_HEAD
error: cannot rebase: You have unstaged changes.
error: Please commit or stash them.
Already up to date.
warning: in the working copy of 'autopush.log', CRLF will be replaced by LF the next time Git touches it
[Mon Nov 17 08:20:02 AM PST 2025] Changes detected — committing...
[main 0f0737e] Auto sync: 2025-11-17 08:20:02
 1 file changed, 14 insertions(+)
[Mon Nov 17 08:20:02 AM PST 2025] Pushing to GitHub...
To github.com:haunter-actual/haunter-actual.github.io.git
   3111adb..0f0737e  main -> main
[Mon Nov 17 08:20:04 AM PST 2025] Push complete.
[Mon Nov 17 08:25:02 AM PST 2025] Starting auto-push...
From github.com:haunter-actual/haunter-actual.github.io
 * branch            main       -> FETCH_HEAD
error: cannot rebase: You have unstaged changes.
error: Please commit or stash them.
Already up to date.
warning: in the working copy of 'autopush.log', CRLF will be replaced by LF the next time Git touches it
[Mon Nov 17 08:25:03 AM PST 2025] Changes detected — committing...
[main 6bf9edb] Auto sync: 2025-11-17 08:25:03
 1 file changed, 14 insertions(+)
[Mon Nov 17 08:25:03 AM PST 2025] Pushing to GitHub...
To github.com:haunter-actual/haunter-actual.github.io.git
   0f0737e..6bf9edb  main -> main
[Mon Nov 17 08:25:05 AM PST 2025] Push complete.
[Mon Nov 17 08:30:01 AM PST 2025] Starting auto-push...
From github.com:haunter-actual/haunter-actual.github.io
 * branch            main       -> FETCH_HEAD
error: cannot rebase: You have unstaged changes.
error: Please commit or stash them.
Already up to date.
warning: in the working copy of 'autopush.log', CRLF will be replaced by LF the next time Git touches it
[Mon Nov 17 08:30:02 AM PST 2025] Changes detected — committing...
[main 44cf109] Auto sync: 2025-11-17 08:30:02
 1 file changed, 14 insertions(+)
[Mon Nov 17 08:30:02 AM PST 2025] Pushing to GitHub...
To github.com:haunter-actual/haunter-actual.github.io.git
   6bf9edb..44cf109  main -> main
[Mon Nov 17 08:30:04 AM PST 2025] Push complete.
[Mon Nov 17 08:35:01 AM PST 2025] Starting auto-push...
From github.com:haunter-actual/haunter-actual.github.io
 * branch            main       -> FETCH_HEAD
error: cannot rebase: You have unstaged changes.
error: Please commit or stash them.
Already up to date.
warning: in the working copy of 'autopush.log', CRLF will be replaced by LF the next time Git touches it
[Mon Nov 17 08:35:02 AM PST 2025] Changes detected — committing...
[main a33d4c9] Auto sync: 2025-11-17 08:35:02
 1 file changed, 14 insertions(+)
[Mon Nov 17 08:35:02 AM PST 2025] Pushing to GitHub...
To github.com:haunter-actual/haunter-actual.github.io.git
   44cf109..a33d4c9  main -> main
[Mon Nov 17 08:35:04 AM PST 2025] Push complete.
[Mon Nov 17 08:40:01 AM PST 2025] Starting auto-push...
From github.com:haunter-actual/haunter-actual.github.io
 * branch            main       -> FETCH_HEAD
error: cannot rebase: You have unstaged changes.
error: Please commit or stash them.
Already up to date.
warning: in the working copy of 'autopush.log', CRLF will be replaced by LF the next time Git touches it
[Mon Nov 17 08:40:02 AM PST 2025] Changes detected — committing...
[main 4fc606a] Auto sync: 2025-11-17 08:40:02
 1 file changed, 14 insertions(+)
[Mon Nov 17 08:40:02 AM PST 2025] Pushing to GitHub...
To github.com:haunter-actual/haunter-actual.github.io.git
   a33d4c9..4fc606a  main -> main
[Mon Nov 17 08:40:04 AM PST 2025] Push complete.
[Mon Nov 17 08:45:01 AM PST 2025] Starting auto-push...
From github.com:haunter-actual/haunter-actual.github.io
 * branch            main       -> FETCH_HEAD
error: cannot rebase: You have unstaged changes.
error: Please commit or stash them.
Already up to date.
warning: in the working copy of 'autopush.log', CRLF will be replaced by LF the next time Git touches it
[Mon Nov 17 08:45:02 AM PST 2025] Changes detected — committing...
[main 12db37b] Auto sync: 2025-11-17 08:45:02
 1 file changed, 14 insertions(+)
[Mon Nov 17 08:45:02 AM PST 2025] Pushing to GitHub...
To github.com:haunter-actual/haunter-actual.github.io.git
   4fc606a..12db37b  main -> main
[Mon Nov 17 08:45:04 AM PST 2025] Push complete.
[Mon Nov 17 08:50:01 AM PST 2025] Starting auto-push...
From github.com:haunter-actual/haunter-actual.github.io
 * branch            main       -> FETCH_HEAD
error: cannot rebase: You have unstaged changes.
error: Please commit or stash them.
Already up to date.
warning: in the working copy of 'autopush.log', CRLF will be replaced by LF the next time Git touches it
[Mon Nov 17 08:50:02 AM PST 2025] Changes detected — committing...
[main 866e178] Auto sync: 2025-11-17 08:50:02
 1 file changed, 14 insertions(+)
[Mon Nov 17 08:50:02 AM PST 2025] Pushing to GitHub...
To github.com:haunter-actual/haunter-actual.github.io.git
   12db37b..866e178  main -> main
[Mon Nov 17 08:50:04 AM PST 2025] Push complete.
[Mon Nov 17 08:55:02 AM PST 2025] Starting auto-push...
From github.com:haunter-actual/haunter-actual.github.io
 * branch            main       -> FETCH_HEAD
error: cannot rebase: You have unstaged changes.
error: Please commit or stash them.
Already up to date.
warning: in the working copy of 'autopush.log', CRLF will be replaced by LF the next time Git touches it
[Mon Nov 17 08:55:03 AM PST 2025] Changes detected — committing...
[main 60e94fd] Auto sync: 2025-11-17 08:55:03
 1 file changed, 14 insertions(+)
[Mon Nov 17 08:55:03 AM PST 2025] Pushing to GitHub...
To github.com:haunter-actual/haunter-actual.github.io.git
   866e178..60e94fd  main -> main
[Mon Nov 17 08:55:05 AM PST 2025] Push complete.
[Mon Nov 17 09:00:01 AM PST 2025] Starting auto-push...
From github.com:haunter-actual/haunter-actual.github.io
 * branch            main       -> FETCH_HEAD
error: cannot rebase: You have unstaged changes.
error: Please commit or stash them.
Already up to date.
warning: in the working copy of 'autopush.log', CRLF will be replaced by LF the next time Git touches it
[Mon Nov 17 09:00:02 AM PST 2025] Changes detected — committing...
[main 839d162] Auto sync: 2025-11-17 09:00:02
 1 file changed, 14 insertions(+)
[Mon Nov 17 09:00:02 AM PST 2025] Pushing to GitHub...
To github.com:haunter-actual/haunter-actual.github.io.git
   60e94fd..839d162  main -> main
[Mon Nov 17 09:00:04 AM PST 2025] Push complete.
[Mon Nov 17 09:05:01 AM PST 2025] Starting auto-push...
From github.com:haunter-actual/haunter-actual.github.io
 * branch            main       -> FETCH_HEAD
error: cannot rebase: You have unstaged changes.
error: Please commit or stash them.
Already up to date.
warning: in the working copy of 'autopush.log', CRLF will be replaced by LF the next time Git touches it
[Mon Nov 17 09:05:02 AM PST 2025] Changes detected — committing...
[main 07a1d30] Auto sync: 2025-11-17 09:05:02
 1 file changed, 14 insertions(+)
[Mon Nov 17 09:05:02 AM PST 2025] Pushing to GitHub...
To github.com:haunter-actual/haunter-actual.github.io.git
   839d162..07a1d30  main -> main
[Mon Nov 17 09:05:04 AM PST 2025] Push complete.
[Mon Nov 17 09:10:01 AM PST 2025] Starting auto-push...
From github.com:haunter-actual/haunter-actual.github.io
 * branch            main       -> FETCH_HEAD
error: cannot rebase: You have unstaged changes.
error: Please commit or stash them.
Already up to date.
warning: in the working copy of 'autopush.log', CRLF will be replaced by LF the next time Git touches it
[Mon Nov 17 09:10:02 AM PST 2025] Changes detected — committing...
[main 54107c7] Auto sync: 2025-11-17 09:10:02
 1 file changed, 14 insertions(+)
[Mon Nov 17 09:10:02 AM PST 2025] Pushing to GitHub...
To github.com:haunter-actual/haunter-actual.github.io.git
   07a1d30..54107c7  main -> main
[Mon Nov 17 09:10:04 AM PST 2025] Push complete.
[Mon Nov 17 09:15:01 AM PST 2025] Starting auto-push...
From github.com:haunter-actual/haunter-actual.github.io
 * branch            main       -> FETCH_HEAD
error: cannot rebase: You have unstaged changes.
error: Please commit or stash them.
Already up to date.
warning: in the working copy of 'autopush.log', CRLF will be replaced by LF the next time Git touches it
[Mon Nov 17 09:15:03 AM PST 2025] Changes detected — committing...
[main 8e7e187] Auto sync: 2025-11-17 09:15:03
 1 file changed, 14 insertions(+)
[Mon Nov 17 09:15:03 AM PST 2025] Pushing to GitHub...
To github.com:haunter-actual/haunter-actual.github.io.git
   54107c7..8e7e187  main -> main
[Mon Nov 17 09:15:04 AM PST 2025] Push complete.
[Mon Nov 17 09:20:01 AM PST 2025] Starting auto-push...
From github.com:haunter-actual/haunter-actual.github.io
 * branch            main       -> FETCH_HEAD
error: cannot rebase: You have unstaged changes.
error: Please commit or stash them.
Already up to date.
warning: in the working copy of 'autopush.log', CRLF will be replaced by LF the next time Git touches it
[Mon Nov 17 09:20:02 AM PST 2025] Changes detected — committing...
[main a8a2d89] Auto sync: 2025-11-17 09:20:02
 1 file changed, 14 insertions(+)
[Mon Nov 17 09:20:02 AM PST 2025] Pushing to GitHub...
To github.com:haunter-actual/haunter-actual.github.io.git
   8e7e187..a8a2d89  main -> main
[Mon Nov 17 09:20:04 AM PST 2025] Push complete.
[Mon Nov 17 09:25:01 AM PST 2025] Starting auto-push...
From github.com:haunter-actual/haunter-actual.github.io
 * branch            main       -> FETCH_HEAD
error: cannot rebase: You have unstaged changes.
error: Please commit or stash them.
Already up to date.
warning: in the working copy of 'autopush.log', CRLF will be replaced by LF the next time Git touches it
[Mon Nov 17 09:25:02 AM PST 2025] Changes detected — committing...
[main 75e6f15] Auto sync: 2025-11-17 09:25:02
 1 file changed, 14 insertions(+)
[Mon Nov 17 09:25:02 AM PST 2025] Pushing to GitHub...
To github.com:haunter-actual/haunter-actual.github.io.git
   a8a2d89..75e6f15  main -> main
[Mon Nov 17 09:25:04 AM PST 2025] Push complete.
[Mon Nov 17 09:30:01 AM PST 2025] Starting auto-push...
From github.com:haunter-actual/haunter-actual.github.io
 * branch            main       -> FETCH_HEAD
error: cannot rebase: You have unstaged changes.
error: Please commit or stash them.
Already up to date.
warning: in the working copy of 'autopush.log', CRLF will be replaced by LF the next time Git touches it
[Mon Nov 17 09:30:02 AM PST 2025] Changes detected — committing...
[main 64dac72] Auto sync: 2025-11-17 09:30:02
 1 file changed, 14 insertions(+)
[Mon Nov 17 09:30:03 AM PST 2025] Pushing to GitHub...
To github.com:haunter-actual/haunter-actual.github.io.git
   75e6f15..64dac72  main -> main
[Mon Nov 17 09:30:04 AM PST 2025] Push complete.
[Mon Nov 17 09:35:01 AM PST 2025] Starting auto-push...
From github.com:haunter-actual/haunter-actual.github.io
 * branch            main       -> FETCH_HEAD
error: cannot rebase: You have unstaged changes.
error: Please commit or stash them.
Already up to date.
warning: in the working copy of 'autopush.log', CRLF will be replaced by LF the next time Git touches it
[Mon Nov 17 09:35:03 AM PST 2025] Changes detected — committing...
[main b866320] Auto sync: 2025-11-17 09:35:03
 1 file changed, 14 insertions(+)
[Mon Nov 17 09:35:03 AM PST 2025] Pushing to GitHub...
To github.com:haunter-actual/haunter-actual.github.io.git
   64dac72..b866320  main -> main
[Mon Nov 17 09:35:04 AM PST 2025] Push complete.
[Mon Nov 17 09:40:01 AM PST 2025] Starting auto-push...
From github.com:haunter-actual/haunter-actual.github.io
 * branch            main       -> FETCH_HEAD
error: cannot rebase: You have unstaged changes.
error: Please commit or stash them.
Already up to date.
warning: in the working copy of 'autopush.log', CRLF will be replaced by LF the next time Git touches it
[Mon Nov 17 09:40:03 AM PST 2025] Changes detected — committing...
[main eaa6afe] Auto sync: 2025-11-17 09:40:03
 1 file changed, 14 insertions(+)
[Mon Nov 17 09:40:03 AM PST 2025] Pushing to GitHub...
To github.com:haunter-actual/haunter-actual.github.io.git
   b866320..eaa6afe  main -> main
[Mon Nov 17 09:40:04 AM PST 2025] Push complete.
[Mon Nov 17 09:45:01 AM PST 2025] Starting auto-push...
From github.com:haunter-actual/haunter-actual.github.io
 * branch            main       -> FETCH_HEAD
error: cannot rebase: You have unstaged changes.
error: Please commit or stash them.
Already up to date.
warning: in the working copy of 'autopush.log', CRLF will be replaced by LF the next time Git touches it
[Mon Nov 17 09:45:02 AM PST 2025] Changes detected — committing...
[main 26c5ef2] Auto sync: 2025-11-17 09:45:02
 1 file changed, 14 insertions(+)
[Mon Nov 17 09:45:02 AM PST 2025] Pushing to GitHub...
To github.com:haunter-actual/haunter-actual.github.io.git
   eaa6afe..26c5ef2  main -> main
[Mon Nov 17 09:45:04 AM PST 2025] Push complete.
[Mon Nov 17 09:50:01 AM PST 2025] Starting auto-push...
From github.com:haunter-actual/haunter-actual.github.io
 * branch            main       -> FETCH_HEAD
error: cannot rebase: You have unstaged changes.
error: Please commit or stash them.
Already up to date.
warning: in the working copy of 'autopush.log', CRLF will be replaced by LF the next time Git touches it
[Mon Nov 17 09:50:02 AM PST 2025] Changes detected — committing...
[main f5eccd8] Auto sync: 2025-11-17 09:50:02
 1 file changed, 14 insertions(+)
[Mon Nov 17 09:50:02 AM PST 2025] Pushing to GitHub...
To github.com:haunter-actual/haunter-actual.github.io.git
   26c5ef2..f5eccd8  main -> main
[Mon Nov 17 09:50:04 AM PST 2025] Push complete.
[Mon Nov 17 09:55:01 AM PST 2025] Starting auto-push...
From github.com:haunter-actual/haunter-actual.github.io
 * branch            main       -> FETCH_HEAD
error: cannot rebase: You have unstaged changes.
error: Please commit or stash them.
Already up to date.
warning: in the working copy of 'autopush.log', CRLF will be replaced by LF the next time Git touches it
[Mon Nov 17 09:55:03 AM PST 2025] Changes detected — committing...
[main 0a0d996] Auto sync: 2025-11-17 09:55:03
 1 file changed, 14 insertions(+)
[Mon Nov 17 09:55:03 AM PST 2025] Pushing to GitHub...
To github.com:haunter-actual/haunter-actual.github.io.git
   f5eccd8..0a0d996  main -> main
[Mon Nov 17 09:55:04 AM PST 2025] Push complete.
[Mon Nov 17 10:00:01 AM PST 2025] Starting auto-push...
From github.com:haunter-actual/haunter-actual.github.io
 * branch            main       -> FETCH_HEAD
error: cannot rebase: You have unstaged changes.
error: Please commit or stash them.
Already up to date.
warning: in the working copy of 'autopush.log', CRLF will be replaced by LF the next time Git touches it
[Mon Nov 17 10:00:03 AM PST 2025] Changes detected — committing...
[main 3ecef5e] Auto sync: 2025-11-17 10:00:03
 1 file changed, 14 insertions(+)
[Mon Nov 17 10:00:03 AM PST 2025] Pushing to GitHub...
To github.com:haunter-actual/haunter-actual.github.io.git
   0a0d996..3ecef5e  main -> main
[Mon Nov 17 10:00:04 AM PST 2025] Push complete.
[Mon Nov 17 10:05:01 AM PST 2025] Starting auto-push...
From github.com:haunter-actual/haunter-actual.github.io
 * branch            main       -> FETCH_HEAD
error: cannot rebase: You have unstaged changes.
error: Please commit or stash them.
Already up to date.
warning: in the working copy of 'autopush.log', CRLF will be replaced by LF the next time Git touches it
[Mon Nov 17 10:05:02 AM PST 2025] Changes detected — committing...
[main abfd0c0] Auto sync: 2025-11-17 10:05:02
 1 file changed, 14 insertions(+)
[Mon Nov 17 10:05:02 AM PST 2025] Pushing to GitHub...
To github.com:haunter-actual/haunter-actual.github.io.git
   3ecef5e..abfd0c0  main -> main
[Mon Nov 17 10:05:04 AM PST 2025] Push complete.
[Mon Nov 17 10:10:01 AM PST 2025] Starting auto-push...
From github.com:haunter-actual/haunter-actual.github.io
 * branch            main       -> FETCH_HEAD
error: cannot rebase: You have unstaged changes.
error: Please commit or stash them.
Already up to date.
warning: in the working copy of 'autopush.log', CRLF will be replaced by LF the next time Git touches it
[Mon Nov 17 10:10:02 AM PST 2025] Changes detected — committing...
[main 0d8b063] Auto sync: 2025-11-17 10:10:02
 1 file changed, 14 insertions(+)
[Mon Nov 17 10:10:02 AM PST 2025] Pushing to GitHub...
To github.com:haunter-actual/haunter-actual.github.io.git
   abfd0c0..0d8b063  main -> main
[Mon Nov 17 10:10:04 AM PST 2025] Push complete.
[Mon Nov 17 10:15:01 AM PST 2025] Starting auto-push...
From github.com:haunter-actual/haunter-actual.github.io
 * branch            main       -> FETCH_HEAD
error: cannot rebase: You have unstaged changes.
error: Please commit or stash them.
Already up to date.
warning: in the working copy of 'autopush.log', CRLF will be replaced by LF the next time Git touches it
[Mon Nov 17 10:15:02 AM PST 2025] Changes detected — committing...
[main e3e44f7] Auto sync: 2025-11-17 10:15:02
 1 file changed, 14 insertions(+)
[Mon Nov 17 10:15:02 AM PST 2025] Pushing to GitHub...
To github.com:haunter-actual/haunter-actual.github.io.git
   0d8b063..e3e44f7  main -> main
[Mon Nov 17 10:15:04 AM PST 2025] Push complete.
[Mon Nov 17 10:20:01 AM PST 2025] Starting auto-push...
From github.com:haunter-actual/haunter-actual.github.io
 * branch            main       -> FETCH_HEAD
error: cannot rebase: You have unstaged changes.
error: Please commit or stash them.
Already up to date.
warning: in the working copy of 'autopush.log', CRLF will be replaced by LF the next time Git touches it
[Mon Nov 17 10:20:03 AM PST 2025] Changes detected — committing...
[main 8e9f64e] Auto sync: 2025-11-17 10:20:03
 1 file changed, 14 insertions(+)
[Mon Nov 17 10:20:03 AM PST 2025] Pushing to GitHub...
To github.com:haunter-actual/haunter-actual.github.io.git
   e3e44f7..8e9f64e  main -> main
[Mon Nov 17 10:20:04 AM PST 2025] Push complete.
[Mon Nov 17 10:25:01 AM PST 2025] Starting auto-push...
From github.com:haunter-actual/haunter-actual.github.io
 * branch            main       -> FETCH_HEAD
error: cannot rebase: You have unstaged changes.
error: Please commit or stash them.
Already up to date.
warning: in the working copy of 'autopush.log', CRLF will be replaced by LF the next time Git touches it
[Mon Nov 17 10:25:03 AM PST 2025] Changes detected — committing...
[main 7a4220a] Auto sync: 2025-11-17 10:25:03
 1 file changed, 14 insertions(+)
[Mon Nov 17 10:25:03 AM PST 2025] Pushing to GitHub...
To github.com:haunter-actual/haunter-actual.github.io.git
   8e9f64e..7a4220a  main -> main
[Mon Nov 17 10:25:04 AM PST 2025] Push complete.
[Mon Nov 17 10:30:01 AM PST 2025] Starting auto-push...
From github.com:haunter-actual/haunter-actual.github.io
 * branch            main       -> FETCH_HEAD
error: cannot rebase: You have unstaged changes.
error: Please commit or stash them.
Already up to date.
warning: in the working copy of 'autopush.log', CRLF will be replaced by LF the next time Git touches it
[Mon Nov 17 10:30:03 AM PST 2025] Changes detected — committing...
[main e1f7382] Auto sync: 2025-11-17 10:30:03
 1 file changed, 14 insertions(+)
[Mon Nov 17 10:30:03 AM PST 2025] Pushing to GitHub...
To github.com:haunter-actual/haunter-actual.github.io.git
   7a4220a..e1f7382  main -> main
[Mon Nov 17 10:30:04 AM PST 2025] Push complete.
[Mon Nov 17 10:35:01 AM PST 2025] Starting auto-push...
From github.com:haunter-actual/haunter-actual.github.io
 * branch            main       -> FETCH_HEAD
error: cannot rebase: You have unstaged changes.
error: Please commit or stash them.
Already up to date.
warning: in the working copy of 'autopush.log', CRLF will be replaced by LF the next time Git touches it
[Mon Nov 17 10:35:03 AM PST 2025] Changes detected — committing...
[main 6501a9f] Auto sync: 2025-11-17 10:35:03
 1 file changed, 14 insertions(+)
[Mon Nov 17 10:35:03 AM PST 2025] Pushing to GitHub...
To github.com:haunter-actual/haunter-actual.github.io.git
   e1f7382..6501a9f  main -> main
[Mon Nov 17 10:35:05 AM PST 2025] Push complete.
[Mon Nov 17 10:40:01 AM PST 2025] Starting auto-push...
From github.com:haunter-actual/haunter-actual.github.io
 * branch            main       -> FETCH_HEAD
error: cannot rebase: You have unstaged changes.
error: Please commit or stash them.
Already up to date.
warning: in the working copy of 'autopush.log', CRLF will be replaced by LF the next time Git touches it
[Mon Nov 17 10:40:02 AM PST 2025] Changes detected — committing...
[main 914791c] Auto sync: 2025-11-17 10:40:02
 1 file changed, 14 insertions(+)
[Mon Nov 17 10:40:02 AM PST 2025] Pushing to GitHub...
To github.com:haunter-actual/haunter-actual.github.io.git
   6501a9f..914791c  main -> main
[Mon Nov 17 10:40:04 AM PST 2025] Push complete.
[Mon Nov 17 10:45:01 AM PST 2025] Starting auto-push...
From github.com:haunter-actual/haunter-actual.github.io
 * branch            main       -> FETCH_HEAD
error: cannot rebase: You have unstaged changes.
error: Please commit or stash them.
Already up to date.
warning: in the working copy of 'autopush.log', CRLF will be replaced by LF the next time Git touches it
[Mon Nov 17 10:45:02 AM PST 2025] Changes detected — committing...
[main e99acf0] Auto sync: 2025-11-17 10:45:02
 1 file changed, 14 insertions(+)
[Mon Nov 17 10:45:02 AM PST 2025] Pushing to GitHub...
To github.com:haunter-actual/haunter-actual.github.io.git
   914791c..e99acf0  main -> main
[Mon Nov 17 10:45:04 AM PST 2025] Push complete.
[Mon Nov 17 10:50:02 AM PST 2025] Starting auto-push...
From github.com:haunter-actual/haunter-actual.github.io
 * branch            main       -> FETCH_HEAD
error: cannot rebase: You have unstaged changes.
error: Please commit or stash them.
Already up to date.
warning: in the working copy of 'autopush.log', CRLF will be replaced by LF the next time Git touches it
[Mon Nov 17 10:50:03 AM PST 2025] Changes detected — committing...
[main fddeeaa] Auto sync: 2025-11-17 10:50:03
 1 file changed, 14 insertions(+)
[Mon Nov 17 10:50:03 AM PST 2025] Pushing to GitHub...
To github.com:haunter-actual/haunter-actual.github.io.git
   e99acf0..fddeeaa  main -> main
[Mon Nov 17 10:50:05 AM PST 2025] Push complete.
[Mon Nov 17 10:55:01 AM PST 2025] Starting auto-push...
From github.com:haunter-actual/haunter-actual.github.io
 * branch            main       -> FETCH_HEAD
error: cannot rebase: You have unstaged changes.
error: Please commit or stash them.
Already up to date.
warning: in the working copy of 'autopush.log', CRLF will be replaced by LF the next time Git touches it
[Mon Nov 17 10:55:03 AM PST 2025] Changes detected — committing...
[main eabdb2d] Auto sync: 2025-11-17 10:55:03
 1 file changed, 14 insertions(+)
[Mon Nov 17 10:55:03 AM PST 2025] Pushing to GitHub...
To github.com:haunter-actual/haunter-actual.github.io.git
   fddeeaa..eabdb2d  main -> main
[Mon Nov 17 10:55:05 AM PST 2025] Push complete.
[Mon Nov 17 11:00:01 AM PST 2025] Starting auto-push...
From github.com:haunter-actual/haunter-actual.github.io
 * branch            main       -> FETCH_HEAD
error: cannot rebase: You have unstaged changes.
error: Please commit or stash them.
Already up to date.
warning: in the working copy of 'autopush.log', CRLF will be replaced by LF the next time Git touches it
[Mon Nov 17 11:00:02 AM PST 2025] Changes detected — committing...
[main 2035285] Auto sync: 2025-11-17 11:00:02
 1 file changed, 14 insertions(+)
[Mon Nov 17 11:00:02 AM PST 2025] Pushing to GitHub...
To github.com:haunter-actual/haunter-actual.github.io.git
   eabdb2d..2035285  main -> main
[Mon Nov 17 11:00:04 AM PST 2025] Push complete.
[Mon Nov 17 11:05:01 AM PST 2025] Starting auto-push...
From github.com:haunter-actual/haunter-actual.github.io
 * branch            main       -> FETCH_HEAD
error: cannot rebase: You have unstaged changes.
error: Please commit or stash them.
Already up to date.
warning: in the working copy of 'autopush.log', CRLF will be replaced by LF the next time Git touches it
[Mon Nov 17 11:05:03 AM PST 2025] Changes detected — committing...
[main 68657a2] Auto sync: 2025-11-17 11:05:03
 1 file changed, 14 insertions(+)
[Mon Nov 17 11:05:03 AM PST 2025] Pushing to GitHub...
To github.com:haunter-actual/haunter-actual.github.io.git
   2035285..68657a2  main -> main
[Mon Nov 17 11:05:04 AM PST 2025] Push complete.
[Mon Nov 17 11:10:01 AM PST 2025] Starting auto-push...
From github.com:haunter-actual/haunter-actual.github.io
 * branch            main       -> FETCH_HEAD
error: cannot rebase: You have unstaged changes.
error: Please commit or stash them.
Already up to date.
warning: in the working copy of 'autopush.log', CRLF will be replaced by LF the next time Git touches it
[Mon Nov 17 11:10:03 AM PST 2025] Changes detected — committing...
[main 46d5d92] Auto sync: 2025-11-17 11:10:03
 1 file changed, 14 insertions(+)
[Mon Nov 17 11:10:03 AM PST 2025] Pushing to GitHub...
To github.com:haunter-actual/haunter-actual.github.io.git
   68657a2..46d5d92  main -> main
[Mon Nov 17 11:10:04 AM PST 2025] Push complete.
[Mon Nov 17 11:15:01 AM PST 2025] Starting auto-push...
From github.com:haunter-actual/haunter-actual.github.io
 * branch            main       -> FETCH_HEAD
error: cannot rebase: You have unstaged changes.
error: Please commit or stash them.
Already up to date.
warning: in the working copy of 'autopush.log', CRLF will be replaced by LF the next time Git touches it
[Mon Nov 17 11:15:02 AM PST 2025] Changes detected — committing...
[main 077ca1a] Auto sync: 2025-11-17 11:15:02
 1 file changed, 14 insertions(+)
[Mon Nov 17 11:15:02 AM PST 2025] Pushing to GitHub...
To github.com:haunter-actual/haunter-actual.github.io.git
   46d5d92..077ca1a  main -> main
[Mon Nov 17 11:15:04 AM PST 2025] Push complete.
[Mon Nov 17 11:20:01 AM PST 2025] Starting auto-push...
From github.com:haunter-actual/haunter-actual.github.io
 * branch            main       -> FETCH_HEAD
error: cannot rebase: You have unstaged changes.
error: Please commit or stash them.
Already up to date.
warning: in the working copy of 'autopush.log', CRLF will be replaced by LF the next time Git touches it
[Mon Nov 17 11:20:03 AM PST 2025] Changes detected — committing...
[main 4fe01b5] Auto sync: 2025-11-17 11:20:03
 1 file changed, 14 insertions(+)
[Mon Nov 17 11:20:03 AM PST 2025] Pushing to GitHub...
To github.com:haunter-actual/haunter-actual.github.io.git
   077ca1a..4fe01b5  main -> main
[Mon Nov 17 11:20:04 AM PST 2025] Push complete.
[Mon Nov 17 11:25:01 AM PST 2025] Starting auto-push...
From github.com:haunter-actual/haunter-actual.github.io
 * branch            main       -> FETCH_HEAD
error: cannot rebase: You have unstaged changes.
error: Please commit or stash them.
Already up to date.
warning: in the working copy of 'autopush.log', CRLF will be replaced by LF the next time Git touches it
[Mon Nov 17 11:25:02 AM PST 2025] Changes detected — committing...
[main 88b6b27] Auto sync: 2025-11-17 11:25:02
 1 file changed, 14 insertions(+)
[Mon Nov 17 11:25:02 AM PST 2025] Pushing to GitHub...
To github.com:haunter-actual/haunter-actual.github.io.git
   4fe01b5..88b6b27  main -> main
[Mon Nov 17 11:25:04 AM PST 2025] Push complete.
[Mon Nov 17 11:30:01 AM PST 2025] Starting auto-push...
From github.com:haunter-actual/haunter-actual.github.io
 * branch            main       -> FETCH_HEAD
error: cannot rebase: You have unstaged changes.
error: Please commit or stash them.
Already up to date.
warning: in the working copy of 'autopush.log', CRLF will be replaced by LF the next time Git touches it
[Mon Nov 17 11:30:02 AM PST 2025] Changes detected — committing...
[main ead5ebf] Auto sync: 2025-11-17 11:30:02
 1 file changed, 14 insertions(+)
[Mon Nov 17 11:30:02 AM PST 2025] Pushing to GitHub...
To github.com:haunter-actual/haunter-actual.github.io.git
   88b6b27..ead5ebf  main -> main
[Mon Nov 17 11:30:04 AM PST 2025] Push complete.
[Mon Nov 17 11:35:01 AM PST 2025] Starting auto-push...
From github.com:haunter-actual/haunter-actual.github.io
 * branch            main       -> FETCH_HEAD
error: cannot rebase: You have unstaged changes.
error: Please commit or stash them.
Already up to date.
warning: in the working copy of 'autopush.log', CRLF will be replaced by LF the next time Git touches it
[Mon Nov 17 11:35:02 AM PST 2025] Changes detected — committing...
[main a973956] Auto sync: 2025-11-17 11:35:02
 1 file changed, 14 insertions(+)
[Mon Nov 17 11:35:02 AM PST 2025] Pushing to GitHub...
To github.com:haunter-actual/haunter-actual.github.io.git
   ead5ebf..a973956  main -> main
[Mon Nov 17 11:35:04 AM PST 2025] Push complete.
[Mon Nov 17 11:40:01 AM PST 2025] Starting auto-push...
From github.com:haunter-actual/haunter-actual.github.io
 * branch            main       -> FETCH_HEAD
error: cannot rebase: You have unstaged changes.
error: Please commit or stash them.
Already up to date.
warning: in the working copy of 'autopush.log', CRLF will be replaced by LF the next time Git touches it
[Mon Nov 17 11:40:02 AM PST 2025] Changes detected — committing...
[main aae49fa] Auto sync: 2025-11-17 11:40:02
 1 file changed, 14 insertions(+)
[Mon Nov 17 11:40:02 AM PST 2025] Pushing to GitHub...
To github.com:haunter-actual/haunter-actual.github.io.git
   a973956..aae49fa  main -> main
[Mon Nov 17 11:40:04 AM PST 2025] Push complete.
[Mon Nov 17 11:45:01 AM PST 2025] Starting auto-push...
From github.com:haunter-actual/haunter-actual.github.io
 * branch            main       -> FETCH_HEAD
error: cannot rebase: You have unstaged changes.
error: Please commit or stash them.
Already up to date.
warning: in the working copy of 'autopush.log', CRLF will be replaced by LF the next time Git touches it
[Mon Nov 17 11:45:02 AM PST 2025] Changes detected — committing...
[main fbdfd75] Auto sync: 2025-11-17 11:45:02
 1 file changed, 14 insertions(+)
[Mon Nov 17 11:45:02 AM PST 2025] Pushing to GitHub...
To github.com:haunter-actual/haunter-actual.github.io.git
   aae49fa..fbdfd75  main -> main
[Mon Nov 17 11:45:04 AM PST 2025] Push complete.
[Mon Nov 17 11:50:01 AM PST 2025] Starting auto-push...
From github.com:haunter-actual/haunter-actual.github.io
 * branch            main       -> FETCH_HEAD
error: cannot rebase: You have unstaged changes.
error: Please commit or stash them.
Already up to date.
warning: in the working copy of 'autopush.log', CRLF will be replaced by LF the next time Git touches it
[Mon Nov 17 11:50:03 AM PST 2025] Changes detected — committing...
[main d315582] Auto sync: 2025-11-17 11:50:03
 1 file changed, 14 insertions(+)
[Mon Nov 17 11:50:03 AM PST 2025] Pushing to GitHub...
To github.com:haunter-actual/haunter-actual.github.io.git
   fbdfd75..d315582  main -> main
[Mon Nov 17 11:50:04 AM PST 2025] Push complete.
[Mon Nov 17 11:55:01 AM PST 2025] Starting auto-push...
From github.com:haunter-actual/haunter-actual.github.io
 * branch            main       -> FETCH_HEAD
error: cannot rebase: You have unstaged changes.
error: Please commit or stash them.
Already up to date.
warning: in the working copy of 'autopush.log', CRLF will be replaced by LF the next time Git touches it
[Mon Nov 17 11:55:02 AM PST 2025] Changes detected — committing...
[main caca090] Auto sync: 2025-11-17 11:55:02
 1 file changed, 14 insertions(+)
[Mon Nov 17 11:55:02 AM PST 2025] Pushing to GitHub...
To github.com:haunter-actual/haunter-actual.github.io.git
   d315582..caca090  main -> main
[Mon Nov 17 11:55:03 AM PST 2025] Push complete.
[Mon Nov 17 12:00:01 PM PST 2025] Starting auto-push...
From github.com:haunter-actual/haunter-actual.github.io
 * branch            main       -> FETCH_HEAD
error: cannot rebase: You have unstaged changes.
error: Please commit or stash them.
Already up to date.
warning: in the working copy of 'autopush.log', CRLF will be replaced by LF the next time Git touches it
[Mon Nov 17 12:00:03 PM PST 2025] Changes detected — committing...
[main 3e3063e] Auto sync: 2025-11-17 12:00:03
 1 file changed, 14 insertions(+)
[Mon Nov 17 12:00:03 PM PST 2025] Pushing to GitHub...
To github.com:haunter-actual/haunter-actual.github.io.git
   caca090..3e3063e  main -> main
[Mon Nov 17 12:00:04 PM PST 2025] Push complete.
[Mon Nov 17 12:05:01 PM PST 2025] Starting auto-push...
From github.com:haunter-actual/haunter-actual.github.io
 * branch            main       -> FETCH_HEAD
error: cannot rebase: You have unstaged changes.
error: Please commit or stash them.
Already up to date.
warning: in the working copy of 'autopush.log', CRLF will be replaced by LF the next time Git touches it
[Mon Nov 17 12:05:03 PM PST 2025] Changes detected — committing...
[main 94c3409] Auto sync: 2025-11-17 12:05:03
 1 file changed, 14 insertions(+)
[Mon Nov 17 12:05:03 PM PST 2025] Pushing to GitHub...
To github.com:haunter-actual/haunter-actual.github.io.git
   3e3063e..94c3409  main -> main
[Mon Nov 17 12:05:04 PM PST 2025] Push complete.
[Mon Nov 17 12:10:01 PM PST 2025] Starting auto-push...
From github.com:haunter-actual/haunter-actual.github.io
 * branch            main       -> FETCH_HEAD
error: cannot rebase: You have unstaged changes.
error: Please commit or stash them.
Already up to date.
warning: in the working copy of 'autopush.log', CRLF will be replaced by LF the next time Git touches it
[Mon Nov 17 12:10:02 PM PST 2025] Changes detected — committing...
[main 7a745d0] Auto sync: 2025-11-17 12:10:02
 1 file changed, 14 insertions(+)
[Mon Nov 17 12:10:02 PM PST 2025] Pushing to GitHub...
To github.com:haunter-actual/haunter-actual.github.io.git
   94c3409..7a745d0  main -> main
[Mon Nov 17 12:10:04 PM PST 2025] Push complete.
[Mon Nov 17 12:15:01 PM PST 2025] Starting auto-push...
From github.com:haunter-actual/haunter-actual.github.io
 * branch            main       -> FETCH_HEAD
error: cannot rebase: You have unstaged changes.
error: Please commit or stash them.
Already up to date.
warning: in the working copy of 'autopush.log', CRLF will be replaced by LF the next time Git touches it
[Mon Nov 17 12:15:02 PM PST 2025] Changes detected — committing...
[main 99dda74] Auto sync: 2025-11-17 12:15:02
 1 file changed, 14 insertions(+)
[Mon Nov 17 12:15:02 PM PST 2025] Pushing to GitHub...
To github.com:haunter-actual/haunter-actual.github.io.git
   7a745d0..99dda74  main -> main
[Mon Nov 17 12:15:04 PM PST 2025] Push complete.
[Mon Nov 17 12:20:01 PM PST 2025] Starting auto-push...
From github.com:haunter-actual/haunter-actual.github.io
 * branch            main       -> FETCH_HEAD
error: cannot rebase: You have unstaged changes.
error: Please commit or stash them.
Already up to date.
warning: in the working copy of 'autopush.log', CRLF will be replaced by LF the next time Git touches it
[Mon Nov 17 12:20:02 PM PST 2025] Changes detected — committing...
[main e99db53] Auto sync: 2025-11-17 12:20:02
 1 file changed, 14 insertions(+)
[Mon Nov 17 12:20:02 PM PST 2025] Pushing to GitHub...
To github.com:haunter-actual/haunter-actual.github.io.git
   99dda74..e99db53  main -> main
[Mon Nov 17 12:20:04 PM PST 2025] Push complete.
[Mon Nov 17 12:25:01 PM PST 2025] Starting auto-push...
From github.com:haunter-actual/haunter-actual.github.io
 * branch            main       -> FETCH_HEAD
error: cannot rebase: You have unstaged changes.
error: Please commit or stash them.
Already up to date.
warning: in the working copy of 'autopush.log', CRLF will be replaced by LF the next time Git touches it
[Mon Nov 17 12:25:02 PM PST 2025] Changes detected — committing...
[main 559d472] Auto sync: 2025-11-17 12:25:02
 1 file changed, 14 insertions(+)
[Mon Nov 17 12:25:02 PM PST 2025] Pushing to GitHub...
To github.com:haunter-actual/haunter-actual.github.io.git
   e99db53..559d472  main -> main
[Mon Nov 17 12:25:04 PM PST 2025] Push complete.
[Mon Nov 17 12:30:01 PM PST 2025] Starting auto-push...
From github.com:haunter-actual/haunter-actual.github.io
 * branch            main       -> FETCH_HEAD
error: cannot rebase: You have unstaged changes.
error: Please commit or stash them.
Already up to date.
warning: in the working copy of 'autopush.log', CRLF will be replaced by LF the next time Git touches it
[Mon Nov 17 12:30:02 PM PST 2025] Changes detected — committing...
[main 009c769] Auto sync: 2025-11-17 12:30:02
 1 file changed, 14 insertions(+)
[Mon Nov 17 12:30:02 PM PST 2025] Pushing to GitHub...
To github.com:haunter-actual/haunter-actual.github.io.git
   559d472..009c769  main -> main
[Mon Nov 17 12:30:04 PM PST 2025] Push complete.
[Mon Nov 17 12:35:01 PM PST 2025] Starting auto-push...
From github.com:haunter-actual/haunter-actual.github.io
 * branch            main       -> FETCH_HEAD
error: cannot rebase: You have unstaged changes.
error: Please commit or stash them.
Already up to date.
warning: in the working copy of 'autopush.log', CRLF will be replaced by LF the next time Git touches it
[Mon Nov 17 12:35:03 PM PST 2025] Changes detected — committing...
[main c889e0a] Auto sync: 2025-11-17 12:35:03
 1 file changed, 14 insertions(+)
[Mon Nov 17 12:35:03 PM PST 2025] Pushing to GitHub...
To github.com:haunter-actual/haunter-actual.github.io.git
   009c769..c889e0a  main -> main
[Mon Nov 17 12:35:04 PM PST 2025] Push complete.
[Mon Nov 17 12:40:01 PM PST 2025] Starting auto-push...
From github.com:haunter-actual/haunter-actual.github.io
 * branch            main       -> FETCH_HEAD
error: cannot rebase: You have unstaged changes.
error: Please commit or stash them.
Already up to date.
warning: in the working copy of 'autopush.log', CRLF will be replaced by LF the next time Git touches it
[Mon Nov 17 12:40:03 PM PST 2025] Changes detected — committing...
[main b8221fe] Auto sync: 2025-11-17 12:40:03
 1 file changed, 14 insertions(+)
[Mon Nov 17 12:40:03 PM PST 2025] Pushing to GitHub...
To github.com:haunter-actual/haunter-actual.github.io.git
   c889e0a..b8221fe  main -> main
[Mon Nov 17 12:40:04 PM PST 2025] Push complete.
[Mon Nov 17 12:45:01 PM PST 2025] Starting auto-push...
From github.com:haunter-actual/haunter-actual.github.io
 * branch            main       -> FETCH_HEAD
error: cannot rebase: You have unstaged changes.
error: Please commit or stash them.
Already up to date.
warning: in the working copy of 'autopush.log', CRLF will be replaced by LF the next time Git touches it
[Mon Nov 17 12:45:03 PM PST 2025] Changes detected — committing...
[main 9f0b1af] Auto sync: 2025-11-17 12:45:03
 1 file changed, 14 insertions(+)
[Mon Nov 17 12:45:03 PM PST 2025] Pushing to GitHub...
To github.com:haunter-actual/haunter-actual.github.io.git
   b8221fe..9f0b1af  main -> main
[Mon Nov 17 12:45:04 PM PST 2025] Push complete.
[Mon Nov 17 12:50:01 PM PST 2025] Starting auto-push...
From github.com:haunter-actual/haunter-actual.github.io
 * branch            main       -> FETCH_HEAD
error: cannot rebase: You have unstaged changes.
error: Please commit or stash them.
Already up to date.
warning: in the working copy of 'autopush.log', CRLF will be replaced by LF the next time Git touches it
[Mon Nov 17 12:50:03 PM PST 2025] Changes detected — committing...
[main 572f8da] Auto sync: 2025-11-17 12:50:03
 1 file changed, 14 insertions(+)
[Mon Nov 17 12:50:03 PM PST 2025] Pushing to GitHub...
To github.com:haunter-actual/haunter-actual.github.io.git
   9f0b1af..572f8da  main -> main
[Mon Nov 17 12:50:04 PM PST 2025] Push complete.
[Mon Nov 17 12:55:01 PM PST 2025] Starting auto-push...
From github.com:haunter-actual/haunter-actual.github.io
 * branch            main       -> FETCH_HEAD
error: cannot rebase: You have unstaged changes.
error: Please commit or stash them.
Already up to date.
warning: in the working copy of 'autopush.log', CRLF will be replaced by LF the next time Git touches it
[Mon Nov 17 12:55:02 PM PST 2025] Changes detected — committing...
[main 592cf36] Auto sync: 2025-11-17 12:55:02
 1 file changed, 14 insertions(+)
[Mon Nov 17 12:55:02 PM PST 2025] Pushing to GitHub...
To github.com:haunter-actual/haunter-actual.github.io.git
   572f8da..592cf36  main -> main
[Mon Nov 17 12:55:04 PM PST 2025] Push complete.
[Mon Nov 17 01:00:01 PM PST 2025] Starting auto-push...
From github.com:haunter-actual/haunter-actual.github.io
 * branch            main       -> FETCH_HEAD
error: cannot rebase: You have unstaged changes.
error: Please commit or stash them.
Already up to date.
warning: in the working copy of 'autopush.log', CRLF will be replaced by LF the next time Git touches it
[Mon Nov 17 01:00:02 PM PST 2025] Changes detected — committing...
[main 07af316] Auto sync: 2025-11-17 13:00:02
 1 file changed, 14 insertions(+)
[Mon Nov 17 01:00:02 PM PST 2025] Pushing to GitHub...
To github.com:haunter-actual/haunter-actual.github.io.git
   592cf36..07af316  main -> main
[Mon Nov 17 01:00:04 PM PST 2025] Push complete.
[Mon Nov 17 01:05:01 PM PST 2025] Starting auto-push...
From github.com:haunter-actual/haunter-actual.github.io
 * branch            main       -> FETCH_HEAD
error: cannot rebase: You have unstaged changes.
error: Please commit or stash them.
Already up to date.
warning: in the working copy of 'autopush.log', CRLF will be replaced by LF the next time Git touches it
[Mon Nov 17 01:05:02 PM PST 2025] Changes detected — committing...
[main 2136949] Auto sync: 2025-11-17 13:05:02
 1 file changed, 14 insertions(+)
[Mon Nov 17 01:05:02 PM PST 2025] Pushing to GitHub...
To github.com:haunter-actual/haunter-actual.github.io.git
   07af316..2136949  main -> main
[Mon Nov 17 01:05:04 PM PST 2025] Push complete.
[Mon Nov 17 01:10:01 PM PST 2025] Starting auto-push...
From github.com:haunter-actual/haunter-actual.github.io
 * branch            main       -> FETCH_HEAD
error: cannot rebase: You have unstaged changes.
error: Please commit or stash them.
Already up to date.
warning: in the working copy of 'autopush.log', CRLF will be replaced by LF the next time Git touches it
[Mon Nov 17 01:10:03 PM PST 2025] Changes detected — committing...
[main 49e1d92] Auto sync: 2025-11-17 13:10:03
 1 file changed, 14 insertions(+)
[Mon Nov 17 01:10:03 PM PST 2025] Pushing to GitHub...
To github.com:haunter-actual/haunter-actual.github.io.git
   2136949..49e1d92  main -> main
[Mon Nov 17 01:10:04 PM PST 2025] Push complete.
[Mon Nov 17 01:15:01 PM PST 2025] Starting auto-push...
From github.com:haunter-actual/haunter-actual.github.io
 * branch            main       -> FETCH_HEAD
error: cannot rebase: You have unstaged changes.
error: Please commit or stash them.
Already up to date.
warning: in the working copy of 'autopush.log', CRLF will be replaced by LF the next time Git touches it
[Mon Nov 17 01:15:03 PM PST 2025] Changes detected — committing...
[main 3161214] Auto sync: 2025-11-17 13:15:03
 1 file changed, 14 insertions(+)
[Mon Nov 17 01:15:03 PM PST 2025] Pushing to GitHub...
To github.com:haunter-actual/haunter-actual.github.io.git
   49e1d92..3161214  main -> main
[Mon Nov 17 01:15:04 PM PST 2025] Push complete.
[Mon Nov 17 01:20:01 PM PST 2025] Starting auto-push...
From github.com:haunter-actual/haunter-actual.github.io
 * branch            main       -> FETCH_HEAD
error: cannot rebase: You have unstaged changes.
error: Please commit or stash them.
Already up to date.
warning: in the working copy of 'autopush.log', CRLF will be replaced by LF the next time Git touches it
[Mon Nov 17 01:20:02 PM PST 2025] Changes detected — committing...
[main 48ba0b1] Auto sync: 2025-11-17 13:20:02
 1 file changed, 14 insertions(+)
[Mon Nov 17 01:20:02 PM PST 2025] Pushing to GitHub...
To github.com:haunter-actual/haunter-actual.github.io.git
   3161214..48ba0b1  main -> main
[Mon Nov 17 01:20:03 PM PST 2025] Push complete.
[Mon Nov 17 01:25:01 PM PST 2025] Starting auto-push...
From github.com:haunter-actual/haunter-actual.github.io
 * branch            main       -> FETCH_HEAD
error: cannot rebase: You have unstaged changes.
error: Please commit or stash them.
Already up to date.
warning: in the working copy of 'autopush.log', CRLF will be replaced by LF the next time Git touches it
[Mon Nov 17 01:25:03 PM PST 2025] Changes detected — committing...
[main f4e3718] Auto sync: 2025-11-17 13:25:03
 1 file changed, 14 insertions(+)
[Mon Nov 17 01:25:03 PM PST 2025] Pushing to GitHub...
To github.com:haunter-actual/haunter-actual.github.io.git
   48ba0b1..f4e3718  main -> main
[Mon Nov 17 01:25:04 PM PST 2025] Push complete.
[Mon Nov 17 01:30:01 PM PST 2025] Starting auto-push...
From github.com:haunter-actual/haunter-actual.github.io
 * branch            main       -> FETCH_HEAD
error: cannot rebase: You have unstaged changes.
error: Please commit or stash them.
Already up to date.
warning: in the working copy of 'autopush.log', CRLF will be replaced by LF the next time Git touches it
[Mon Nov 17 01:30:02 PM PST 2025] Changes detected — committing...
[main f21ada4] Auto sync: 2025-11-17 13:30:02
 1 file changed, 14 insertions(+)
[Mon Nov 17 01:30:02 PM PST 2025] Pushing to GitHub...
To github.com:haunter-actual/haunter-actual.github.io.git
   f4e3718..f21ada4  main -> main
[Mon Nov 17 01:30:04 PM PST 2025] Push complete.
[Mon Nov 17 01:35:01 PM PST 2025] Starting auto-push...
From github.com:haunter-actual/haunter-actual.github.io
 * branch            main       -> FETCH_HEAD
error: cannot rebase: You have unstaged changes.
error: Please commit or stash them.
Already up to date.
warning: in the working copy of 'autopush.log', CRLF will be replaced by LF the next time Git touches it
[Mon Nov 17 01:35:02 PM PST 2025] Changes detected — committing...
[main d238a39] Auto sync: 2025-11-17 13:35:02
 1 file changed, 14 insertions(+)
[Mon Nov 17 01:35:02 PM PST 2025] Pushing to GitHub...
To github.com:haunter-actual/haunter-actual.github.io.git
   f21ada4..d238a39  main -> main
[Mon Nov 17 01:35:04 PM PST 2025] Push complete.
[Mon Nov 17 01:40:01 PM PST 2025] Starting auto-push...
From github.com:haunter-actual/haunter-actual.github.io
 * branch            main       -> FETCH_HEAD
error: cannot rebase: You have unstaged changes.
error: Please commit or stash them.
Already up to date.
warning: in the working copy of 'autopush.log', CRLF will be replaced by LF the next time Git touches it
[Mon Nov 17 01:40:03 PM PST 2025] Changes detected — committing...
[main a42b0a0] Auto sync: 2025-11-17 13:40:03
 1 file changed, 14 insertions(+)
[Mon Nov 17 01:40:03 PM PST 2025] Pushing to GitHub...
To github.com:haunter-actual/haunter-actual.github.io.git
   d238a39..a42b0a0  main -> main
[Mon Nov 17 01:40:04 PM PST 2025] Push complete.
[Mon Nov 17 01:45:01 PM PST 2025] Starting auto-push...
From github.com:haunter-actual/haunter-actual.github.io
 * branch            main       -> FETCH_HEAD
error: cannot rebase: You have unstaged changes.
error: Please commit or stash them.
Already up to date.
warning: in the working copy of 'autopush.log', CRLF will be replaced by LF the next time Git touches it
[Mon Nov 17 01:45:03 PM PST 2025] Changes detected — committing...
[main ec47146] Auto sync: 2025-11-17 13:45:03
 1 file changed, 14 insertions(+)
[Mon Nov 17 01:45:03 PM PST 2025] Pushing to GitHub...
To github.com:haunter-actual/haunter-actual.github.io.git
   a42b0a0..ec47146  main -> main
[Mon Nov 17 01:45:04 PM PST 2025] Push complete.
[Mon Nov 17 01:50:01 PM PST 2025] Starting auto-push...
From github.com:haunter-actual/haunter-actual.github.io
 * branch            main       -> FETCH_HEAD
error: cannot rebase: You have unstaged changes.
error: Please commit or stash them.
Already up to date.
warning: in the working copy of 'autopush.log', CRLF will be replaced by LF the next time Git touches it
[Mon Nov 17 01:50:03 PM PST 2025] Changes detected — committing...
[main be854fd] Auto sync: 2025-11-17 13:50:03
 1 file changed, 14 insertions(+)
[Mon Nov 17 01:50:03 PM PST 2025] Pushing to GitHub...
To github.com:haunter-actual/haunter-actual.github.io.git
   ec47146..be854fd  main -> main
[Mon Nov 17 01:50:04 PM PST 2025] Push complete.
[Mon Nov 17 01:55:01 PM PST 2025] Starting auto-push...
From github.com:haunter-actual/haunter-actual.github.io
 * branch            main       -> FETCH_HEAD
error: cannot rebase: You have unstaged changes.
error: Please commit or stash them.
Already up to date.
warning: in the working copy of 'autopush.log', CRLF will be replaced by LF the next time Git touches it
[Mon Nov 17 01:55:03 PM PST 2025] Changes detected — committing...
[main 098e1d1] Auto sync: 2025-11-17 13:55:03
 1 file changed, 14 insertions(+)
[Mon Nov 17 01:55:03 PM PST 2025] Pushing to GitHub...
To github.com:haunter-actual/haunter-actual.github.io.git
   be854fd..098e1d1  main -> main
[Mon Nov 17 01:55:04 PM PST 2025] Push complete.
[Mon Nov 17 02:00:01 PM PST 2025] Starting auto-push...
From github.com:haunter-actual/haunter-actual.github.io
 * branch            main       -> FETCH_HEAD
error: cannot rebase: You have unstaged changes.
error: Please commit or stash them.
Already up to date.
warning: in the working copy of 'autopush.log', CRLF will be replaced by LF the next time Git touches it
[Mon Nov 17 02:00:03 PM PST 2025] Changes detected — committing...
[main a83223c] Auto sync: 2025-11-17 14:00:03
 1 file changed, 14 insertions(+)
[Mon Nov 17 02:00:03 PM PST 2025] Pushing to GitHub...
To github.com:haunter-actual/haunter-actual.github.io.git
   098e1d1..a83223c  main -> main
[Mon Nov 17 02:00:04 PM PST 2025] Push complete.
[Mon Nov 17 02:05:01 PM PST 2025] Starting auto-push...
From github.com:haunter-actual/haunter-actual.github.io
 * branch            main       -> FETCH_HEAD
error: cannot rebase: You have unstaged changes.
error: Please commit or stash them.
Already up to date.
warning: in the working copy of 'autopush.log', CRLF will be replaced by LF the next time Git touches it
[Mon Nov 17 02:05:03 PM PST 2025] Changes detected — committing...
[main fef38da] Auto sync: 2025-11-17 14:05:03
 1 file changed, 14 insertions(+)
[Mon Nov 17 02:05:03 PM PST 2025] Pushing to GitHub...
To github.com:haunter-actual/haunter-actual.github.io.git
   a83223c..fef38da  main -> main
[Mon Nov 17 02:05:04 PM PST 2025] Push complete.
[Mon Nov 17 02:10:01 PM PST 2025] Starting auto-push...
From github.com:haunter-actual/haunter-actual.github.io
 * branch            main       -> FETCH_HEAD
error: cannot rebase: You have unstaged changes.
error: Please commit or stash them.
Already up to date.
warning: in the working copy of 'autopush.log', CRLF will be replaced by LF the next time Git touches it
[Mon Nov 17 02:10:02 PM PST 2025] Changes detected — committing...
[main 2759ff2] Auto sync: 2025-11-17 14:10:02
 1 file changed, 14 insertions(+)
[Mon Nov 17 02:10:02 PM PST 2025] Pushing to GitHub...
To github.com:haunter-actual/haunter-actual.github.io.git
   fef38da..2759ff2  main -> main
[Mon Nov 17 02:10:04 PM PST 2025] Push complete.
[Mon Nov 17 02:15:01 PM PST 2025] Starting auto-push...
From github.com:haunter-actual/haunter-actual.github.io
 * branch            main       -> FETCH_HEAD
error: cannot rebase: You have unstaged changes.
error: Please commit or stash them.
Already up to date.
warning: in the working copy of 'autopush.log', CRLF will be replaced by LF the next time Git touches it
[Mon Nov 17 02:15:02 PM PST 2025] Changes detected — committing...
[main 4945f65] Auto sync: 2025-11-17 14:15:02
 1 file changed, 14 insertions(+)
[Mon Nov 17 02:15:02 PM PST 2025] Pushing to GitHub...
To github.com:haunter-actual/haunter-actual.github.io.git
   2759ff2..4945f65  main -> main
[Mon Nov 17 02:15:03 PM PST 2025] Push complete.
[Mon Nov 17 02:20:01 PM PST 2025] Starting auto-push...
From github.com:haunter-actual/haunter-actual.github.io
 * branch            main       -> FETCH_HEAD
error: cannot rebase: You have unstaged changes.
error: Please commit or stash them.
Already up to date.
warning: in the working copy of 'autopush.log', CRLF will be replaced by LF the next time Git touches it
[Mon Nov 17 02:20:02 PM PST 2025] Changes detected — committing...
[main 57a06f9] Auto sync: 2025-11-17 14:20:02
 1 file changed, 14 insertions(+)
[Mon Nov 17 02:20:02 PM PST 2025] Pushing to GitHub...
To github.com:haunter-actual/haunter-actual.github.io.git
   4945f65..57a06f9  main -> main
[Mon Nov 17 02:20:04 PM PST 2025] Push complete.
[Mon Nov 17 02:25:01 PM PST 2025] Starting auto-push...
From github.com:haunter-actual/haunter-actual.github.io
 * branch            main       -> FETCH_HEAD
error: cannot rebase: You have unstaged changes.
error: Please commit or stash them.
Already up to date.
warning: in the working copy of 'autopush.log', CRLF will be replaced by LF the next time Git touches it
[Mon Nov 17 02:25:02 PM PST 2025] Changes detected — committing...
[main b8a9bf0] Auto sync: 2025-11-17 14:25:02
 1 file changed, 14 insertions(+)
[Mon Nov 17 02:25:02 PM PST 2025] Pushing to GitHub...
To github.com:haunter-actual/haunter-actual.github.io.git
   57a06f9..b8a9bf0  main -> main
[Mon Nov 17 02:25:04 PM PST 2025] Push complete.
[Mon Nov 17 02:30:01 PM PST 2025] Starting auto-push...
From github.com:haunter-actual/haunter-actual.github.io
 * branch            main       -> FETCH_HEAD
error: cannot rebase: You have unstaged changes.
error: Please commit or stash them.
Already up to date.
warning: in the working copy of 'autopush.log', CRLF will be replaced by LF the next time Git touches it
[Mon Nov 17 02:30:02 PM PST 2025] Changes detected — committing...
[main 2add029] Auto sync: 2025-11-17 14:30:02
 1 file changed, 14 insertions(+)
[Mon Nov 17 02:30:02 PM PST 2025] Pushing to GitHub...
To github.com:haunter-actual/haunter-actual.github.io.git
   b8a9bf0..2add029  main -> main
[Mon Nov 17 02:30:04 PM PST 2025] Push complete.
[Mon Nov 17 02:35:01 PM PST 2025] Starting auto-push...
From github.com:haunter-actual/haunter-actual.github.io
 * branch            main       -> FETCH_HEAD
error: cannot rebase: You have unstaged changes.
error: Please commit or stash them.
Already up to date.
warning: in the working copy of 'autopush.log', CRLF will be replaced by LF the next time Git touches it
[Mon Nov 17 02:35:03 PM PST 2025] Changes detected — committing...
[main 57ef901] Auto sync: 2025-11-17 14:35:03
 1 file changed, 14 insertions(+)
[Mon Nov 17 02:35:03 PM PST 2025] Pushing to GitHub...
To github.com:haunter-actual/haunter-actual.github.io.git
   2add029..57ef901  main -> main
[Mon Nov 17 02:35:04 PM PST 2025] Push complete.
[Mon Nov 17 02:40:01 PM PST 2025] Starting auto-push...
From github.com:haunter-actual/haunter-actual.github.io
 * branch            main       -> FETCH_HEAD
error: cannot rebase: You have unstaged changes.
error: Please commit or stash them.
Already up to date.
warning: in the working copy of 'autopush.log', CRLF will be replaced by LF the next time Git touches it
[Mon Nov 17 02:40:02 PM PST 2025] Changes detected — committing...
[main 2b11419] Auto sync: 2025-11-17 14:40:02
 1 file changed, 14 insertions(+)
[Mon Nov 17 02:40:02 PM PST 2025] Pushing to GitHub...
To github.com:haunter-actual/haunter-actual.github.io.git
   57ef901..2b11419  main -> main
[Mon Nov 17 02:40:04 PM PST 2025] Push complete.
[Mon Nov 17 02:45:01 PM PST 2025] Starting auto-push...
From github.com:haunter-actual/haunter-actual.github.io
 * branch            main       -> FETCH_HEAD
error: cannot rebase: You have unstaged changes.
error: Please commit or stash them.
Already up to date.
warning: in the working copy of 'autopush.log', CRLF will be replaced by LF the next time Git touches it
[Mon Nov 17 02:45:02 PM PST 2025] Changes detected — committing...
[main 10fa546] Auto sync: 2025-11-17 14:45:02
 1 file changed, 14 insertions(+)
[Mon Nov 17 02:45:02 PM PST 2025] Pushing to GitHub...
To github.com:haunter-actual/haunter-actual.github.io.git
   2b11419..10fa546  main -> main
[Mon Nov 17 02:45:04 PM PST 2025] Push complete.
[Mon Nov 17 02:50:01 PM PST 2025] Starting auto-push...
From github.com:haunter-actual/haunter-actual.github.io
 * branch            main       -> FETCH_HEAD
error: cannot rebase: You have unstaged changes.
error: Please commit or stash them.
Already up to date.
warning: in the working copy of 'autopush.log', CRLF will be replaced by LF the next time Git touches it
[Mon Nov 17 02:50:02 PM PST 2025] Changes detected — committing...
[main 76e7215] Auto sync: 2025-11-17 14:50:02
 1 file changed, 14 insertions(+)
[Mon Nov 17 02:50:02 PM PST 2025] Pushing to GitHub...
To github.com:haunter-actual/haunter-actual.github.io.git
   10fa546..76e7215  main -> main
[Mon Nov 17 02:50:04 PM PST 2025] Push complete.
[Mon Nov 17 02:55:01 PM PST 2025] Starting auto-push...
From github.com:haunter-actual/haunter-actual.github.io
 * branch            main       -> FETCH_HEAD
error: cannot rebase: You have unstaged changes.
error: Please commit or stash them.
Already up to date.
warning: in the working copy of 'autopush.log', CRLF will be replaced by LF the next time Git touches it
[Mon Nov 17 02:55:03 PM PST 2025] Changes detected — committing...
[main 356213d] Auto sync: 2025-11-17 14:55:03
 1 file changed, 14 insertions(+)
[Mon Nov 17 02:55:03 PM PST 2025] Pushing to GitHub...
To github.com:haunter-actual/haunter-actual.github.io.git
   76e7215..356213d  main -> main
[Mon Nov 17 02:55:04 PM PST 2025] Push complete.
[Mon Nov 17 03:00:01 PM PST 2025] Starting auto-push...
From github.com:haunter-actual/haunter-actual.github.io
 * branch            main       -> FETCH_HEAD
error: cannot rebase: You have unstaged changes.
error: Please commit or stash them.
Already up to date.
warning: in the working copy of 'autopush.log', CRLF will be replaced by LF the next time Git touches it
[Mon Nov 17 03:00:03 PM PST 2025] Changes detected — committing...
[main 61ca5c7] Auto sync: 2025-11-17 15:00:03
 1 file changed, 14 insertions(+)
[Mon Nov 17 03:00:03 PM PST 2025] Pushing to GitHub...
To github.com:haunter-actual/haunter-actual.github.io.git
   356213d..61ca5c7  main -> main
[Mon Nov 17 03:00:04 PM PST 2025] Push complete.
[Mon Nov 17 03:05:01 PM PST 2025] Starting auto-push...
From github.com:haunter-actual/haunter-actual.github.io
 * branch            main       -> FETCH_HEAD
error: cannot rebase: You have unstaged changes.
error: Please commit or stash them.
Already up to date.
warning: in the working copy of 'autopush.log', CRLF will be replaced by LF the next time Git touches it
[Mon Nov 17 03:05:03 PM PST 2025] Changes detected — committing...
[main d072b25] Auto sync: 2025-11-17 15:05:03
 1 file changed, 14 insertions(+)
[Mon Nov 17 03:05:03 PM PST 2025] Pushing to GitHub...
To github.com:haunter-actual/haunter-actual.github.io.git
   61ca5c7..d072b25  main -> main
[Mon Nov 17 03:05:04 PM PST 2025] Push complete.
[Mon Nov 17 03:10:01 PM PST 2025] Starting auto-push...
From github.com:haunter-actual/haunter-actual.github.io
 * branch            main       -> FETCH_HEAD
error: cannot rebase: You have unstaged changes.
error: Please commit or stash them.
Already up to date.
warning: in the working copy of 'autopush.log', CRLF will be replaced by LF the next time Git touches it
[Mon Nov 17 03:10:02 PM PST 2025] Changes detected — committing...
[main 48542e0] Auto sync: 2025-11-17 15:10:02
 1 file changed, 14 insertions(+)
[Mon Nov 17 03:10:02 PM PST 2025] Pushing to GitHub...
To github.com:haunter-actual/haunter-actual.github.io.git
   d072b25..48542e0  main -> main
[Mon Nov 17 03:10:04 PM PST 2025] Push complete.
[Mon Nov 17 03:15:01 PM PST 2025] Starting auto-push...
From github.com:haunter-actual/haunter-actual.github.io
 * branch            main       -> FETCH_HEAD
error: cannot rebase: You have unstaged changes.
error: Please commit or stash them.
Already up to date.
warning: in the working copy of 'autopush.log', CRLF will be replaced by LF the next time Git touches it
[Mon Nov 17 03:15:02 PM PST 2025] Changes detected — committing...
[main d91c11b] Auto sync: 2025-11-17 15:15:02
 1 file changed, 14 insertions(+)
[Mon Nov 17 03:15:02 PM PST 2025] Pushing to GitHub...
To github.com:haunter-actual/haunter-actual.github.io.git
   48542e0..d91c11b  main -> main
[Mon Nov 17 03:15:04 PM PST 2025] Push complete.
[Mon Nov 17 03:20:01 PM PST 2025] Starting auto-push...
From github.com:haunter-actual/haunter-actual.github.io
 * branch            main       -> FETCH_HEAD
error: cannot rebase: You have unstaged changes.
error: Please commit or stash them.
Already up to date.
warning: in the working copy of 'autopush.log', CRLF will be replaced by LF the next time Git touches it
[Mon Nov 17 03:20:02 PM PST 2025] Changes detected — committing...
[main 699ecd5] Auto sync: 2025-11-17 15:20:02
 1 file changed, 14 insertions(+)
[Mon Nov 17 03:20:02 PM PST 2025] Pushing to GitHub...
To github.com:haunter-actual/haunter-actual.github.io.git
   d91c11b..699ecd5  main -> main
[Mon Nov 17 03:20:04 PM PST 2025] Push complete.
[Mon Nov 17 03:25:01 PM PST 2025] Starting auto-push...
From github.com:haunter-actual/haunter-actual.github.io
 * branch            main       -> FETCH_HEAD
error: cannot rebase: You have unstaged changes.
error: Please commit or stash them.
Already up to date.
warning: in the working copy of 'autopush.log', CRLF will be replaced by LF the next time Git touches it
[Mon Nov 17 03:25:02 PM PST 2025] Changes detected — committing...
[main e610a1c] Auto sync: 2025-11-17 15:25:02
 1 file changed, 14 insertions(+)
[Mon Nov 17 03:25:02 PM PST 2025] Pushing to GitHub...
To github.com:haunter-actual/haunter-actual.github.io.git
   699ecd5..e610a1c  main -> main
[Mon Nov 17 03:25:04 PM PST 2025] Push complete.
[Mon Nov 17 03:30:01 PM PST 2025] Starting auto-push...
From github.com:haunter-actual/haunter-actual.github.io
 * branch            main       -> FETCH_HEAD
error: cannot rebase: You have unstaged changes.
error: Please commit or stash them.
Already up to date.
warning: in the working copy of 'autopush.log', CRLF will be replaced by LF the next time Git touches it
[Mon Nov 17 03:30:03 PM PST 2025] Changes detected — committing...
[main 399d238] Auto sync: 2025-11-17 15:30:03
 1 file changed, 14 insertions(+)
[Mon Nov 17 03:30:03 PM PST 2025] Pushing to GitHub...
To github.com:haunter-actual/haunter-actual.github.io.git
   e610a1c..399d238  main -> main
[Mon Nov 17 03:30:04 PM PST 2025] Push complete.
[Mon Nov 17 03:35:01 PM PST 2025] Starting auto-push...
From github.com:haunter-actual/haunter-actual.github.io
 * branch            main       -> FETCH_HEAD
error: cannot rebase: You have unstaged changes.
error: Please commit or stash them.
Already up to date.
warning: in the working copy of 'autopush.log', CRLF will be replaced by LF the next time Git touches it
[Mon Nov 17 03:35:02 PM PST 2025] Changes detected — committing...
[main ee01790] Auto sync: 2025-11-17 15:35:02
 1 file changed, 14 insertions(+)
[Mon Nov 17 03:35:02 PM PST 2025] Pushing to GitHub...
To github.com:haunter-actual/haunter-actual.github.io.git
   399d238..ee01790  main -> main
[Mon Nov 17 03:35:04 PM PST 2025] Push complete.
[Mon Nov 17 03:40:01 PM PST 2025] Starting auto-push...
From github.com:haunter-actual/haunter-actual.github.io
 * branch            main       -> FETCH_HEAD
error: cannot rebase: You have unstaged changes.
error: Please commit or stash them.
Already up to date.
warning: in the working copy of 'autopush.log', CRLF will be replaced by LF the next time Git touches it
[Mon Nov 17 03:40:02 PM PST 2025] Changes detected — committing...
[main a97a8db] Auto sync: 2025-11-17 15:40:02
 1 file changed, 14 insertions(+)
[Mon Nov 17 03:40:02 PM PST 2025] Pushing to GitHub...
To github.com:haunter-actual/haunter-actual.github.io.git
   ee01790..a97a8db  main -> main
[Mon Nov 17 03:40:04 PM PST 2025] Push complete.
[Mon Nov 17 03:45:01 PM PST 2025] Starting auto-push...
From github.com:haunter-actual/haunter-actual.github.io
 * branch            main       -> FETCH_HEAD
error: cannot rebase: You have unstaged changes.
error: Please commit or stash them.
Already up to date.
warning: in the working copy of 'autopush.log', CRLF will be replaced by LF the next time Git touches it
[Mon Nov 17 03:45:02 PM PST 2025] Changes detected — committing...
[main 55bfa19] Auto sync: 2025-11-17 15:45:02
 1 file changed, 14 insertions(+)
[Mon Nov 17 03:45:02 PM PST 2025] Pushing to GitHub...
To github.com:haunter-actual/haunter-actual.github.io.git
   a97a8db..55bfa19  main -> main
[Mon Nov 17 03:45:04 PM PST 2025] Push complete.
[Mon Nov 17 03:50:01 PM PST 2025] Starting auto-push...
From github.com:haunter-actual/haunter-actual.github.io
 * branch            main       -> FETCH_HEAD
error: cannot rebase: You have unstaged changes.
error: Please commit or stash them.
Already up to date.
warning: in the working copy of 'autopush.log', CRLF will be replaced by LF the next time Git touches it
[Mon Nov 17 03:50:02 PM PST 2025] Changes detected — committing...
[main 44d78da] Auto sync: 2025-11-17 15:50:02
 1 file changed, 14 insertions(+)
[Mon Nov 17 03:50:02 PM PST 2025] Pushing to GitHub...
To github.com:haunter-actual/haunter-actual.github.io.git
   55bfa19..44d78da  main -> main
[Mon Nov 17 03:50:03 PM PST 2025] Push complete.
[Mon Nov 17 03:55:01 PM PST 2025] Starting auto-push...
From github.com:haunter-actual/haunter-actual.github.io
 * branch            main       -> FETCH_HEAD
error: cannot rebase: You have unstaged changes.
error: Please commit or stash them.
Already up to date.
warning: in the working copy of 'autopush.log', CRLF will be replaced by LF the next time Git touches it
[Mon Nov 17 03:55:02 PM PST 2025] Changes detected — committing...
[main c2d0d35] Auto sync: 2025-11-17 15:55:02
 1 file changed, 14 insertions(+)
[Mon Nov 17 03:55:02 PM PST 2025] Pushing to GitHub...
To github.com:haunter-actual/haunter-actual.github.io.git
   44d78da..c2d0d35  main -> main
[Mon Nov 17 03:55:04 PM PST 2025] Push complete.
[Mon Nov 17 04:00:01 PM PST 2025] Starting auto-push...
From github.com:haunter-actual/haunter-actual.github.io
 * branch            main       -> FETCH_HEAD
error: cannot rebase: You have unstaged changes.
error: Please commit or stash them.
Already up to date.
warning: in the working copy of 'autopush.log', CRLF will be replaced by LF the next time Git touches it
[Mon Nov 17 04:00:03 PM PST 2025] Changes detected — committing...
[main 3a4bae5] Auto sync: 2025-11-17 16:00:03
 1 file changed, 14 insertions(+)
[Mon Nov 17 04:00:03 PM PST 2025] Pushing to GitHub...
To github.com:haunter-actual/haunter-actual.github.io.git
   c2d0d35..3a4bae5  main -> main
[Mon Nov 17 04:00:05 PM PST 2025] Push complete.
[Mon Nov 17 04:05:01 PM PST 2025] Starting auto-push...
From github.com:haunter-actual/haunter-actual.github.io
 * branch            main       -> FETCH_HEAD
error: cannot rebase: You have unstaged changes.
error: Please commit or stash them.
Already up to date.
warning: in the working copy of 'autopush.log', CRLF will be replaced by LF the next time Git touches it
[Mon Nov 17 04:05:03 PM PST 2025] Changes detected — committing...
[main e57f28d] Auto sync: 2025-11-17 16:05:03
 1 file changed, 14 insertions(+)
[Mon Nov 17 04:05:03 PM PST 2025] Pushing to GitHub...
To github.com:haunter-actual/haunter-actual.github.io.git
   3a4bae5..e57f28d  main -> main
[Mon Nov 17 04:05:04 PM PST 2025] Push complete.
[Mon Nov 17 04:10:01 PM PST 2025] Starting auto-push...
From github.com:haunter-actual/haunter-actual.github.io
 * branch            main       -> FETCH_HEAD
error: cannot rebase: You have unstaged changes.
error: Please commit or stash them.
Already up to date.
warning: in the working copy of 'autopush.log', CRLF will be replaced by LF the next time Git touches it
[Mon Nov 17 04:10:03 PM PST 2025] Changes detected — committing...
[main 268e913] Auto sync: 2025-11-17 16:10:03
 1 file changed, 14 insertions(+)
[Mon Nov 17 04:10:03 PM PST 2025] Pushing to GitHub...
To github.com:haunter-actual/haunter-actual.github.io.git
   e57f28d..268e913  main -> main
[Mon Nov 17 04:10:04 PM PST 2025] Push complete.
[Mon Nov 17 04:15:01 PM PST 2025] Starting auto-push...
From github.com:haunter-actual/haunter-actual.github.io
 * branch            main       -> FETCH_HEAD
error: cannot rebase: You have unstaged changes.
error: Please commit or stash them.
Already up to date.
warning: in the working copy of 'autopush.log', CRLF will be replaced by LF the next time Git touches it
[Mon Nov 17 04:15:03 PM PST 2025] Changes detected — committing...
[main 6e50f66] Auto sync: 2025-11-17 16:15:03
 1 file changed, 14 insertions(+)
[Mon Nov 17 04:15:03 PM PST 2025] Pushing to GitHub...
To github.com:haunter-actual/haunter-actual.github.io.git
   268e913..6e50f66  main -> main
[Mon Nov 17 04:15:04 PM PST 2025] Push complete.
[Mon Nov 17 04:20:01 PM PST 2025] Starting auto-push...
From github.com:haunter-actual/haunter-actual.github.io
 * branch            main       -> FETCH_HEAD
error: cannot rebase: You have unstaged changes.
error: Please commit or stash them.
Already up to date.
warning: in the working copy of 'autopush.log', CRLF will be replaced by LF the next time Git touches it
[Mon Nov 17 04:20:02 PM PST 2025] Changes detected — committing...
[main 4cd5398] Auto sync: 2025-11-17 16:20:02
 1 file changed, 14 insertions(+)
[Mon Nov 17 04:20:02 PM PST 2025] Pushing to GitHub...
To github.com:haunter-actual/haunter-actual.github.io.git
   6e50f66..4cd5398  main -> main
[Mon Nov 17 04:20:03 PM PST 2025] Push complete.
[Mon Nov 17 04:25:01 PM PST 2025] Starting auto-push...
From github.com:haunter-actual/haunter-actual.github.io
 * branch            main       -> FETCH_HEAD
error: cannot rebase: You have unstaged changes.
error: Please commit or stash them.
Already up to date.
warning: in the working copy of 'autopush.log', CRLF will be replaced by LF the next time Git touches it
[Mon Nov 17 04:25:02 PM PST 2025] Changes detected — committing...
[main e65c36c] Auto sync: 2025-11-17 16:25:02
 1 file changed, 14 insertions(+)
[Mon Nov 17 04:25:02 PM PST 2025] Pushing to GitHub...
To github.com:haunter-actual/haunter-actual.github.io.git
   4cd5398..e65c36c  main -> main
[Mon Nov 17 04:25:03 PM PST 2025] Push complete.
[Mon Nov 17 04:30:01 PM PST 2025] Starting auto-push...
From github.com:haunter-actual/haunter-actual.github.io
 * branch            main       -> FETCH_HEAD
error: cannot rebase: You have unstaged changes.
error: Please commit or stash them.
Already up to date.
warning: in the working copy of 'autopush.log', CRLF will be replaced by LF the next time Git touches it
[Mon Nov 17 04:30:03 PM PST 2025] Changes detected — committing...
[main 62b4767] Auto sync: 2025-11-17 16:30:03
 1 file changed, 14 insertions(+)
[Mon Nov 17 04:30:03 PM PST 2025] Pushing to GitHub...
To github.com:haunter-actual/haunter-actual.github.io.git
   e65c36c..62b4767  main -> main
[Mon Nov 17 04:30:04 PM PST 2025] Push complete.
[Mon Nov 17 04:35:01 PM PST 2025] Starting auto-push...
From github.com:haunter-actual/haunter-actual.github.io
 * branch            main       -> FETCH_HEAD
error: cannot rebase: You have unstaged changes.
error: Please commit or stash them.
Already up to date.
warning: in the working copy of 'autopush.log', CRLF will be replaced by LF the next time Git touches it
[Mon Nov 17 04:35:03 PM PST 2025] Changes detected — committing...
[main abc39f2] Auto sync: 2025-11-17 16:35:03
 1 file changed, 14 insertions(+)
[Mon Nov 17 04:35:03 PM PST 2025] Pushing to GitHub...
To github.com:haunter-actual/haunter-actual.github.io.git
   62b4767..abc39f2  main -> main
[Mon Nov 17 04:35:04 PM PST 2025] Push complete.
[Mon Nov 17 04:40:01 PM PST 2025] Starting auto-push...
From github.com:haunter-actual/haunter-actual.github.io
 * branch            main       -> FETCH_HEAD
error: cannot rebase: You have unstaged changes.
error: Please commit or stash them.
Already up to date.
warning: in the working copy of 'autopush.log', CRLF will be replaced by LF the next time Git touches it
[Mon Nov 17 04:40:03 PM PST 2025] Changes detected — committing...
[main 45f7a32] Auto sync: 2025-11-17 16:40:03
 1 file changed, 14 insertions(+)
[Mon Nov 17 04:40:03 PM PST 2025] Pushing to GitHub...
To github.com:haunter-actual/haunter-actual.github.io.git
   abc39f2..45f7a32  main -> main
[Mon Nov 17 04:40:04 PM PST 2025] Push complete.
[Mon Nov 17 04:45:01 PM PST 2025] Starting auto-push...
From github.com:haunter-actual/haunter-actual.github.io
 * branch            main       -> FETCH_HEAD
error: cannot rebase: You have unstaged changes.
error: Please commit or stash them.
Already up to date.
warning: in the working copy of 'autopush.log', CRLF will be replaced by LF the next time Git touches it
[Mon Nov 17 04:45:03 PM PST 2025] Changes detected — committing...
[main 0afc6df] Auto sync: 2025-11-17 16:45:03
 1 file changed, 14 insertions(+)
[Mon Nov 17 04:45:03 PM PST 2025] Pushing to GitHub...
To github.com:haunter-actual/haunter-actual.github.io.git
   45f7a32..0afc6df  main -> main
[Mon Nov 17 04:45:04 PM PST 2025] Push complete.
[Mon Nov 17 04:50:01 PM PST 2025] Starting auto-push...
From github.com:haunter-actual/haunter-actual.github.io
 * branch            main       -> FETCH_HEAD
error: cannot rebase: You have unstaged changes.
error: Please commit or stash them.
Already up to date.
warning: in the working copy of 'autopush.log', CRLF will be replaced by LF the next time Git touches it
[Mon Nov 17 04:50:02 PM PST 2025] Changes detected — committing...
[main aa73fd0] Auto sync: 2025-11-17 16:50:02
 1 file changed, 14 insertions(+)
[Mon Nov 17 04:50:02 PM PST 2025] Pushing to GitHub...
To github.com:haunter-actual/haunter-actual.github.io.git
   0afc6df..aa73fd0  main -> main
[Mon Nov 17 04:50:04 PM PST 2025] Push complete.
[Mon Nov 17 04:55:01 PM PST 2025] Starting auto-push...
From github.com:haunter-actual/haunter-actual.github.io
 * branch            main       -> FETCH_HEAD
error: cannot rebase: You have unstaged changes.
error: Please commit or stash them.
Already up to date.
warning: in the working copy of 'autopush.log', CRLF will be replaced by LF the next time Git touches it
[Mon Nov 17 04:55:03 PM PST 2025] Changes detected — committing...
[main eb78604] Auto sync: 2025-11-17 16:55:03
 1 file changed, 14 insertions(+)
[Mon Nov 17 04:55:03 PM PST 2025] Pushing to GitHub...
To github.com:haunter-actual/haunter-actual.github.io.git
   aa73fd0..eb78604  main -> main
[Mon Nov 17 04:55:04 PM PST 2025] Push complete.
[Mon Nov 17 05:00:01 PM PST 2025] Starting auto-push...
From github.com:haunter-actual/haunter-actual.github.io
 * branch            main       -> FETCH_HEAD
error: cannot rebase: You have unstaged changes.
error: Please commit or stash them.
Already up to date.
warning: in the working copy of 'autopush.log', CRLF will be replaced by LF the next time Git touches it
[Mon Nov 17 05:00:02 PM PST 2025] Changes detected — committing...
[main a892d64] Auto sync: 2025-11-17 17:00:02
 1 file changed, 14 insertions(+)
[Mon Nov 17 05:00:02 PM PST 2025] Pushing to GitHub...
To github.com:haunter-actual/haunter-actual.github.io.git
   eb78604..a892d64  main -> main
[Mon Nov 17 05:00:04 PM PST 2025] Push complete.
[Mon Nov 17 05:05:01 PM PST 2025] Starting auto-push...
From github.com:haunter-actual/haunter-actual.github.io
 * branch            main       -> FETCH_HEAD
error: cannot rebase: You have unstaged changes.
error: Please commit or stash them.
Already up to date.
warning: in the working copy of 'autopush.log', CRLF will be replaced by LF the next time Git touches it
[Mon Nov 17 05:05:03 PM PST 2025] Changes detected — committing...
[main cb9e811] Auto sync: 2025-11-17 17:05:03
 1 file changed, 14 insertions(+)
[Mon Nov 17 05:05:03 PM PST 2025] Pushing to GitHub...
To github.com:haunter-actual/haunter-actual.github.io.git
   a892d64..cb9e811  main -> main
[Mon Nov 17 05:05:04 PM PST 2025] Push complete.
[Mon Nov 17 05:10:01 PM PST 2025] Starting auto-push...
From github.com:haunter-actual/haunter-actual.github.io
 * branch            main       -> FETCH_HEAD
error: cannot rebase: You have unstaged changes.
error: Please commit or stash them.
Already up to date.
warning: in the working copy of 'autopush.log', CRLF will be replaced by LF the next time Git touches it
[Mon Nov 17 05:10:02 PM PST 2025] Changes detected — committing...
[main 093507b] Auto sync: 2025-11-17 17:10:02
 1 file changed, 14 insertions(+)
[Mon Nov 17 05:10:02 PM PST 2025] Pushing to GitHub...
To github.com:haunter-actual/haunter-actual.github.io.git
   cb9e811..093507b  main -> main
[Mon Nov 17 05:10:04 PM PST 2025] Push complete.
[Tue Nov 18 05:00:01 AM PST 2025] Starting auto-push...
From github.com:haunter-actual/haunter-actual.github.io
 * branch            main       -> FETCH_HEAD
error: cannot rebase: You have unstaged changes.
error: Please commit or stash them.
Already up to date.
warning: in the working copy of 'autopush.log', CRLF will be replaced by LF the next time Git touches it
[Tue Nov 18 05:00:02 AM PST 2025] Changes detected — committing...
[main 3fe34e1] Auto sync: 2025-11-18 05:00:02
 1 file changed, 14 insertions(+)
[Tue Nov 18 05:00:02 AM PST 2025] Pushing to GitHub...
To github.com:haunter-actual/haunter-actual.github.io.git
   093507b..3fe34e1  main -> main
[Tue Nov 18 05:00:04 AM PST 2025] Push complete.
[Tue Nov 18 05:05:01 AM PST 2025] Starting auto-push...
From github.com:haunter-actual/haunter-actual.github.io
 * branch            main       -> FETCH_HEAD
error: cannot rebase: You have unstaged changes.
error: Please commit or stash them.
Already up to date.
warning: in the working copy of 'autopush.log', CRLF will be replaced by LF the next time Git touches it
[Tue Nov 18 05:05:02 AM PST 2025] Changes detected — committing...
[main a4ad2a2] Auto sync: 2025-11-18 05:05:02
 1 file changed, 14 insertions(+)
[Tue Nov 18 05:05:02 AM PST 2025] Pushing to GitHub...
To github.com:haunter-actual/haunter-actual.github.io.git
   3fe34e1..a4ad2a2  main -> main
[Tue Nov 18 05:05:04 AM PST 2025] Push complete.
[Tue Nov 18 05:10:01 AM PST 2025] Starting auto-push...
From github.com:haunter-actual/haunter-actual.github.io
 * branch            main       -> FETCH_HEAD
error: cannot rebase: You have unstaged changes.
error: Please commit or stash them.
Already up to date.
warning: in the working copy of 'autopush.log', CRLF will be replaced by LF the next time Git touches it
[Tue Nov 18 05:10:02 AM PST 2025] Changes detected — committing...
[main 1013d28] Auto sync: 2025-11-18 05:10:02
 1 file changed, 14 insertions(+)
[Tue Nov 18 05:10:02 AM PST 2025] Pushing to GitHub...
To github.com:haunter-actual/haunter-actual.github.io.git
   a4ad2a2..1013d28  main -> main
[Tue Nov 18 05:10:04 AM PST 2025] Push complete.
[Tue Nov 18 05:15:01 AM PST 2025] Starting auto-push...
From github.com:haunter-actual/haunter-actual.github.io
 * branch            main       -> FETCH_HEAD
error: cannot rebase: You have unstaged changes.
error: Please commit or stash them.
Already up to date.
warning: in the working copy of 'autopush.log', CRLF will be replaced by LF the next time Git touches it
[Tue Nov 18 05:15:02 AM PST 2025] Changes detected — committing...
[main f25a9c6] Auto sync: 2025-11-18 05:15:02
 1 file changed, 14 insertions(+)
[Tue Nov 18 05:15:02 AM PST 2025] Pushing to GitHub...
To github.com:haunter-actual/haunter-actual.github.io.git
   1013d28..f25a9c6  main -> main
[Tue Nov 18 05:15:04 AM PST 2025] Push complete.
[Tue Nov 18 05:20:01 AM PST 2025] Starting auto-push...
From github.com:haunter-actual/haunter-actual.github.io
 * branch            main       -> FETCH_HEAD
error: cannot rebase: You have unstaged changes.
error: Please commit or stash them.
Already up to date.
warning: in the working copy of 'autopush.log', CRLF will be replaced by LF the next time Git touches it
[Tue Nov 18 05:20:03 AM PST 2025] Changes detected — committing...
[main 447f25e] Auto sync: 2025-11-18 05:20:03
 1 file changed, 14 insertions(+)
[Tue Nov 18 05:20:03 AM PST 2025] Pushing to GitHub...
To github.com:haunter-actual/haunter-actual.github.io.git
   f25a9c6..447f25e  main -> main
[Tue Nov 18 05:20:04 AM PST 2025] Push complete.
[Tue Nov 18 05:25:01 AM PST 2025] Starting auto-push...
From github.com:haunter-actual/haunter-actual.github.io
 * branch            main       -> FETCH_HEAD
error: cannot rebase: You have unstaged changes.
error: Please commit or stash them.
Already up to date.
warning: in the working copy of 'autopush.log', CRLF will be replaced by LF the next time Git touches it
[Tue Nov 18 05:25:02 AM PST 2025] Changes detected — committing...
[main fae1a15] Auto sync: 2025-11-18 05:25:02
 1 file changed, 14 insertions(+)
[Tue Nov 18 05:25:02 AM PST 2025] Pushing to GitHub...
To github.com:haunter-actual/haunter-actual.github.io.git
   447f25e..fae1a15  main -> main
[Tue Nov 18 05:25:03 AM PST 2025] Push complete.
[Tue Nov 18 05:30:01 AM PST 2025] Starting auto-push...
From github.com:haunter-actual/haunter-actual.github.io
 * branch            main       -> FETCH_HEAD
error: cannot rebase: You have unstaged changes.
error: Please commit or stash them.
Already up to date.
warning: in the working copy of 'autopush.log', CRLF will be replaced by LF the next time Git touches it
[Tue Nov 18 05:30:03 AM PST 2025] Changes detected — committing...
[main 36f81a0] Auto sync: 2025-11-18 05:30:03
 1 file changed, 14 insertions(+)
[Tue Nov 18 05:30:03 AM PST 2025] Pushing to GitHub...
To github.com:haunter-actual/haunter-actual.github.io.git
   fae1a15..36f81a0  main -> main
[Tue Nov 18 05:30:04 AM PST 2025] Push complete.
[Tue Nov 18 05:35:01 AM PST 2025] Starting auto-push...
From github.com:haunter-actual/haunter-actual.github.io
 * branch            main       -> FETCH_HEAD
error: cannot rebase: You have unstaged changes.
error: Please commit or stash them.
Already up to date.
warning: in the working copy of 'autopush.log', CRLF will be replaced by LF the next time Git touches it
[Tue Nov 18 05:35:03 AM PST 2025] Changes detected — committing...
[main 3246535] Auto sync: 2025-11-18 05:35:03
 1 file changed, 14 insertions(+)
[Tue Nov 18 05:35:03 AM PST 2025] Pushing to GitHub...
To github.com:haunter-actual/haunter-actual.github.io.git
   36f81a0..3246535  main -> main
[Tue Nov 18 05:35:04 AM PST 2025] Push complete.
[Tue Nov 18 05:40:01 AM PST 2025] Starting auto-push...
From github.com:haunter-actual/haunter-actual.github.io
 * branch            main       -> FETCH_HEAD
error: cannot rebase: You have unstaged changes.
error: Please commit or stash them.
Already up to date.
warning: in the working copy of 'autopush.log', CRLF will be replaced by LF the next time Git touches it
[Tue Nov 18 05:40:09 AM PST 2025] Changes detected — committing...
[main 7b17388] Auto sync: 2025-11-18 05:40:09
 1 file changed, 14 insertions(+)
[Tue Nov 18 05:40:09 AM PST 2025] Pushing to GitHub...
To github.com:haunter-actual/haunter-actual.github.io.git
   3246535..7b17388  main -> main
[Tue Nov 18 05:40:16 AM PST 2025] Push complete.
[Tue Nov 18 05:45:01 AM PST 2025] Starting auto-push...
From github.com:haunter-actual/haunter-actual.github.io
 * branch            main       -> FETCH_HEAD
error: cannot rebase: You have unstaged changes.
error: Please commit or stash them.
Already up to date.
warning: in the working copy of 'autopush.log', CRLF will be replaced by LF the next time Git touches it
[Tue Nov 18 05:45:02 AM PST 2025] Changes detected — committing...
[main d577c46] Auto sync: 2025-11-18 05:45:02
 1 file changed, 14 insertions(+)
[Tue Nov 18 05:45:02 AM PST 2025] Pushing to GitHub...
To github.com:haunter-actual/haunter-actual.github.io.git
   7b17388..d577c46  main -> main
[Tue Nov 18 05:45:04 AM PST 2025] Push complete.
[Tue Nov 18 05:50:01 AM PST 2025] Starting auto-push...
ssh: Could not resolve hostname github.com: Temporary failure in name resolution
fatal: Could not read from remote repository.

Please make sure you have the correct access rights
and the repository exists.
[Tue Nov 18 05:55:01 AM PST 2025] Starting auto-push...
From github.com:haunter-actual/haunter-actual.github.io
 * branch            main       -> FETCH_HEAD
error: cannot rebase: You have unstaged changes.
error: Please commit or stash them.
Already up to date.
warning: in the working copy of 'autopush.log', CRLF will be replaced by LF the next time Git touches it
[Tue Nov 18 05:55:02 AM PST 2025] Changes detected — committing...
[main ec9ba15] Auto sync: 2025-11-18 05:55:02
 1 file changed, 20 insertions(+)
[Tue Nov 18 05:55:02 AM PST 2025] Pushing to GitHub...
To github.com:haunter-actual/haunter-actual.github.io.git
   d577c46..ec9ba15  main -> main
[Tue Nov 18 05:55:04 AM PST 2025] Push complete.
[Tue Nov 18 06:00:01 AM PST 2025] Starting auto-push...
From github.com:haunter-actual/haunter-actual.github.io
 * branch            main       -> FETCH_HEAD
error: cannot rebase: You have unstaged changes.
error: Please commit or stash them.
Already up to date.
warning: in the working copy of 'autopush.log', CRLF will be replaced by LF the next time Git touches it
[Tue Nov 18 06:00:03 AM PST 2025] Changes detected — committing...
[main cd83055] Auto sync: 2025-11-18 06:00:03
 1 file changed, 14 insertions(+)
[Tue Nov 18 06:00:03 AM PST 2025] Pushing to GitHub...
To github.com:haunter-actual/haunter-actual.github.io.git
   ec9ba15..cd83055  main -> main
[Tue Nov 18 06:00:04 AM PST 2025] Push complete.
[Tue Nov 18 06:05:01 AM PST 2025] Starting auto-push...
From github.com:haunter-actual/haunter-actual.github.io
 * branch            main       -> FETCH_HEAD
error: cannot rebase: You have unstaged changes.
error: Please commit or stash them.
Already up to date.
warning: in the working copy of 'autopush.log', CRLF will be replaced by LF the next time Git touches it
[Tue Nov 18 06:05:02 AM PST 2025] Changes detected — committing...
[main 9160b0a] Auto sync: 2025-11-18 06:05:02
 1 file changed, 14 insertions(+)
[Tue Nov 18 06:05:02 AM PST 2025] Pushing to GitHub...
To github.com:haunter-actual/haunter-actual.github.io.git
   cd83055..9160b0a  main -> main
[Tue Nov 18 06:05:04 AM PST 2025] Push complete.
[Tue Nov 18 06:10:01 AM PST 2025] Starting auto-push...
From github.com:haunter-actual/haunter-actual.github.io
 * branch            main       -> FETCH_HEAD
error: cannot rebase: You have unstaged changes.
error: Please commit or stash them.
Already up to date.
warning: in the working copy of 'autopush.log', CRLF will be replaced by LF the next time Git touches it
[Tue Nov 18 06:10:03 AM PST 2025] Changes detected — committing...
[main 546c155] Auto sync: 2025-11-18 06:10:03
 1 file changed, 14 insertions(+)
[Tue Nov 18 06:10:03 AM PST 2025] Pushing to GitHub...
To github.com:haunter-actual/haunter-actual.github.io.git
   9160b0a..546c155  main -> main
[Tue Nov 18 06:10:04 AM PST 2025] Push complete.
[Tue Nov 18 06:17:06 AM PST 2025] Starting auto-push...
From github.com:haunter-actual/haunter-actual.github.io
 * branch            main       -> FETCH_HEAD
error: cannot rebase: You have unstaged changes.
error: Please commit or stash them.
Already up to date.
warning: in the working copy of 'autopush.log', CRLF will be replaced by LF the next time Git touches it
[Tue Nov 18 06:17:08 AM PST 2025] Changes detected — committing...
[main b67ee4b] Auto sync: 2025-11-18 06:17:08
 1 file changed, 14 insertions(+)
[Tue Nov 18 06:17:08 AM PST 2025] Pushing to GitHub...
To github.com:haunter-actual/haunter-actual.github.io.git
   546c155..b67ee4b  main -> main
[Tue Nov 18 06:17:09 AM PST 2025] Push complete.
[Tue Nov 18 06:20:01 AM PST 2025] Starting auto-push...
From github.com:haunter-actual/haunter-actual.github.io
 * branch            main       -> FETCH_HEAD
error: cannot rebase: You have unstaged changes.
error: Please commit or stash them.
Already up to date.
warning: in the working copy of 'autopush.log', CRLF will be replaced by LF the next time Git touches it
[Tue Nov 18 06:20:03 AM PST 2025] Changes detected — committing...
[main 93c5ceb] Auto sync: 2025-11-18 06:20:03
 1 file changed, 14 insertions(+)
[Tue Nov 18 06:20:03 AM PST 2025] Pushing to GitHub...
To github.com:haunter-actual/haunter-actual.github.io.git
   b67ee4b..93c5ceb  main -> main
[Tue Nov 18 06:20:04 AM PST 2025] Push complete.
[Tue Nov 18 06:25:01 AM PST 2025] Starting auto-push...
From github.com:haunter-actual/haunter-actual.github.io
 * branch            main       -> FETCH_HEAD
error: cannot rebase: You have unstaged changes.
error: Please commit or stash them.
Already up to date.
warning: in the working copy of 'autopush.log', CRLF will be replaced by LF the next time Git touches it
[Tue Nov 18 06:25:02 AM PST 2025] Changes detected — committing...
[main d66df96] Auto sync: 2025-11-18 06:25:02
 1 file changed, 14 insertions(+)
[Tue Nov 18 06:25:02 AM PST 2025] Pushing to GitHub...
To github.com:haunter-actual/haunter-actual.github.io.git
   93c5ceb..d66df96  main -> main
[Tue Nov 18 06:25:04 AM PST 2025] Push complete.
[Tue Nov 18 06:30:01 AM PST 2025] Starting auto-push...
From github.com:haunter-actual/haunter-actual.github.io
 * branch            main       -> FETCH_HEAD
error: cannot rebase: You have unstaged changes.
error: Please commit or stash them.
Already up to date.
warning: in the working copy of 'autopush.log', CRLF will be replaced by LF the next time Git touches it
[Tue Nov 18 06:30:03 AM PST 2025] Changes detected — committing...
[main 182ac3b] Auto sync: 2025-11-18 06:30:03
 1 file changed, 14 insertions(+)
[Tue Nov 18 06:30:03 AM PST 2025] Pushing to GitHub...
To github.com:haunter-actual/haunter-actual.github.io.git
   d66df96..182ac3b  main -> main
[Tue Nov 18 06:30:04 AM PST 2025] Push complete.
[Tue Nov 18 06:35:01 AM PST 2025] Starting auto-push...
From github.com:haunter-actual/haunter-actual.github.io
 * branch            main       -> FETCH_HEAD
error: cannot rebase: You have unstaged changes.
error: Please commit or stash them.
Already up to date.
warning: in the working copy of 'autopush.log', CRLF will be replaced by LF the next time Git touches it
[Tue Nov 18 06:35:02 AM PST 2025] Changes detected — committing...
[main aa7e163] Auto sync: 2025-11-18 06:35:02
 1 file changed, 14 insertions(+)
[Tue Nov 18 06:35:02 AM PST 2025] Pushing to GitHub...
To github.com:haunter-actual/haunter-actual.github.io.git
   182ac3b..aa7e163  main -> main
[Tue Nov 18 06:35:04 AM PST 2025] Push complete.
[Tue Nov 18 06:40:01 AM PST 2025] Starting auto-push...
From github.com:haunter-actual/haunter-actual.github.io
 * branch            main       -> FETCH_HEAD
error: cannot rebase: You have unstaged changes.
error: Please commit or stash them.
Already up to date.
warning: in the working copy of 'autopush.log', CRLF will be replaced by LF the next time Git touches it
[Tue Nov 18 06:40:02 AM PST 2025] Changes detected — committing...
[main 05fe866] Auto sync: 2025-11-18 06:40:02
 1 file changed, 14 insertions(+)
[Tue Nov 18 06:40:02 AM PST 2025] Pushing to GitHub...
To github.com:haunter-actual/haunter-actual.github.io.git
   aa7e163..05fe866  main -> main
[Tue Nov 18 06:40:04 AM PST 2025] Push complete.
[Tue Nov 18 06:45:01 AM PST 2025] Starting auto-push...
From github.com:haunter-actual/haunter-actual.github.io
 * branch            main       -> FETCH_HEAD
error: cannot rebase: You have unstaged changes.
error: Please commit or stash them.
Already up to date.
warning: in the working copy of 'autopush.log', CRLF will be replaced by LF the next time Git touches it
[Tue Nov 18 06:45:03 AM PST 2025] Changes detected — committing...
[main d622b4a] Auto sync: 2025-11-18 06:45:03
 1 file changed, 14 insertions(+)
[Tue Nov 18 06:45:03 AM PST 2025] Pushing to GitHub...
To github.com:haunter-actual/haunter-actual.github.io.git
   05fe866..d622b4a  main -> main
[Tue Nov 18 06:45:04 AM PST 2025] Push complete.
[Tue Nov 18 06:50:01 AM PST 2025] Starting auto-push...
From github.com:haunter-actual/haunter-actual.github.io
 * branch            main       -> FETCH_HEAD
error: cannot rebase: You have unstaged changes.
error: Please commit or stash them.
Already up to date.
warning: in the working copy of 'autopush.log', CRLF will be replaced by LF the next time Git touches it
[Tue Nov 18 06:50:02 AM PST 2025] Changes detected — committing...
[main f272757] Auto sync: 2025-11-18 06:50:02
 1 file changed, 14 insertions(+)
[Tue Nov 18 06:50:02 AM PST 2025] Pushing to GitHub...
To github.com:haunter-actual/haunter-actual.github.io.git
   d622b4a..f272757  main -> main
[Tue Nov 18 06:50:03 AM PST 2025] Push complete.
[Tue Nov 18 06:55:01 AM PST 2025] Starting auto-push...
From github.com:haunter-actual/haunter-actual.github.io
 * branch            main       -> FETCH_HEAD
error: cannot rebase: You have unstaged changes.
error: Please commit or stash them.
Already up to date.
warning: in the working copy of 'autopush.log', CRLF will be replaced by LF the next time Git touches it
[Tue Nov 18 06:55:03 AM PST 2025] Changes detected — committing...
[main a8cefbb] Auto sync: 2025-11-18 06:55:03
 1 file changed, 14 insertions(+)
[Tue Nov 18 06:55:03 AM PST 2025] Pushing to GitHub...
To github.com:haunter-actual/haunter-actual.github.io.git
   f272757..a8cefbb  main -> main
[Tue Nov 18 06:55:04 AM PST 2025] Push complete.
[Tue Nov 18 07:00:01 AM PST 2025] Starting auto-push...
From github.com:haunter-actual/haunter-actual.github.io
 * branch            main       -> FETCH_HEAD
error: cannot rebase: You have unstaged changes.
error: Please commit or stash them.
Already up to date.
warning: in the working copy of 'autopush.log', CRLF will be replaced by LF the next time Git touches it
[Tue Nov 18 07:00:02 AM PST 2025] Changes detected — committing...
[main cb92441] Auto sync: 2025-11-18 07:00:02
 1 file changed, 14 insertions(+)
[Tue Nov 18 07:00:02 AM PST 2025] Pushing to GitHub...
To github.com:haunter-actual/haunter-actual.github.io.git
   a8cefbb..cb92441  main -> main
[Tue Nov 18 07:00:04 AM PST 2025] Push complete.
[Tue Nov 18 07:05:01 AM PST 2025] Starting auto-push...
From github.com:haunter-actual/haunter-actual.github.io
 * branch            main       -> FETCH_HEAD
error: cannot rebase: You have unstaged changes.
error: Please commit or stash them.
Already up to date.
warning: in the working copy of 'autopush.log', CRLF will be replaced by LF the next time Git touches it
[Tue Nov 18 07:05:03 AM PST 2025] Changes detected — committing...
[main 2a4642e] Auto sync: 2025-11-18 07:05:03
 1 file changed, 14 insertions(+)
[Tue Nov 18 07:05:03 AM PST 2025] Pushing to GitHub...
To github.com:haunter-actual/haunter-actual.github.io.git
   cb92441..2a4642e  main -> main
[Tue Nov 18 07:05:04 AM PST 2025] Push complete.
[Tue Nov 18 07:10:01 AM PST 2025] Starting auto-push...
From github.com:haunter-actual/haunter-actual.github.io
 * branch            main       -> FETCH_HEAD
error: cannot rebase: You have unstaged changes.
error: Please commit or stash them.
Already up to date.
warning: in the working copy of 'autopush.log', CRLF will be replaced by LF the next time Git touches it
[Tue Nov 18 07:10:02 AM PST 2025] Changes detected — committing...
[main 93eda72] Auto sync: 2025-11-18 07:10:02
 1 file changed, 14 insertions(+)
[Tue Nov 18 07:10:02 AM PST 2025] Pushing to GitHub...
To github.com:haunter-actual/haunter-actual.github.io.git
   2a4642e..93eda72  main -> main
[Tue Nov 18 07:10:04 AM PST 2025] Push complete.
[Tue Nov 18 07:15:01 AM PST 2025] Starting auto-push...
From github.com:haunter-actual/haunter-actual.github.io
 * branch            main       -> FETCH_HEAD
error: cannot rebase: You have unstaged changes.
error: Please commit or stash them.
Already up to date.
warning: in the working copy of 'autopush.log', CRLF will be replaced by LF the next time Git touches it
[Tue Nov 18 07:15:02 AM PST 2025] Changes detected — committing...
[main 309fa7d] Auto sync: 2025-11-18 07:15:02
 1 file changed, 14 insertions(+)
[Tue Nov 18 07:15:02 AM PST 2025] Pushing to GitHub...
To github.com:haunter-actual/haunter-actual.github.io.git
   93eda72..309fa7d  main -> main
[Tue Nov 18 07:15:04 AM PST 2025] Push complete.
[Tue Nov 18 07:20:01 AM PST 2025] Starting auto-push...
From github.com:haunter-actual/haunter-actual.github.io
 * branch            main       -> FETCH_HEAD
error: cannot rebase: You have unstaged changes.
error: Please commit or stash them.
Already up to date.
warning: in the working copy of 'autopush.log', CRLF will be replaced by LF the next time Git touches it
[Tue Nov 18 07:20:03 AM PST 2025] Changes detected — committing...
[main b08a0e4] Auto sync: 2025-11-18 07:20:03
 1 file changed, 14 insertions(+)
[Tue Nov 18 07:20:03 AM PST 2025] Pushing to GitHub...
To github.com:haunter-actual/haunter-actual.github.io.git
   309fa7d..b08a0e4  main -> main
[Tue Nov 18 07:20:05 AM PST 2025] Push complete.
[Tue Nov 18 07:25:01 AM PST 2025] Starting auto-push...
From github.com:haunter-actual/haunter-actual.github.io
 * branch            main       -> FETCH_HEAD
error: cannot rebase: You have unstaged changes.
error: Please commit or stash them.
Already up to date.
warning: in the working copy of 'autopush.log', CRLF will be replaced by LF the next time Git touches it
[Tue Nov 18 07:25:03 AM PST 2025] Changes detected — committing...
[main 047aac9] Auto sync: 2025-11-18 07:25:03
 1 file changed, 14 insertions(+)
[Tue Nov 18 07:25:03 AM PST 2025] Pushing to GitHub...
To github.com:haunter-actual/haunter-actual.github.io.git
   b08a0e4..047aac9  main -> main
[Tue Nov 18 07:25:04 AM PST 2025] Push complete.
[Tue Nov 18 07:30:01 AM PST 2025] Starting auto-push...
From github.com:haunter-actual/haunter-actual.github.io
 * branch            main       -> FETCH_HEAD
error: cannot rebase: You have unstaged changes.
error: Please commit or stash them.
Already up to date.
warning: in the working copy of 'autopush.log', CRLF will be replaced by LF the next time Git touches it
[Tue Nov 18 07:30:02 AM PST 2025] Changes detected — committing...
[main 341ff27] Auto sync: 2025-11-18 07:30:02
 1 file changed, 14 insertions(+)
[Tue Nov 18 07:30:02 AM PST 2025] Pushing to GitHub...
To github.com:haunter-actual/haunter-actual.github.io.git
   047aac9..341ff27  main -> main
[Tue Nov 18 07:30:04 AM PST 2025] Push complete.
[Tue Nov 18 07:35:01 AM PST 2025] Starting auto-push...
From github.com:haunter-actual/haunter-actual.github.io
 * branch            main       -> FETCH_HEAD
error: cannot rebase: You have unstaged changes.
error: Please commit or stash them.
Already up to date.
warning: in the working copy of 'autopush.log', CRLF will be replaced by LF the next time Git touches it
[Tue Nov 18 07:35:03 AM PST 2025] Changes detected — committing...
[main 52ec98e] Auto sync: 2025-11-18 07:35:03
 1 file changed, 14 insertions(+)
[Tue Nov 18 07:35:03 AM PST 2025] Pushing to GitHub...
To github.com:haunter-actual/haunter-actual.github.io.git
   341ff27..52ec98e  main -> main
[Tue Nov 18 07:35:05 AM PST 2025] Push complete.
[Tue Nov 18 07:40:01 AM PST 2025] Starting auto-push...
From github.com:haunter-actual/haunter-actual.github.io
 * branch            main       -> FETCH_HEAD
error: cannot rebase: You have unstaged changes.
error: Please commit or stash them.
Already up to date.
warning: in the working copy of 'autopush.log', CRLF will be replaced by LF the next time Git touches it
[Tue Nov 18 07:40:02 AM PST 2025] Changes detected — committing...
[main 5dc19a9] Auto sync: 2025-11-18 07:40:02
 1 file changed, 14 insertions(+)
[Tue Nov 18 07:40:02 AM PST 2025] Pushing to GitHub...
To github.com:haunter-actual/haunter-actual.github.io.git
   52ec98e..5dc19a9  main -> main
[Tue Nov 18 07:40:04 AM PST 2025] Push complete.
[Tue Nov 18 07:45:01 AM PST 2025] Starting auto-push...
From github.com:haunter-actual/haunter-actual.github.io
 * branch            main       -> FETCH_HEAD
error: cannot rebase: You have unstaged changes.
error: Please commit or stash them.
Already up to date.
warning: in the working copy of 'autopush.log', CRLF will be replaced by LF the next time Git touches it
[Tue Nov 18 07:45:02 AM PST 2025] Changes detected — committing...
[main d1a5233] Auto sync: 2025-11-18 07:45:02
 1 file changed, 14 insertions(+)
[Tue Nov 18 07:45:02 AM PST 2025] Pushing to GitHub...
To github.com:haunter-actual/haunter-actual.github.io.git
   5dc19a9..d1a5233  main -> main
[Tue Nov 18 07:45:04 AM PST 2025] Push complete.
[Tue Nov 18 07:50:01 AM PST 2025] Starting auto-push...
From github.com:haunter-actual/haunter-actual.github.io
 * branch            main       -> FETCH_HEAD
error: cannot rebase: You have unstaged changes.
error: Please commit or stash them.
Already up to date.
warning: in the working copy of 'autopush.log', CRLF will be replaced by LF the next time Git touches it
[Tue Nov 18 07:50:02 AM PST 2025] Changes detected — committing...
[main 56dc5af] Auto sync: 2025-11-18 07:50:02
 1 file changed, 14 insertions(+)
[Tue Nov 18 07:50:02 AM PST 2025] Pushing to GitHub...
To github.com:haunter-actual/haunter-actual.github.io.git
   d1a5233..56dc5af  main -> main
[Tue Nov 18 07:50:04 AM PST 2025] Push complete.
[Tue Nov 18 07:55:01 AM PST 2025] Starting auto-push...
From github.com:haunter-actual/haunter-actual.github.io
 * branch            main       -> FETCH_HEAD
error: cannot rebase: You have unstaged changes.
error: Please commit or stash them.
Already up to date.
warning: in the working copy of 'autopush.log', CRLF will be replaced by LF the next time Git touches it
[Tue Nov 18 07:55:03 AM PST 2025] Changes detected — committing...
[main d1067de] Auto sync: 2025-11-18 07:55:03
 1 file changed, 14 insertions(+)
[Tue Nov 18 07:55:03 AM PST 2025] Pushing to GitHub...
To github.com:haunter-actual/haunter-actual.github.io.git
   56dc5af..d1067de  main -> main
[Tue Nov 18 07:55:05 AM PST 2025] Push complete.
[Tue Nov 18 08:00:01 AM PST 2025] Starting auto-push...
From github.com:haunter-actual/haunter-actual.github.io
 * branch            main       -> FETCH_HEAD
error: cannot rebase: You have unstaged changes.
error: Please commit or stash them.
Already up to date.
warning: in the working copy of 'autopush.log', CRLF will be replaced by LF the next time Git touches it
[Tue Nov 18 08:00:03 AM PST 2025] Changes detected — committing...
[main 91db3d6] Auto sync: 2025-11-18 08:00:02
 1 file changed, 14 insertions(+)
[Tue Nov 18 08:00:03 AM PST 2025] Pushing to GitHub...
To github.com:haunter-actual/haunter-actual.github.io.git
   d1067de..91db3d6  main -> main
[Tue Nov 18 08:00:04 AM PST 2025] Push complete.
[Tue Nov 18 08:05:01 AM PST 2025] Starting auto-push...
From github.com:haunter-actual/haunter-actual.github.io
 * branch            main       -> FETCH_HEAD
error: cannot rebase: You have unstaged changes.
error: Please commit or stash them.
Already up to date.
warning: in the working copy of 'autopush.log', CRLF will be replaced by LF the next time Git touches it
[Tue Nov 18 08:05:02 AM PST 2025] Changes detected — committing...
[main 584abdf] Auto sync: 2025-11-18 08:05:02
 1 file changed, 14 insertions(+)
[Tue Nov 18 08:05:02 AM PST 2025] Pushing to GitHub...
To github.com:haunter-actual/haunter-actual.github.io.git
   91db3d6..584abdf  main -> main
[Tue Nov 18 08:05:04 AM PST 2025] Push complete.
[Tue Nov 18 08:10:01 AM PST 2025] Starting auto-push...
From github.com:haunter-actual/haunter-actual.github.io
 * branch            main       -> FETCH_HEAD
error: cannot rebase: You have unstaged changes.
error: Please commit or stash them.
Already up to date.
warning: in the working copy of 'autopush.log', CRLF will be replaced by LF the next time Git touches it
[Tue Nov 18 08:10:02 AM PST 2025] Changes detected — committing...
[main 1bd9f15] Auto sync: 2025-11-18 08:10:02
 1 file changed, 14 insertions(+)
[Tue Nov 18 08:10:02 AM PST 2025] Pushing to GitHub...
To github.com:haunter-actual/haunter-actual.github.io.git
   584abdf..1bd9f15  main -> main
[Tue Nov 18 08:10:04 AM PST 2025] Push complete.
[Tue Nov 18 08:15:01 AM PST 2025] Starting auto-push...
From github.com:haunter-actual/haunter-actual.github.io
 * branch            main       -> FETCH_HEAD
error: cannot rebase: You have unstaged changes.
error: Please commit or stash them.
Already up to date.
warning: in the working copy of 'autopush.log', CRLF will be replaced by LF the next time Git touches it
[Tue Nov 18 08:15:03 AM PST 2025] Changes detected — committing...
[main bdfd0e2] Auto sync: 2025-11-18 08:15:03
 1 file changed, 14 insertions(+)
[Tue Nov 18 08:15:03 AM PST 2025] Pushing to GitHub...
To github.com:haunter-actual/haunter-actual.github.io.git
   1bd9f15..bdfd0e2  main -> main
[Tue Nov 18 08:15:04 AM PST 2025] Push complete.
[Tue Nov 18 08:20:01 AM PST 2025] Starting auto-push...
From github.com:haunter-actual/haunter-actual.github.io
 * branch            main       -> FETCH_HEAD
error: cannot rebase: You have unstaged changes.
error: Please commit or stash them.
Already up to date.
warning: in the working copy of 'autopush.log', CRLF will be replaced by LF the next time Git touches it
[Tue Nov 18 08:20:03 AM PST 2025] Changes detected — committing...
[main 58fb9c4] Auto sync: 2025-11-18 08:20:03
 1 file changed, 14 insertions(+)
[Tue Nov 18 08:20:03 AM PST 2025] Pushing to GitHub...
To github.com:haunter-actual/haunter-actual.github.io.git
   bdfd0e2..58fb9c4  main -> main
[Tue Nov 18 08:20:04 AM PST 2025] Push complete.
[Tue Nov 18 08:25:01 AM PST 2025] Starting auto-push...
From github.com:haunter-actual/haunter-actual.github.io
 * branch            main       -> FETCH_HEAD
error: cannot rebase: You have unstaged changes.
error: Please commit or stash them.
Already up to date.
warning: in the working copy of 'autopush.log', CRLF will be replaced by LF the next time Git touches it
[Tue Nov 18 08:25:02 AM PST 2025] Changes detected — committing...
[main 1c67f51] Auto sync: 2025-11-18 08:25:02
 1 file changed, 14 insertions(+)
[Tue Nov 18 08:25:02 AM PST 2025] Pushing to GitHub...
To github.com:haunter-actual/haunter-actual.github.io.git
   58fb9c4..1c67f51  main -> main
[Tue Nov 18 08:25:04 AM PST 2025] Push complete.
[Tue Nov 18 08:30:01 AM PST 2025] Starting auto-push...
From github.com:haunter-actual/haunter-actual.github.io
 * branch            main       -> FETCH_HEAD
error: cannot rebase: You have unstaged changes.
error: Please commit or stash them.
Already up to date.
warning: in the working copy of 'autopush.log', CRLF will be replaced by LF the next time Git touches it
[Tue Nov 18 08:30:03 AM PST 2025] Changes detected — committing...
[main 53d8dae] Auto sync: 2025-11-18 08:30:03
 1 file changed, 14 insertions(+)
[Tue Nov 18 08:30:03 AM PST 2025] Pushing to GitHub...
To github.com:haunter-actual/haunter-actual.github.io.git
   1c67f51..53d8dae  main -> main
[Tue Nov 18 08:30:04 AM PST 2025] Push complete.
[Tue Nov 18 08:35:01 AM PST 2025] Starting auto-push...
From github.com:haunter-actual/haunter-actual.github.io
 * branch            main       -> FETCH_HEAD
error: cannot rebase: You have unstaged changes.
error: Please commit or stash them.
Already up to date.
warning: in the working copy of 'autopush.log', CRLF will be replaced by LF the next time Git touches it
[Tue Nov 18 08:35:03 AM PST 2025] Changes detected — committing...
[main d483ea3] Auto sync: 2025-11-18 08:35:03
 1 file changed, 14 insertions(+)
[Tue Nov 18 08:35:03 AM PST 2025] Pushing to GitHub...
To github.com:haunter-actual/haunter-actual.github.io.git
   53d8dae..d483ea3  main -> main
[Tue Nov 18 08:35:04 AM PST 2025] Push complete.
[Tue Nov 18 08:40:01 AM PST 2025] Starting auto-push...
From github.com:haunter-actual/haunter-actual.github.io
 * branch            main       -> FETCH_HEAD
error: cannot rebase: You have unstaged changes.
error: Please commit or stash them.
Already up to date.
warning: in the working copy of 'autopush.log', CRLF will be replaced by LF the next time Git touches it
[Tue Nov 18 08:40:03 AM PST 2025] Changes detected — committing...
[main a0d6080] Auto sync: 2025-11-18 08:40:03
 1 file changed, 14 insertions(+)
[Tue Nov 18 08:40:03 AM PST 2025] Pushing to GitHub...
To github.com:haunter-actual/haunter-actual.github.io.git
   d483ea3..a0d6080  main -> main
[Tue Nov 18 08:40:04 AM PST 2025] Push complete.
[Tue Nov 18 08:45:01 AM PST 2025] Starting auto-push...
From github.com:haunter-actual/haunter-actual.github.io
 * branch            main       -> FETCH_HEAD
error: cannot rebase: You have unstaged changes.
error: Please commit or stash them.
Already up to date.
warning: in the working copy of 'autopush.log', CRLF will be replaced by LF the next time Git touches it
[Tue Nov 18 08:45:02 AM PST 2025] Changes detected — committing...
[main 70947ed] Auto sync: 2025-11-18 08:45:02
 1 file changed, 14 insertions(+)
[Tue Nov 18 08:45:02 AM PST 2025] Pushing to GitHub...
To github.com:haunter-actual/haunter-actual.github.io.git
   a0d6080..70947ed  main -> main
[Tue Nov 18 08:45:04 AM PST 2025] Push complete.
[Tue Nov 18 08:50:01 AM PST 2025] Starting auto-push...
From github.com:haunter-actual/haunter-actual.github.io
 * branch            main       -> FETCH_HEAD
error: cannot rebase: You have unstaged changes.
error: Please commit or stash them.
Already up to date.
warning: in the working copy of 'autopush.log', CRLF will be replaced by LF the next time Git touches it
[Tue Nov 18 08:50:03 AM PST 2025] Changes detected — committing...
[main cbd1d40] Auto sync: 2025-11-18 08:50:03
 1 file changed, 14 insertions(+)
[Tue Nov 18 08:50:03 AM PST 2025] Pushing to GitHub...
To github.com:haunter-actual/haunter-actual.github.io.git
   70947ed..cbd1d40  main -> main
[Tue Nov 18 08:50:05 AM PST 2025] Push complete.
[Tue Nov 18 08:55:01 AM PST 2025] Starting auto-push...
From github.com:haunter-actual/haunter-actual.github.io
 * branch            main       -> FETCH_HEAD
error: cannot rebase: You have unstaged changes.
error: Please commit or stash them.
Already up to date.
warning: in the working copy of 'autopush.log', CRLF will be replaced by LF the next time Git touches it
[Tue Nov 18 08:55:03 AM PST 2025] Changes detected — committing...
[main 4f1a0c1] Auto sync: 2025-11-18 08:55:03
 1 file changed, 14 insertions(+)
[Tue Nov 18 08:55:03 AM PST 2025] Pushing to GitHub...
To github.com:haunter-actual/haunter-actual.github.io.git
   cbd1d40..4f1a0c1  main -> main
[Tue Nov 18 08:55:04 AM PST 2025] Push complete.
[Tue Nov 18 09:00:01 AM PST 2025] Starting auto-push...
From github.com:haunter-actual/haunter-actual.github.io
 * branch            main       -> FETCH_HEAD
error: cannot rebase: You have unstaged changes.
error: Please commit or stash them.
Already up to date.
warning: in the working copy of 'autopush.log', CRLF will be replaced by LF the next time Git touches it
[Tue Nov 18 09:00:03 AM PST 2025] Changes detected — committing...
[main 9823832] Auto sync: 2025-11-18 09:00:03
 1 file changed, 14 insertions(+)
[Tue Nov 18 09:00:03 AM PST 2025] Pushing to GitHub...
To github.com:haunter-actual/haunter-actual.github.io.git
   4f1a0c1..9823832  main -> main
[Tue Nov 18 09:00:05 AM PST 2025] Push complete.
[Tue Nov 18 09:05:01 AM PST 2025] Starting auto-push...
From github.com:haunter-actual/haunter-actual.github.io
 * branch            main       -> FETCH_HEAD
error: cannot rebase: You have unstaged changes.
error: Please commit or stash them.
Already up to date.
warning: in the working copy of 'autopush.log', CRLF will be replaced by LF the next time Git touches it
[Tue Nov 18 09:05:03 AM PST 2025] Changes detected — committing...
[main 03caa3c] Auto sync: 2025-11-18 09:05:03
 1 file changed, 14 insertions(+)
[Tue Nov 18 09:05:03 AM PST 2025] Pushing to GitHub...
To github.com:haunter-actual/haunter-actual.github.io.git
   9823832..03caa3c  main -> main
[Tue Nov 18 09:05:04 AM PST 2025] Push complete.
[Tue Nov 18 09:10:02 AM PST 2025] Starting auto-push...
From github.com:haunter-actual/haunter-actual.github.io
 * branch            main       -> FETCH_HEAD
error: cannot rebase: You have unstaged changes.
error: Please commit or stash them.
Already up to date.
warning: in the working copy of 'autopush.log', CRLF will be replaced by LF the next time Git touches it
[Tue Nov 18 09:10:03 AM PST 2025] Changes detected — committing...
[main c2c4b71] Auto sync: 2025-11-18 09:10:03
 1 file changed, 14 insertions(+)
[Tue Nov 18 09:10:03 AM PST 2025] Pushing to GitHub...
To github.com:haunter-actual/haunter-actual.github.io.git
   03caa3c..c2c4b71  main -> main
[Tue Nov 18 09:10:05 AM PST 2025] Push complete.
[Tue Nov 18 09:15:01 AM PST 2025] Starting auto-push...
From github.com:haunter-actual/haunter-actual.github.io
 * branch            main       -> FETCH_HEAD
error: cannot rebase: You have unstaged changes.
error: Please commit or stash them.
Already up to date.
warning: in the working copy of 'autopush.log', CRLF will be replaced by LF the next time Git touches it
[Tue Nov 18 09:15:03 AM PST 2025] Changes detected — committing...
[main 10dbfdf] Auto sync: 2025-11-18 09:15:03
 1 file changed, 14 insertions(+)
[Tue Nov 18 09:15:03 AM PST 2025] Pushing to GitHub...
To github.com:haunter-actual/haunter-actual.github.io.git
   c2c4b71..10dbfdf  main -> main
[Tue Nov 18 09:15:04 AM PST 2025] Push complete.
[Tue Nov 18 09:20:01 AM PST 2025] Starting auto-push...
From github.com:haunter-actual/haunter-actual.github.io
 * branch            main       -> FETCH_HEAD
error: cannot rebase: You have unstaged changes.
error: Please commit or stash them.
Already up to date.
warning: in the working copy of 'autopush.log', CRLF will be replaced by LF the next time Git touches it
[Tue Nov 18 09:20:03 AM PST 2025] Changes detected — committing...
[main 3636222] Auto sync: 2025-11-18 09:20:03
 1 file changed, 14 insertions(+)
[Tue Nov 18 09:20:03 AM PST 2025] Pushing to GitHub...
To github.com:haunter-actual/haunter-actual.github.io.git
   10dbfdf..3636222  main -> main
[Tue Nov 18 09:20:04 AM PST 2025] Push complete.
[Tue Nov 18 09:25:01 AM PST 2025] Starting auto-push...
From github.com:haunter-actual/haunter-actual.github.io
 * branch            main       -> FETCH_HEAD
error: cannot rebase: You have unstaged changes.
error: Please commit or stash them.
Already up to date.
warning: in the working copy of 'autopush.log', CRLF will be replaced by LF the next time Git touches it
[Tue Nov 18 09:25:02 AM PST 2025] Changes detected — committing...
[main 8094788] Auto sync: 2025-11-18 09:25:02
 1 file changed, 14 insertions(+)
[Tue Nov 18 09:25:02 AM PST 2025] Pushing to GitHub...
To github.com:haunter-actual/haunter-actual.github.io.git
   3636222..8094788  main -> main
[Tue Nov 18 09:25:04 AM PST 2025] Push complete.
[Tue Nov 18 09:30:01 AM PST 2025] Starting auto-push...
From github.com:haunter-actual/haunter-actual.github.io
 * branch            main       -> FETCH_HEAD
error: cannot rebase: You have unstaged changes.
error: Please commit or stash them.
Already up to date.
warning: in the working copy of 'autopush.log', CRLF will be replaced by LF the next time Git touches it
[Tue Nov 18 09:30:03 AM PST 2025] Changes detected — committing...
[main e9e5bec] Auto sync: 2025-11-18 09:30:03
 1 file changed, 14 insertions(+)
[Tue Nov 18 09:30:03 AM PST 2025] Pushing to GitHub...
To github.com:haunter-actual/haunter-actual.github.io.git
   8094788..e9e5bec  main -> main
[Tue Nov 18 09:30:05 AM PST 2025] Push complete.
[Tue Nov 18 09:35:01 AM PST 2025] Starting auto-push...
From github.com:haunter-actual/haunter-actual.github.io
 * branch            main       -> FETCH_HEAD
error: cannot rebase: You have unstaged changes.
error: Please commit or stash them.
Already up to date.
warning: in the working copy of 'autopush.log', CRLF will be replaced by LF the next time Git touches it
[Tue Nov 18 09:35:03 AM PST 2025] Changes detected — committing...
[main fc4433c] Auto sync: 2025-11-18 09:35:03
 1 file changed, 14 insertions(+)
[Tue Nov 18 09:35:03 AM PST 2025] Pushing to GitHub...
To github.com:haunter-actual/haunter-actual.github.io.git
   e9e5bec..fc4433c  main -> main
[Tue Nov 18 09:35:04 AM PST 2025] Push complete.
[Tue Nov 18 09:40:01 AM PST 2025] Starting auto-push...
From github.com:haunter-actual/haunter-actual.github.io
 * branch            main       -> FETCH_HEAD
error: cannot rebase: You have unstaged changes.
error: Please commit or stash them.
Already up to date.
warning: in the working copy of 'autopush.log', CRLF will be replaced by LF the next time Git touches it
[Tue Nov 18 09:40:03 AM PST 2025] Changes detected — committing...
[main 983e09d] Auto sync: 2025-11-18 09:40:03
 1 file changed, 14 insertions(+)
[Tue Nov 18 09:40:03 AM PST 2025] Pushing to GitHub...
To github.com:haunter-actual/haunter-actual.github.io.git
   fc4433c..983e09d  main -> main
[Tue Nov 18 09:40:04 AM PST 2025] Push complete.
[Tue Nov 18 09:45:01 AM PST 2025] Starting auto-push...
From github.com:haunter-actual/haunter-actual.github.io
 * branch            main       -> FETCH_HEAD
error: cannot rebase: You have unstaged changes.
error: Please commit or stash them.
Already up to date.
warning: in the working copy of 'autopush.log', CRLF will be replaced by LF the next time Git touches it
[Tue Nov 18 09:45:02 AM PST 2025] Changes detected — committing...
[main 4f72dfd] Auto sync: 2025-11-18 09:45:02
 1 file changed, 14 insertions(+)
[Tue Nov 18 09:45:02 AM PST 2025] Pushing to GitHub...
To github.com:haunter-actual/haunter-actual.github.io.git
   983e09d..4f72dfd  main -> main
[Tue Nov 18 09:45:04 AM PST 2025] Push complete.
[Tue Nov 18 09:50:01 AM PST 2025] Starting auto-push...
From github.com:haunter-actual/haunter-actual.github.io
 * branch            main       -> FETCH_HEAD
error: cannot rebase: You have unstaged changes.
error: Please commit or stash them.
Already up to date.
warning: in the working copy of 'autopush.log', CRLF will be replaced by LF the next time Git touches it
[Tue Nov 18 09:50:02 AM PST 2025] Changes detected — committing...
[main 0468276] Auto sync: 2025-11-18 09:50:02
 1 file changed, 14 insertions(+)
[Tue Nov 18 09:50:02 AM PST 2025] Pushing to GitHub...
To github.com:haunter-actual/haunter-actual.github.io.git
   4f72dfd..0468276  main -> main
[Tue Nov 18 09:50:04 AM PST 2025] Push complete.
[Tue Nov 18 09:55:01 AM PST 2025] Starting auto-push...
From github.com:haunter-actual/haunter-actual.github.io
 * branch            main       -> FETCH_HEAD
error: cannot rebase: You have unstaged changes.
error: Please commit or stash them.
Already up to date.
warning: in the working copy of 'autopush.log', CRLF will be replaced by LF the next time Git touches it
[Tue Nov 18 09:55:02 AM PST 2025] Changes detected — committing...
[main d206735] Auto sync: 2025-11-18 09:55:02
 1 file changed, 14 insertions(+)
[Tue Nov 18 09:55:02 AM PST 2025] Pushing to GitHub...
To github.com:haunter-actual/haunter-actual.github.io.git
   0468276..d206735  main -> main
[Tue Nov 18 09:55:04 AM PST 2025] Push complete.
[Tue Nov 18 10:00:01 AM PST 2025] Starting auto-push...
From github.com:haunter-actual/haunter-actual.github.io
 * branch            main       -> FETCH_HEAD
error: cannot rebase: You have unstaged changes.
error: Please commit or stash them.
Already up to date.
warning: in the working copy of 'autopush.log', CRLF will be replaced by LF the next time Git touches it
[Tue Nov 18 10:00:03 AM PST 2025] Changes detected — committing...
[main bccb7ae] Auto sync: 2025-11-18 10:00:03
 1 file changed, 14 insertions(+)
[Tue Nov 18 10:00:03 AM PST 2025] Pushing to GitHub...
To github.com:haunter-actual/haunter-actual.github.io.git
   d206735..bccb7ae  main -> main
[Tue Nov 18 10:00:04 AM PST 2025] Push complete.
[Tue Nov 18 10:05:01 AM PST 2025] Starting auto-push...
From github.com:haunter-actual/haunter-actual.github.io
 * branch            main       -> FETCH_HEAD
error: cannot rebase: You have unstaged changes.
error: Please commit or stash them.
Already up to date.
warning: in the working copy of 'autopush.log', CRLF will be replaced by LF the next time Git touches it
[Tue Nov 18 10:05:03 AM PST 2025] Changes detected — committing...
[main 5213a95] Auto sync: 2025-11-18 10:05:03
 1 file changed, 14 insertions(+)
[Tue Nov 18 10:05:03 AM PST 2025] Pushing to GitHub...
To github.com:haunter-actual/haunter-actual.github.io.git
   bccb7ae..5213a95  main -> main
[Tue Nov 18 10:05:05 AM PST 2025] Push complete.
[Tue Nov 18 10:10:01 AM PST 2025] Starting auto-push...
From github.com:haunter-actual/haunter-actual.github.io
 * branch            main       -> FETCH_HEAD
error: cannot rebase: You have unstaged changes.
error: Please commit or stash them.
Already up to date.
warning: in the working copy of 'autopush.log', CRLF will be replaced by LF the next time Git touches it
[Tue Nov 18 10:10:02 AM PST 2025] Changes detected — committing...
[main 7704f91] Auto sync: 2025-11-18 10:10:02
 1 file changed, 14 insertions(+)
[Tue Nov 18 10:10:03 AM PST 2025] Pushing to GitHub...
To github.com:haunter-actual/haunter-actual.github.io.git
   5213a95..7704f91  main -> main
[Tue Nov 18 10:10:04 AM PST 2025] Push complete.
[Tue Nov 18 10:15:01 AM PST 2025] Starting auto-push...
From github.com:haunter-actual/haunter-actual.github.io
 * branch            main       -> FETCH_HEAD
error: cannot rebase: You have unstaged changes.
error: Please commit or stash them.
Already up to date.
warning: in the working copy of 'autopush.log', CRLF will be replaced by LF the next time Git touches it
[Tue Nov 18 10:15:02 AM PST 2025] Changes detected — committing...
[main 284fa58] Auto sync: 2025-11-18 10:15:02
 1 file changed, 14 insertions(+)
[Tue Nov 18 10:15:02 AM PST 2025] Pushing to GitHub...
To github.com:haunter-actual/haunter-actual.github.io.git
   7704f91..284fa58  main -> main
[Tue Nov 18 10:15:04 AM PST 2025] Push complete.
[Tue Nov 18 10:20:01 AM PST 2025] Starting auto-push...
From github.com:haunter-actual/haunter-actual.github.io
 * branch            main       -> FETCH_HEAD
error: cannot rebase: You have unstaged changes.
error: Please commit or stash them.
Already up to date.
warning: in the working copy of 'autopush.log', CRLF will be replaced by LF the next time Git touches it
[Tue Nov 18 10:20:03 AM PST 2025] Changes detected — committing...
[main a26bb5a] Auto sync: 2025-11-18 10:20:03
 1 file changed, 14 insertions(+)
[Tue Nov 18 10:20:03 AM PST 2025] Pushing to GitHub...
To github.com:haunter-actual/haunter-actual.github.io.git
   284fa58..a26bb5a  main -> main
[Tue Nov 18 10:20:04 AM PST 2025] Push complete.
[Tue Nov 18 10:25:01 AM PST 2025] Starting auto-push...
From github.com:haunter-actual/haunter-actual.github.io
 * branch            main       -> FETCH_HEAD
error: cannot rebase: You have unstaged changes.
error: Please commit or stash them.
Already up to date.
warning: in the working copy of 'autopush.log', CRLF will be replaced by LF the next time Git touches it
[Tue Nov 18 10:25:03 AM PST 2025] Changes detected — committing...
[main 3753362] Auto sync: 2025-11-18 10:25:03
 1 file changed, 14 insertions(+)
[Tue Nov 18 10:25:03 AM PST 2025] Pushing to GitHub...
To github.com:haunter-actual/haunter-actual.github.io.git
   a26bb5a..3753362  main -> main
[Tue Nov 18 10:25:04 AM PST 2025] Push complete.
[Tue Nov 18 10:30:01 AM PST 2025] Starting auto-push...
From github.com:haunter-actual/haunter-actual.github.io
 * branch            main       -> FETCH_HEAD
error: cannot rebase: You have unstaged changes.
error: Please commit or stash them.
Already up to date.
warning: in the working copy of 'autopush.log', CRLF will be replaced by LF the next time Git touches it
[Tue Nov 18 10:30:02 AM PST 2025] Changes detected — committing...
[main 4e13b46] Auto sync: 2025-11-18 10:30:02
 1 file changed, 14 insertions(+)
[Tue Nov 18 10:30:02 AM PST 2025] Pushing to GitHub...
To github.com:haunter-actual/haunter-actual.github.io.git
   3753362..4e13b46  main -> main
[Tue Nov 18 10:30:04 AM PST 2025] Push complete.
[Tue Nov 18 10:35:01 AM PST 2025] Starting auto-push...
From github.com:haunter-actual/haunter-actual.github.io
 * branch            main       -> FETCH_HEAD
error: cannot rebase: You have unstaged changes.
error: Please commit or stash them.
Already up to date.
warning: in the working copy of 'autopush.log', CRLF will be replaced by LF the next time Git touches it
[Tue Nov 18 10:35:03 AM PST 2025] Changes detected — committing...
[main 7ac4f07] Auto sync: 2025-11-18 10:35:03
 1 file changed, 14 insertions(+)
[Tue Nov 18 10:35:03 AM PST 2025] Pushing to GitHub...
To github.com:haunter-actual/haunter-actual.github.io.git
   4e13b46..7ac4f07  main -> main
[Tue Nov 18 10:35:04 AM PST 2025] Push complete.
[Tue Nov 18 10:40:01 AM PST 2025] Starting auto-push...
From github.com:haunter-actual/haunter-actual.github.io
 * branch            main       -> FETCH_HEAD
error: cannot rebase: You have unstaged changes.
error: Please commit or stash them.
Already up to date.
warning: in the working copy of 'autopush.log', CRLF will be replaced by LF the next time Git touches it
[Tue Nov 18 10:40:02 AM PST 2025] Changes detected — committing...
[main 87bbaf5] Auto sync: 2025-11-18 10:40:02
 1 file changed, 14 insertions(+)
[Tue Nov 18 10:40:02 AM PST 2025] Pushing to GitHub...
To github.com:haunter-actual/haunter-actual.github.io.git
   7ac4f07..87bbaf5  main -> main
[Tue Nov 18 10:40:04 AM PST 2025] Push complete.
[Tue Nov 18 10:45:01 AM PST 2025] Starting auto-push...
From github.com:haunter-actual/haunter-actual.github.io
 * branch            main       -> FETCH_HEAD
error: cannot rebase: You have unstaged changes.
error: Please commit or stash them.
Already up to date.
warning: in the working copy of 'autopush.log', CRLF will be replaced by LF the next time Git touches it
[Tue Nov 18 10:45:03 AM PST 2025] Changes detected — committing...
[main e0b7f98] Auto sync: 2025-11-18 10:45:03
 1 file changed, 14 insertions(+)
[Tue Nov 18 10:45:03 AM PST 2025] Pushing to GitHub...
To github.com:haunter-actual/haunter-actual.github.io.git
   87bbaf5..e0b7f98  main -> main
[Tue Nov 18 10:45:04 AM PST 2025] Push complete.
[Tue Nov 18 10:50:01 AM PST 2025] Starting auto-push...
From github.com:haunter-actual/haunter-actual.github.io
 * branch            main       -> FETCH_HEAD
error: cannot rebase: You have unstaged changes.
error: Please commit or stash them.
Already up to date.
warning: in the working copy of 'autopush.log', CRLF will be replaced by LF the next time Git touches it
[Tue Nov 18 10:50:02 AM PST 2025] Changes detected — committing...
[main c571a4e] Auto sync: 2025-11-18 10:50:02
 1 file changed, 14 insertions(+)
[Tue Nov 18 10:50:02 AM PST 2025] Pushing to GitHub...
To github.com:haunter-actual/haunter-actual.github.io.git
   e0b7f98..c571a4e  main -> main
[Tue Nov 18 10:50:04 AM PST 2025] Push complete.
[Tue Nov 18 10:55:01 AM PST 2025] Starting auto-push...
From github.com:haunter-actual/haunter-actual.github.io
 * branch            main       -> FETCH_HEAD
error: cannot rebase: You have unstaged changes.
error: Please commit or stash them.
Already up to date.
warning: in the working copy of 'autopush.log', CRLF will be replaced by LF the next time Git touches it
[Tue Nov 18 10:55:03 AM PST 2025] Changes detected — committing...
[main af120da] Auto sync: 2025-11-18 10:55:03
 1 file changed, 14 insertions(+)
[Tue Nov 18 10:55:03 AM PST 2025] Pushing to GitHub...
To github.com:haunter-actual/haunter-actual.github.io.git
   c571a4e..af120da  main -> main
[Tue Nov 18 10:55:04 AM PST 2025] Push complete.
[Tue Nov 18 11:00:01 AM PST 2025] Starting auto-push...
From github.com:haunter-actual/haunter-actual.github.io
 * branch            main       -> FETCH_HEAD
error: cannot rebase: You have unstaged changes.
error: Please commit or stash them.
Already up to date.
warning: in the working copy of 'autopush.log', CRLF will be replaced by LF the next time Git touches it
[Tue Nov 18 11:00:02 AM PST 2025] Changes detected — committing...
[main 14e4e75] Auto sync: 2025-11-18 11:00:02
 1 file changed, 14 insertions(+)
[Tue Nov 18 11:00:02 AM PST 2025] Pushing to GitHub...
To github.com:haunter-actual/haunter-actual.github.io.git
   af120da..14e4e75  main -> main
[Tue Nov 18 11:00:04 AM PST 2025] Push complete.
[Tue Nov 18 11:05:01 AM PST 2025] Starting auto-push...
From github.com:haunter-actual/haunter-actual.github.io
 * branch            main       -> FETCH_HEAD
error: cannot rebase: You have unstaged changes.
error: Please commit or stash them.
Already up to date.
warning: in the working copy of 'autopush.log', CRLF will be replaced by LF the next time Git touches it
[Tue Nov 18 11:05:02 AM PST 2025] Changes detected — committing...
[main f4121eb] Auto sync: 2025-11-18 11:05:02
 1 file changed, 14 insertions(+)
[Tue Nov 18 11:05:02 AM PST 2025] Pushing to GitHub...
To github.com:haunter-actual/haunter-actual.github.io.git
   14e4e75..f4121eb  main -> main
[Tue Nov 18 11:05:04 AM PST 2025] Push complete.
[Tue Nov 18 11:10:01 AM PST 2025] Starting auto-push...
From github.com:haunter-actual/haunter-actual.github.io
 * branch            main       -> FETCH_HEAD
error: cannot rebase: You have unstaged changes.
error: Please commit or stash them.
Already up to date.
warning: in the working copy of 'autopush.log', CRLF will be replaced by LF the next time Git touches it
[Tue Nov 18 11:10:03 AM PST 2025] Changes detected — committing...
[main b57eb1b] Auto sync: 2025-11-18 11:10:03
 1 file changed, 14 insertions(+)
[Tue Nov 18 11:10:03 AM PST 2025] Pushing to GitHub...
To github.com:haunter-actual/haunter-actual.github.io.git
   f4121eb..b57eb1b  main -> main
[Tue Nov 18 11:10:04 AM PST 2025] Push complete.
[Tue Nov 18 11:15:01 AM PST 2025] Starting auto-push...
From github.com:haunter-actual/haunter-actual.github.io
 * branch            main       -> FETCH_HEAD
error: cannot rebase: You have unstaged changes.
error: Please commit or stash them.
Already up to date.
warning: in the working copy of 'autopush.log', CRLF will be replaced by LF the next time Git touches it
[Tue Nov 18 11:15:03 AM PST 2025] Changes detected — committing...
[main 439e77b] Auto sync: 2025-11-18 11:15:03
 1 file changed, 14 insertions(+)
[Tue Nov 18 11:15:03 AM PST 2025] Pushing to GitHub...
To github.com:haunter-actual/haunter-actual.github.io.git
   b57eb1b..439e77b  main -> main
[Tue Nov 18 11:15:05 AM PST 2025] Push complete.
[Tue Nov 18 11:20:01 AM PST 2025] Starting auto-push...
From github.com:haunter-actual/haunter-actual.github.io
 * branch            main       -> FETCH_HEAD
error: cannot rebase: You have unstaged changes.
error: Please commit or stash them.
Already up to date.
warning: in the working copy of 'autopush.log', CRLF will be replaced by LF the next time Git touches it
[Tue Nov 18 11:20:02 AM PST 2025] Changes detected — committing...
[main b75ae36] Auto sync: 2025-11-18 11:20:02
 1 file changed, 14 insertions(+)
[Tue Nov 18 11:20:02 AM PST 2025] Pushing to GitHub...
To github.com:haunter-actual/haunter-actual.github.io.git
   439e77b..b75ae36  main -> main
[Tue Nov 18 11:20:04 AM PST 2025] Push complete.
[Tue Nov 18 11:25:01 AM PST 2025] Starting auto-push...
From github.com:haunter-actual/haunter-actual.github.io
 * branch            main       -> FETCH_HEAD
error: cannot rebase: You have unstaged changes.
error: Please commit or stash them.
Already up to date.
warning: in the working copy of 'autopush.log', CRLF will be replaced by LF the next time Git touches it
[Tue Nov 18 11:25:03 AM PST 2025] Changes detected — committing...
[main ee076bf] Auto sync: 2025-11-18 11:25:03
 1 file changed, 14 insertions(+)
[Tue Nov 18 11:25:03 AM PST 2025] Pushing to GitHub...
To github.com:haunter-actual/haunter-actual.github.io.git
   b75ae36..ee076bf  main -> main
[Tue Nov 18 11:25:04 AM PST 2025] Push complete.
[Tue Nov 18 11:30:01 AM PST 2025] Starting auto-push...
From github.com:haunter-actual/haunter-actual.github.io
 * branch            main       -> FETCH_HEAD
error: cannot rebase: You have unstaged changes.
error: Please commit or stash them.
Already up to date.
warning: in the working copy of 'autopush.log', CRLF will be replaced by LF the next time Git touches it
[Tue Nov 18 11:30:03 AM PST 2025] Changes detected — committing...
[main 04ee860] Auto sync: 2025-11-18 11:30:03
 1 file changed, 14 insertions(+)
[Tue Nov 18 11:30:03 AM PST 2025] Pushing to GitHub...
To github.com:haunter-actual/haunter-actual.github.io.git
   ee076bf..04ee860  main -> main
[Tue Nov 18 11:30:05 AM PST 2025] Push complete.
[Tue Nov 18 11:35:01 AM PST 2025] Starting auto-push...
From github.com:haunter-actual/haunter-actual.github.io
 * branch            main       -> FETCH_HEAD
error: cannot rebase: You have unstaged changes.
error: Please commit or stash them.
Already up to date.
warning: in the working copy of 'autopush.log', CRLF will be replaced by LF the next time Git touches it
[Tue Nov 18 11:35:03 AM PST 2025] Changes detected — committing...
[main 33aa994] Auto sync: 2025-11-18 11:35:03
 1 file changed, 14 insertions(+)
[Tue Nov 18 11:35:03 AM PST 2025] Pushing to GitHub...
To github.com:haunter-actual/haunter-actual.github.io.git
   04ee860..33aa994  main -> main
[Tue Nov 18 11:35:04 AM PST 2025] Push complete.
[Tue Nov 18 11:40:01 AM PST 2025] Starting auto-push...
From github.com:haunter-actual/haunter-actual.github.io
 * branch            main       -> FETCH_HEAD
error: cannot rebase: You have unstaged changes.
error: Please commit or stash them.
Already up to date.
warning: in the working copy of 'autopush.log', CRLF will be replaced by LF the next time Git touches it
[Tue Nov 18 11:40:03 AM PST 2025] Changes detected — committing...
[main c8bd2ee] Auto sync: 2025-11-18 11:40:03
 1 file changed, 14 insertions(+)
[Tue Nov 18 11:40:03 AM PST 2025] Pushing to GitHub...
To github.com:haunter-actual/haunter-actual.github.io.git
   33aa994..c8bd2ee  main -> main
[Tue Nov 18 11:40:04 AM PST 2025] Push complete.
[Tue Nov 18 11:45:01 AM PST 2025] Starting auto-push...
From github.com:haunter-actual/haunter-actual.github.io
 * branch            main       -> FETCH_HEAD
error: cannot rebase: You have unstaged changes.
error: Please commit or stash them.
Already up to date.
warning: in the working copy of 'autopush.log', CRLF will be replaced by LF the next time Git touches it
[Tue Nov 18 11:45:03 AM PST 2025] Changes detected — committing...
[main 6bfb005] Auto sync: 2025-11-18 11:45:03
 1 file changed, 14 insertions(+)
[Tue Nov 18 11:45:03 AM PST 2025] Pushing to GitHub...
To github.com:haunter-actual/haunter-actual.github.io.git
   c8bd2ee..6bfb005  main -> main
[Tue Nov 18 11:45:04 AM PST 2025] Push complete.
[Tue Nov 18 11:50:01 AM PST 2025] Starting auto-push...
From github.com:haunter-actual/haunter-actual.github.io
 * branch            main       -> FETCH_HEAD
error: cannot rebase: You have unstaged changes.
error: Please commit or stash them.
Already up to date.
warning: in the working copy of 'autopush.log', CRLF will be replaced by LF the next time Git touches it
[Tue Nov 18 11:50:02 AM PST 2025] Changes detected — committing...
[main 82daba2] Auto sync: 2025-11-18 11:50:02
 1 file changed, 14 insertions(+)
[Tue Nov 18 11:50:02 AM PST 2025] Pushing to GitHub...
To github.com:haunter-actual/haunter-actual.github.io.git
   6bfb005..82daba2  main -> main
[Tue Nov 18 11:50:04 AM PST 2025] Push complete.
[Tue Nov 18 11:55:01 AM PST 2025] Starting auto-push...
From github.com:haunter-actual/haunter-actual.github.io
 * branch            main       -> FETCH_HEAD
error: cannot rebase: You have unstaged changes.
error: Please commit or stash them.
Already up to date.
warning: in the working copy of 'autopush.log', CRLF will be replaced by LF the next time Git touches it
[Tue Nov 18 11:55:02 AM PST 2025] Changes detected — committing...
[main b39564f] Auto sync: 2025-11-18 11:55:02
 1 file changed, 14 insertions(+)
[Tue Nov 18 11:55:02 AM PST 2025] Pushing to GitHub...
To github.com:haunter-actual/haunter-actual.github.io.git
   82daba2..b39564f  main -> main
[Tue Nov 18 11:55:04 AM PST 2025] Push complete.
[Tue Nov 18 12:00:01 PM PST 2025] Starting auto-push...
From github.com:haunter-actual/haunter-actual.github.io
 * branch            main       -> FETCH_HEAD
error: cannot rebase: You have unstaged changes.
error: Please commit or stash them.
Already up to date.
warning: in the working copy of 'autopush.log', CRLF will be replaced by LF the next time Git touches it
[Tue Nov 18 12:00:03 PM PST 2025] Changes detected — committing...
[main 38bfbf8] Auto sync: 2025-11-18 12:00:03
 1 file changed, 14 insertions(+)
[Tue Nov 18 12:00:03 PM PST 2025] Pushing to GitHub...
To github.com:haunter-actual/haunter-actual.github.io.git
   b39564f..38bfbf8  main -> main
[Tue Nov 18 12:00:04 PM PST 2025] Push complete.
[Tue Nov 18 12:05:01 PM PST 2025] Starting auto-push...
From github.com:haunter-actual/haunter-actual.github.io
 * branch            main       -> FETCH_HEAD
error: cannot rebase: You have unstaged changes.
error: Please commit or stash them.
Already up to date.
warning: in the working copy of 'autopush.log', CRLF will be replaced by LF the next time Git touches it
[Tue Nov 18 12:05:03 PM PST 2025] Changes detected — committing...
[main dfc671c] Auto sync: 2025-11-18 12:05:03
 1 file changed, 14 insertions(+)
[Tue Nov 18 12:05:03 PM PST 2025] Pushing to GitHub...
To github.com:haunter-actual/haunter-actual.github.io.git
   38bfbf8..dfc671c  main -> main
[Tue Nov 18 12:05:05 PM PST 2025] Push complete.
[Tue Nov 18 12:10:01 PM PST 2025] Starting auto-push...
From github.com:haunter-actual/haunter-actual.github.io
 * branch            main       -> FETCH_HEAD
error: cannot rebase: You have unstaged changes.
error: Please commit or stash them.
Already up to date.
warning: in the working copy of 'autopush.log', CRLF will be replaced by LF the next time Git touches it
[Tue Nov 18 12:10:02 PM PST 2025] Changes detected — committing...
[main bb25353] Auto sync: 2025-11-18 12:10:02
 1 file changed, 14 insertions(+)
[Tue Nov 18 12:10:02 PM PST 2025] Pushing to GitHub...
To github.com:haunter-actual/haunter-actual.github.io.git
   dfc671c..bb25353  main -> main
[Tue Nov 18 12:10:04 PM PST 2025] Push complete.
[Tue Nov 18 12:15:01 PM PST 2025] Starting auto-push...
From github.com:haunter-actual/haunter-actual.github.io
 * branch            main       -> FETCH_HEAD
error: cannot rebase: You have unstaged changes.
error: Please commit or stash them.
Already up to date.
warning: in the working copy of 'autopush.log', CRLF will be replaced by LF the next time Git touches it
[Tue Nov 18 12:15:03 PM PST 2025] Changes detected — committing...
[main c5f6edc] Auto sync: 2025-11-18 12:15:03
 1 file changed, 14 insertions(+)
[Tue Nov 18 12:15:03 PM PST 2025] Pushing to GitHub...
To github.com:haunter-actual/haunter-actual.github.io.git
   bb25353..c5f6edc  main -> main
[Tue Nov 18 12:15:04 PM PST 2025] Push complete.
[Tue Nov 18 12:20:01 PM PST 2025] Starting auto-push...
From github.com:haunter-actual/haunter-actual.github.io
 * branch            main       -> FETCH_HEAD
error: cannot rebase: You have unstaged changes.
error: Please commit or stash them.
Already up to date.
warning: in the working copy of 'autopush.log', CRLF will be replaced by LF the next time Git touches it
[Tue Nov 18 12:20:03 PM PST 2025] Changes detected — committing...
[main 40c792c] Auto sync: 2025-11-18 12:20:03
 1 file changed, 14 insertions(+)
[Tue Nov 18 12:20:03 PM PST 2025] Pushing to GitHub...
To github.com:haunter-actual/haunter-actual.github.io.git
   c5f6edc..40c792c  main -> main
[Tue Nov 18 12:20:05 PM PST 2025] Push complete.
[Tue Nov 18 12:25:01 PM PST 2025] Starting auto-push...
From github.com:haunter-actual/haunter-actual.github.io
 * branch            main       -> FETCH_HEAD
error: cannot rebase: You have unstaged changes.
error: Please commit or stash them.
Already up to date.
warning: in the working copy of 'autopush.log', CRLF will be replaced by LF the next time Git touches it
[Tue Nov 18 12:25:03 PM PST 2025] Changes detected — committing...
[main 1c91954] Auto sync: 2025-11-18 12:25:03
 1 file changed, 14 insertions(+)
[Tue Nov 18 12:25:03 PM PST 2025] Pushing to GitHub...
To github.com:haunter-actual/haunter-actual.github.io.git
   40c792c..1c91954  main -> main
[Tue Nov 18 12:25:04 PM PST 2025] Push complete.
[Tue Nov 18 12:30:01 PM PST 2025] Starting auto-push...
From github.com:haunter-actual/haunter-actual.github.io
 * branch            main       -> FETCH_HEAD
error: cannot rebase: You have unstaged changes.
error: Please commit or stash them.
Already up to date.
warning: in the working copy of 'autopush.log', CRLF will be replaced by LF the next time Git touches it
[Tue Nov 18 12:30:03 PM PST 2025] Changes detected — committing...
[main 4c1c809] Auto sync: 2025-11-18 12:30:03
 1 file changed, 14 insertions(+)
[Tue Nov 18 12:30:03 PM PST 2025] Pushing to GitHub...
To github.com:haunter-actual/haunter-actual.github.io.git
   1c91954..4c1c809  main -> main
[Tue Nov 18 12:30:05 PM PST 2025] Push complete.
[Tue Nov 18 12:35:01 PM PST 2025] Starting auto-push...
ERROR: no healthy upstream
fatal: Could not read from remote repository.

Please make sure you have the correct access rights
and the repository exists.
[Tue Nov 18 12:40:01 PM PST 2025] Starting auto-push...
ERROR: user:208180711:haunter-actual
fatal: Could not read from remote repository.

Please make sure you have the correct access rights
and the repository exists.
[Tue Nov 18 12:45:01 PM PST 2025] Starting auto-push...
ERROR: upstream connect error or disconnect/reset before headers. retried and the latest reset reason: remote connection failure, transport failure reason: delayed connect error: Connection refused
fatal: Could not read from remote repository.

Please make sure you have the correct access rights
and the repository exists.
[Tue Nov 18 12:50:01 PM PST 2025] Starting auto-push...
ERROR: user:208180711:haunter-actual
fatal: Could not read from remote repository.

Please make sure you have the correct access rights
and the repository exists.
[Tue Nov 18 12:55:01 PM PST 2025] Starting auto-push...
ERROR: no healthy upstream
fatal: Could not read from remote repository.

Please make sure you have the correct access rights
and the repository exists.
[Tue Nov 18 01:00:02 PM PST 2025] Starting auto-push...
ERROR: user:208180711:haunter-actual
fatal: Could not read from remote repository.

Please make sure you have the correct access rights
and the repository exists.
[Tue Nov 18 01:05:01 PM PST 2025] Starting auto-push...
ERROR: no healthy upstream
fatal: Could not read from remote repository.

Please make sure you have the correct access rights
and the repository exists.
[Tue Nov 18 01:10:01 PM PST 2025] Starting auto-push...
ERROR: user:208180711:haunter-actual
fatal: Could not read from remote repository.

Please make sure you have the correct access rights
and the repository exists.
[Tue Nov 18 01:15:01 PM PST 2025] Starting auto-push...
ERROR: user:208180711:haunter-actual
fatal: Could not read from remote repository.

Please make sure you have the correct access rights
and the repository exists.
[Tue Nov 18 01:20:01 PM PST 2025] Starting auto-push...
ERROR: user:208180711:haunter-actual
fatal: Could not read from remote repository.

Please make sure you have the correct access rights
and the repository exists.
[Tue Nov 18 01:25:01 PM PST 2025] Starting auto-push...
ERROR: user:208180711:haunter-actual
fatal: Could not read from remote repository.

Please make sure you have the correct access rights
and the repository exists.
[Tue Nov 18 01:35:01 PM PST 2025] Starting auto-push...
From github.com:haunter-actual/haunter-actual.github.io
 * branch            main       -> FETCH_HEAD
error: cannot rebase: You have unstaged changes.
error: Please commit or stash them.
Already up to date.
warning: in the working copy of 'autopush.log', CRLF will be replaced by LF the next time Git touches it
[Tue Nov 18 01:35:03 PM PST 2025] Changes detected — committing...
[main e06503b] Auto sync: 2025-11-18 13:35:03
 1 file changed, 80 insertions(+)
[Tue Nov 18 01:35:03 PM PST 2025] Pushing to GitHub...
To github.com:haunter-actual/haunter-actual.github.io.git
   4c1c809..e06503b  main -> main
[Tue Nov 18 01:35:04 PM PST 2025] Push complete.
[Tue Nov 18 02:00:01 PM PST 2025] Starting auto-push...
From github.com:haunter-actual/haunter-actual.github.io
 * branch            main       -> FETCH_HEAD
error: cannot rebase: You have unstaged changes.
error: Please commit or stash them.
Already up to date.
warning: in the working copy of 'autopush.log', CRLF will be replaced by LF the next time Git touches it
[Tue Nov 18 02:00:03 PM PST 2025] Changes detected — committing...
[main 3e531c0] Auto sync: 2025-11-18 14:00:03
 1 file changed, 14 insertions(+)
[Tue Nov 18 02:00:03 PM PST 2025] Pushing to GitHub...
To github.com:haunter-actual/haunter-actual.github.io.git
   e06503b..3e531c0  main -> main
[Tue Nov 18 02:00:04 PM PST 2025] Push complete.
[Tue Nov 18 02:30:01 PM PST 2025] Starting auto-push...
From github.com:haunter-actual/haunter-actual.github.io
 * branch            main       -> FETCH_HEAD
error: cannot rebase: You have unstaged changes.
error: Please commit or stash them.
Already up to date.
warning: in the working copy of 'autopush.log', CRLF will be replaced by LF the next time Git touches it
[Tue Nov 18 02:30:02 PM PST 2025] Changes detected — committing...
[main f9f3742] Auto sync: 2025-11-18 14:30:02
 1 file changed, 14 insertions(+)
[Tue Nov 18 02:30:02 PM PST 2025] Pushing to GitHub...
To github.com:haunter-actual/haunter-actual.github.io.git
   3e531c0..f9f3742  main -> main
[Tue Nov 18 02:30:04 PM PST 2025] Push complete.
[Tue Nov 18 03:00:01 PM PST 2025] Starting auto-push...
From github.com:haunter-actual/haunter-actual.github.io
 * branch            main       -> FETCH_HEAD
error: cannot rebase: You have unstaged changes.
error: Please commit or stash them.
Already up to date.
warning: in the working copy of 'autopush.log', CRLF will be replaced by LF the next time Git touches it
[Tue Nov 18 03:00:02 PM PST 2025] Changes detected — committing...
[main 4b29067] Auto sync: 2025-11-18 15:00:02
 1 file changed, 14 insertions(+)
[Tue Nov 18 03:00:02 PM PST 2025] Pushing to GitHub...
To github.com:haunter-actual/haunter-actual.github.io.git
   f9f3742..4b29067  main -> main
[Tue Nov 18 03:00:04 PM PST 2025] Push complete.
[Tue Nov 18 03:30:01 PM PST 2025] Starting auto-push...
From github.com:haunter-actual/haunter-actual.github.io
 * branch            main       -> FETCH_HEAD
error: cannot rebase: You have unstaged changes.
error: Please commit or stash them.
Already up to date.
warning: in the working copy of 'autopush.log', CRLF will be replaced by LF the next time Git touches it
[Tue Nov 18 03:30:03 PM PST 2025] Changes detected — committing...
[main 0976408] Auto sync: 2025-11-18 15:30:03
 1 file changed, 14 insertions(+)
[Tue Nov 18 03:30:03 PM PST 2025] Pushing to GitHub...
To github.com:haunter-actual/haunter-actual.github.io.git
   4b29067..0976408  main -> main
[Tue Nov 18 03:30:04 PM PST 2025] Push complete.
[Tue Nov 18 04:00:01 PM PST 2025] Starting auto-push...
From github.com:haunter-actual/haunter-actual.github.io
 * branch            main       -> FETCH_HEAD
error: cannot rebase: You have unstaged changes.
error: Please commit or stash them.
Already up to date.
warning: in the working copy of 'autopush.log', CRLF will be replaced by LF the next time Git touches it
[Tue Nov 18 04:00:03 PM PST 2025] Changes detected — committing...
[main 06a92f4] Auto sync: 2025-11-18 16:00:03
 1 file changed, 14 insertions(+)
[Tue Nov 18 04:00:03 PM PST 2025] Pushing to GitHub...
To github.com:haunter-actual/haunter-actual.github.io.git
   0976408..06a92f4  main -> main
[Tue Nov 18 04:00:04 PM PST 2025] Push complete.
[Tue Nov 18 04:30:01 PM PST 2025] Starting auto-push...
From github.com:haunter-actual/haunter-actual.github.io
 * branch            main       -> FETCH_HEAD
error: cannot rebase: You have unstaged changes.
error: Please commit or stash them.
Already up to date.
warning: in the working copy of 'autopush.log', CRLF will be replaced by LF the next time Git touches it
[Tue Nov 18 04:30:02 PM PST 2025] Changes detected — committing...
[main 1d5d442] Auto sync: 2025-11-18 16:30:02
 1 file changed, 14 insertions(+)
[Tue Nov 18 04:30:02 PM PST 2025] Pushing to GitHub...
To github.com:haunter-actual/haunter-actual.github.io.git
   06a92f4..1d5d442  main -> main
[Tue Nov 18 04:30:04 PM PST 2025] Push complete.
[Tue Nov 18 05:00:01 PM PST 2025] Starting auto-push...
From github.com:haunter-actual/haunter-actual.github.io
 * branch            main       -> FETCH_HEAD
error: cannot rebase: You have unstaged changes.
error: Please commit or stash them.
Already up to date.
warning: in the working copy of 'autopush.log', CRLF will be replaced by LF the next time Git touches it
[Tue Nov 18 05:00:02 PM PST 2025] Changes detected — committing...
[main c9dc903] Auto sync: 2025-11-18 17:00:02
 1 file changed, 14 insertions(+)
[Tue Nov 18 05:00:02 PM PST 2025] Pushing to GitHub...
To github.com:haunter-actual/haunter-actual.github.io.git
   1d5d442..c9dc903  main -> main
[Tue Nov 18 05:00:03 PM PST 2025] Push complete.
[Wed Nov 19 06:30:01 AM PST 2025] Starting auto-push...
From github.com:haunter-actual/haunter-actual.github.io
 * branch            main       -> FETCH_HEAD
error: cannot rebase: You have unstaged changes.
error: Please commit or stash them.
Already up to date.
warning: in the working copy of 'autopush.log', CRLF will be replaced by LF the next time Git touches it
[Wed Nov 19 06:30:03 AM PST 2025] Changes detected — committing...
[main f2376cd] Auto sync: 2025-11-19 06:30:03
 1 file changed, 14 insertions(+)
[Wed Nov 19 06:30:03 AM PST 2025] Pushing to GitHub...
To github.com:haunter-actual/haunter-actual.github.io.git
   c9dc903..f2376cd  main -> main
[Wed Nov 19 06:30:05 AM PST 2025] Push complete.
[Wed Nov 19 07:00:01 AM PST 2025] Starting auto-push...
From github.com:haunter-actual/haunter-actual.github.io
 * branch            main       -> FETCH_HEAD
error: cannot rebase: You have unstaged changes.
error: Please commit or stash them.
Already up to date.
warning: in the working copy of 'autopush.log', CRLF will be replaced by LF the next time Git touches it
[Wed Nov 19 07:00:03 AM PST 2025] Changes detected — committing...
[main a429237] Auto sync: 2025-11-19 07:00:03
 1 file changed, 14 insertions(+)
[Wed Nov 19 07:00:03 AM PST 2025] Pushing to GitHub...
To github.com:haunter-actual/haunter-actual.github.io.git
   f2376cd..a429237  main -> main
[Wed Nov 19 07:00:04 AM PST 2025] Push complete.
[Wed Nov 19 07:30:01 AM PST 2025] Starting auto-push...
From github.com:haunter-actual/haunter-actual.github.io
 * branch            main       -> FETCH_HEAD
error: cannot rebase: You have unstaged changes.
error: Please commit or stash them.
Already up to date.
warning: in the working copy of 'autopush.log', CRLF will be replaced by LF the next time Git touches it
[Wed Nov 19 07:30:02 AM PST 2025] Changes detected — committing...
[main 62cdff0] Auto sync: 2025-11-19 07:30:02
 1 file changed, 14 insertions(+)
[Wed Nov 19 07:30:02 AM PST 2025] Pushing to GitHub...
To github.com:haunter-actual/haunter-actual.github.io.git
   a429237..62cdff0  main -> main
[Wed Nov 19 07:30:03 AM PST 2025] Push complete.
[Wed Nov 19 08:00:01 AM PST 2025] Starting auto-push...
From github.com:haunter-actual/haunter-actual.github.io
 * branch            main       -> FETCH_HEAD
error: cannot rebase: You have unstaged changes.
error: Please commit or stash them.
Already up to date.
warning: in the working copy of 'autopush.log', CRLF will be replaced by LF the next time Git touches it
[Wed Nov 19 08:00:02 AM PST 2025] Changes detected — committing...
[main 4069941] Auto sync: 2025-11-19 08:00:02
 1 file changed, 14 insertions(+)
[Wed Nov 19 08:00:02 AM PST 2025] Pushing to GitHub...
To github.com:haunter-actual/haunter-actual.github.io.git
   62cdff0..4069941  main -> main
[Wed Nov 19 08:00:04 AM PST 2025] Push complete.
[Wed Nov 19 08:30:01 AM PST 2025] Starting auto-push...
From github.com:haunter-actual/haunter-actual.github.io
 * branch            main       -> FETCH_HEAD
error: cannot rebase: You have unstaged changes.
error: Please commit or stash them.
Already up to date.
warning: in the working copy of 'autopush.log', CRLF will be replaced by LF the next time Git touches it
[Wed Nov 19 08:30:03 AM PST 2025] Changes detected — committing...
[main 19a65a0] Auto sync: 2025-11-19 08:30:03
 1 file changed, 14 insertions(+)
[Wed Nov 19 08:30:03 AM PST 2025] Pushing to GitHub...
To github.com:haunter-actual/haunter-actual.github.io.git
   4069941..19a65a0  main -> main
[Wed Nov 19 08:30:05 AM PST 2025] Push complete.
[Wed Nov 19 09:00:01 AM PST 2025] Starting auto-push...
From github.com:haunter-actual/haunter-actual.github.io
 * branch            main       -> FETCH_HEAD
error: cannot rebase: You have unstaged changes.
error: Please commit or stash them.
Already up to date.
warning: in the working copy of 'autopush.log', CRLF will be replaced by LF the next time Git touches it
[Wed Nov 19 09:00:03 AM PST 2025] Changes detected — committing...
[main 9ab34ad] Auto sync: 2025-11-19 09:00:03
 1 file changed, 14 insertions(+)
[Wed Nov 19 09:00:03 AM PST 2025] Pushing to GitHub...
To github.com:haunter-actual/haunter-actual.github.io.git
   19a65a0..9ab34ad  main -> main
[Wed Nov 19 09:00:04 AM PST 2025] Push complete.
[Wed Nov 19 09:30:01 AM PST 2025] Starting auto-push...
From github.com:haunter-actual/haunter-actual.github.io
 * branch            main       -> FETCH_HEAD
error: cannot rebase: You have unstaged changes.
error: Please commit or stash them.
Already up to date.
warning: in the working copy of 'autopush.log', CRLF will be replaced by LF the next time Git touches it
[Wed Nov 19 09:30:03 AM PST 2025] Changes detected — committing...
[main b14bd1d] Auto sync: 2025-11-19 09:30:03
 1 file changed, 14 insertions(+)
[Wed Nov 19 09:30:03 AM PST 2025] Pushing to GitHub...
To github.com:haunter-actual/haunter-actual.github.io.git
   9ab34ad..b14bd1d  main -> main
[Wed Nov 19 09:30:05 AM PST 2025] Push complete.
[Wed Nov 19 10:00:01 AM PST 2025] Starting auto-push...
From github.com:haunter-actual/haunter-actual.github.io
 * branch            main       -> FETCH_HEAD
error: cannot rebase: You have unstaged changes.
error: Please commit or stash them.
Already up to date.
warning: in the working copy of 'autopush.log', CRLF will be replaced by LF the next time Git touches it
[Wed Nov 19 10:00:02 AM PST 2025] Changes detected — committing...
[main cb1a138] Auto sync: 2025-11-19 10:00:02
 1 file changed, 14 insertions(+)
[Wed Nov 19 10:00:02 AM PST 2025] Pushing to GitHub...
To github.com:haunter-actual/haunter-actual.github.io.git
   b14bd1d..cb1a138  main -> main
[Wed Nov 19 10:00:04 AM PST 2025] Push complete.
[Wed Nov 19 10:30:01 AM PST 2025] Starting auto-push...
From github.com:haunter-actual/haunter-actual.github.io
 * branch            main       -> FETCH_HEAD
error: cannot rebase: You have unstaged changes.
error: Please commit or stash them.
Already up to date.
warning: in the working copy of 'autopush.log', CRLF will be replaced by LF the next time Git touches it
[Wed Nov 19 10:30:02 AM PST 2025] Changes detected — committing...
[main 922d3ef] Auto sync: 2025-11-19 10:30:02
 1 file changed, 14 insertions(+)
[Wed Nov 19 10:30:02 AM PST 2025] Pushing to GitHub...
To github.com:haunter-actual/haunter-actual.github.io.git
   cb1a138..922d3ef  main -> main
[Wed Nov 19 10:30:06 AM PST 2025] Push complete.
[Wed Nov 19 11:00:01 AM PST 2025] Starting auto-push...
From github.com:haunter-actual/haunter-actual.github.io
 * branch            main       -> FETCH_HEAD
error: cannot rebase: You have unstaged changes.
error: Please commit or stash them.
Already up to date.
warning: in the working copy of 'autopush.log', CRLF will be replaced by LF the next time Git touches it
[Wed Nov 19 11:00:03 AM PST 2025] Changes detected — committing...
[main f27a8be] Auto sync: 2025-11-19 11:00:03
 1 file changed, 14 insertions(+)
[Wed Nov 19 11:00:03 AM PST 2025] Pushing to GitHub...
To github.com:haunter-actual/haunter-actual.github.io.git
   922d3ef..f27a8be  main -> main
[Wed Nov 19 11:00:04 AM PST 2025] Push complete.
[Wed Nov 19 11:30:01 AM PST 2025] Starting auto-push...
From github.com:haunter-actual/haunter-actual.github.io
 * branch            main       -> FETCH_HEAD
error: cannot rebase: You have unstaged changes.
error: Please commit or stash them.
Already up to date.
warning: in the working copy of 'autopush.log', CRLF will be replaced by LF the next time Git touches it
[Wed Nov 19 11:30:03 AM PST 2025] Changes detected — committing...
[main 7086447] Auto sync: 2025-11-19 11:30:03
 1 file changed, 14 insertions(+)
[Wed Nov 19 11:30:03 AM PST 2025] Pushing to GitHub...
To github.com:haunter-actual/haunter-actual.github.io.git
   f27a8be..7086447  main -> main
[Wed Nov 19 11:30:04 AM PST 2025] Push complete.
[Wed Nov 19 12:00:01 PM PST 2025] Starting auto-push...
From github.com:haunter-actual/haunter-actual.github.io
 * branch            main       -> FETCH_HEAD
error: cannot rebase: You have unstaged changes.
error: Please commit or stash them.
Already up to date.
warning: in the working copy of 'autopush.log', CRLF will be replaced by LF the next time Git touches it
[Wed Nov 19 12:00:02 PM PST 2025] Changes detected — committing...
[main 93156ff] Auto sync: 2025-11-19 12:00:02
 1 file changed, 14 insertions(+)
[Wed Nov 19 12:00:02 PM PST 2025] Pushing to GitHub...
To github.com:haunter-actual/haunter-actual.github.io.git
   7086447..93156ff  main -> main
[Wed Nov 19 12:00:04 PM PST 2025] Push complete.
[Wed Nov 19 12:30:01 PM PST 2025] Starting auto-push...
From github.com:haunter-actual/haunter-actual.github.io
 * branch            main       -> FETCH_HEAD
error: cannot rebase: You have unstaged changes.
error: Please commit or stash them.
Already up to date.
warning: in the working copy of 'autopush.log', CRLF will be replaced by LF the next time Git touches it
[Wed Nov 19 12:30:02 PM PST 2025] Changes detected — committing...
[main 405979e] Auto sync: 2025-11-19 12:30:02
 1 file changed, 14 insertions(+)
[Wed Nov 19 12:30:02 PM PST 2025] Pushing to GitHub...
To github.com:haunter-actual/haunter-actual.github.io.git
   93156ff..405979e  main -> main
[Wed Nov 19 12:30:04 PM PST 2025] Push complete.
[Wed Nov 19 01:00:01 PM PST 2025] Starting auto-push...
From github.com:haunter-actual/haunter-actual.github.io
 * branch            main       -> FETCH_HEAD
error: cannot rebase: You have unstaged changes.
error: Please commit or stash them.
Already up to date.
warning: in the working copy of 'autopush.log', CRLF will be replaced by LF the next time Git touches it
[Wed Nov 19 01:00:03 PM PST 2025] Changes detected — committing...
[main d5b05c4] Auto sync: 2025-11-19 13:00:03
 1 file changed, 14 insertions(+)
[Wed Nov 19 01:00:03 PM PST 2025] Pushing to GitHub...
To github.com:haunter-actual/haunter-actual.github.io.git
   405979e..d5b05c4  main -> main
[Wed Nov 19 01:00:04 PM PST 2025] Push complete.
[Wed Nov 19 01:30:01 PM PST 2025] Starting auto-push...
From github.com:haunter-actual/haunter-actual.github.io
 * branch            main       -> FETCH_HEAD
error: cannot rebase: You have unstaged changes.
error: Please commit or stash them.
Already up to date.
warning: in the working copy of 'autopush.log', CRLF will be replaced by LF the next time Git touches it
[Wed Nov 19 01:30:02 PM PST 2025] Changes detected — committing...
[main d68a441] Auto sync: 2025-11-19 13:30:02
 1 file changed, 14 insertions(+)
[Wed Nov 19 01:30:02 PM PST 2025] Pushing to GitHub...
To github.com:haunter-actual/haunter-actual.github.io.git
   d5b05c4..d68a441  main -> main
[Wed Nov 19 01:30:04 PM PST 2025] Push complete.
[Wed Nov 19 02:00:01 PM PST 2025] Starting auto-push...
From github.com:haunter-actual/haunter-actual.github.io
 * branch            main       -> FETCH_HEAD
error: cannot rebase: You have unstaged changes.
error: Please commit or stash them.
Already up to date.
warning: in the working copy of 'autopush.log', CRLF will be replaced by LF the next time Git touches it
[Wed Nov 19 02:00:02 PM PST 2025] Changes detected — committing...
[main a279167] Auto sync: 2025-11-19 14:00:02
 1 file changed, 14 insertions(+)
[Wed Nov 19 02:00:02 PM PST 2025] Pushing to GitHub...
To github.com:haunter-actual/haunter-actual.github.io.git
   d68a441..a279167  main -> main
[Wed Nov 19 02:00:04 PM PST 2025] Push complete.
[Wed Nov 19 02:30:01 PM PST 2025] Starting auto-push...
From github.com:haunter-actual/haunter-actual.github.io
 * branch            main       -> FETCH_HEAD
error: cannot rebase: You have unstaged changes.
error: Please commit or stash them.
Already up to date.
warning: in the working copy of 'autopush.log', CRLF will be replaced by LF the next time Git touches it
[Wed Nov 19 02:30:02 PM PST 2025] Changes detected — committing...
[main 83d5945] Auto sync: 2025-11-19 14:30:02
 1 file changed, 14 insertions(+)
[Wed Nov 19 02:30:02 PM PST 2025] Pushing to GitHub...
To github.com:haunter-actual/haunter-actual.github.io.git
   a279167..83d5945  main -> main
[Wed Nov 19 02:30:04 PM PST 2025] Push complete.
[Wed Nov 19 03:00:01 PM PST 2025] Starting auto-push...
From github.com:haunter-actual/haunter-actual.github.io
 * branch            main       -> FETCH_HEAD
error: cannot rebase: You have unstaged changes.
error: Please commit or stash them.
Already up to date.
warning: in the working copy of 'autopush.log', CRLF will be replaced by LF the next time Git touches it
[Wed Nov 19 03:00:03 PM PST 2025] Changes detected — committing...
[main f9d1b98] Auto sync: 2025-11-19 15:00:03
 1 file changed, 14 insertions(+)
[Wed Nov 19 03:00:03 PM PST 2025] Pushing to GitHub...
To github.com:haunter-actual/haunter-actual.github.io.git
   83d5945..f9d1b98  main -> main
[Wed Nov 19 03:00:04 PM PST 2025] Push complete.
[Wed Nov 19 03:30:01 PM PST 2025] Starting auto-push...
From github.com:haunter-actual/haunter-actual.github.io
 * branch            main       -> FETCH_HEAD
error: cannot rebase: You have unstaged changes.
error: Please commit or stash them.
Already up to date.
warning: in the working copy of 'autopush.log', CRLF will be replaced by LF the next time Git touches it
[Wed Nov 19 03:30:02 PM PST 2025] Changes detected — committing...
[main 70d3096] Auto sync: 2025-11-19 15:30:02
 1 file changed, 14 insertions(+)
[Wed Nov 19 03:30:02 PM PST 2025] Pushing to GitHub...
To github.com:haunter-actual/haunter-actual.github.io.git
   f9d1b98..70d3096  main -> main
[Wed Nov 19 03:30:04 PM PST 2025] Push complete.
[Wed Nov 19 04:00:01 PM PST 2025] Starting auto-push...
From github.com:haunter-actual/haunter-actual.github.io
 * branch            main       -> FETCH_HEAD
error: cannot rebase: You have unstaged changes.
error: Please commit or stash them.
Already up to date.
warning: in the working copy of 'autopush.log', CRLF will be replaced by LF the next time Git touches it
[Wed Nov 19 04:00:02 PM PST 2025] Changes detected — committing...
[main a26476a] Auto sync: 2025-11-19 16:00:02
 1 file changed, 14 insertions(+)
[Wed Nov 19 04:00:02 PM PST 2025] Pushing to GitHub...
To github.com:haunter-actual/haunter-actual.github.io.git
   70d3096..a26476a  main -> main
[Wed Nov 19 04:00:04 PM PST 2025] Push complete.
[Thu Nov 20 05:30:01 AM PST 2025] Starting auto-push...
From github.com:haunter-actual/haunter-actual.github.io
 * branch            main       -> FETCH_HEAD
error: cannot rebase: You have unstaged changes.
error: Please commit or stash them.
Already up to date.
warning: in the working copy of 'autopush.log', CRLF will be replaced by LF the next time Git touches it
[Thu Nov 20 05:30:02 AM PST 2025] Changes detected — committing...
[main 736a0ff] Auto sync: 2025-11-20 05:30:02
 1 file changed, 14 insertions(+)
[Thu Nov 20 05:30:02 AM PST 2025] Pushing to GitHub...
To github.com:haunter-actual/haunter-actual.github.io.git
   a26476a..736a0ff  main -> main
[Thu Nov 20 05:30:04 AM PST 2025] Push complete.
[Thu Nov 20 06:00:01 AM PST 2025] Starting auto-push...
From github.com:haunter-actual/haunter-actual.github.io
 * branch            main       -> FETCH_HEAD
error: cannot rebase: You have unstaged changes.
error: Please commit or stash them.
Already up to date.
warning: in the working copy of 'autopush.log', CRLF will be replaced by LF the next time Git touches it
[Thu Nov 20 06:00:02 AM PST 2025] Changes detected — committing...
[main 4f83443] Auto sync: 2025-11-20 06:00:02
 1 file changed, 14 insertions(+)
[Thu Nov 20 06:00:02 AM PST 2025] Pushing to GitHub...
To github.com:haunter-actual/haunter-actual.github.io.git
   736a0ff..4f83443  main -> main
[Thu Nov 20 06:00:04 AM PST 2025] Push complete.
[Thu Nov 20 06:30:01 AM PST 2025] Starting auto-push...
From github.com:haunter-actual/haunter-actual.github.io
 * branch            main       -> FETCH_HEAD
error: cannot rebase: You have unstaged changes.
error: Please commit or stash them.
Already up to date.
warning: in the working copy of 'autopush.log', CRLF will be replaced by LF the next time Git touches it
[Thu Nov 20 06:30:03 AM PST 2025] Changes detected — committing...
[main d7e744d] Auto sync: 2025-11-20 06:30:03
 1 file changed, 14 insertions(+)
[Thu Nov 20 06:30:03 AM PST 2025] Pushing to GitHub...
To github.com:haunter-actual/haunter-actual.github.io.git
   4f83443..d7e744d  main -> main
[Thu Nov 20 06:30:04 AM PST 2025] Push complete.
[Thu Nov 20 07:00:02 AM PST 2025] Starting auto-push...
From github.com:haunter-actual/haunter-actual.github.io
 * branch            main       -> FETCH_HEAD
error: cannot rebase: You have unstaged changes.
error: Please commit or stash them.
Already up to date.
warning: in the working copy of 'autopush.log', CRLF will be replaced by LF the next time Git touches it
[Thu Nov 20 07:00:03 AM PST 2025] Changes detected — committing...
[main cf8690c] Auto sync: 2025-11-20 07:00:03
 1 file changed, 14 insertions(+)
[Thu Nov 20 07:00:03 AM PST 2025] Pushing to GitHub...
To github.com:haunter-actual/haunter-actual.github.io.git
   d7e744d..cf8690c  main -> main
[Thu Nov 20 07:00:05 AM PST 2025] Push complete.
[Thu Nov 20 07:30:01 AM PST 2025] Starting auto-push...
From github.com:haunter-actual/haunter-actual.github.io
 * branch            main       -> FETCH_HEAD
error: cannot rebase: You have unstaged changes.
error: Please commit or stash them.
Already up to date.
warning: in the working copy of 'autopush.log', CRLF will be replaced by LF the next time Git touches it
[Thu Nov 20 07:30:02 AM PST 2025] Changes detected — committing...
[main b4dab75] Auto sync: 2025-11-20 07:30:02
 1 file changed, 14 insertions(+)
[Thu Nov 20 07:30:02 AM PST 2025] Pushing to GitHub...
To github.com:haunter-actual/haunter-actual.github.io.git
   cf8690c..b4dab75  main -> main
[Thu Nov 20 07:30:04 AM PST 2025] Push complete.
[Thu Nov 20 08:00:01 AM PST 2025] Starting auto-push...
From github.com:haunter-actual/haunter-actual.github.io
 * branch            main       -> FETCH_HEAD
error: cannot rebase: You have unstaged changes.
error: Please commit or stash them.
Already up to date.
warning: in the working copy of 'autopush.log', CRLF will be replaced by LF the next time Git touches it
[Thu Nov 20 08:00:03 AM PST 2025] Changes detected — committing...
[main 1c984c3] Auto sync: 2025-11-20 08:00:03
 1 file changed, 14 insertions(+)
[Thu Nov 20 08:00:03 AM PST 2025] Pushing to GitHub...
To github.com:haunter-actual/haunter-actual.github.io.git
   b4dab75..1c984c3  main -> main
[Thu Nov 20 08:00:05 AM PST 2025] Push complete.
[Thu Nov 20 08:30:01 AM PST 2025] Starting auto-push...
From github.com:haunter-actual/haunter-actual.github.io
 * branch            main       -> FETCH_HEAD
error: cannot rebase: You have unstaged changes.
error: Please commit or stash them.
Already up to date.
warning: in the working copy of 'autopush.log', CRLF will be replaced by LF the next time Git touches it
[Thu Nov 20 08:30:02 AM PST 2025] Changes detected — committing...
[main 3e728b5] Auto sync: 2025-11-20 08:30:02
 1 file changed, 14 insertions(+)
[Thu Nov 20 08:30:02 AM PST 2025] Pushing to GitHub...
To github.com:haunter-actual/haunter-actual.github.io.git
   1c984c3..3e728b5  main -> main
[Thu Nov 20 08:30:04 AM PST 2025] Push complete.
[Thu Nov 20 09:00:01 AM PST 2025] Starting auto-push...
From github.com:haunter-actual/haunter-actual.github.io
 * branch            main       -> FETCH_HEAD
error: cannot rebase: You have unstaged changes.
error: Please commit or stash them.
Already up to date.
warning: in the working copy of 'autopush.log', CRLF will be replaced by LF the next time Git touches it
[Thu Nov 20 09:00:03 AM PST 2025] Changes detected — committing...
[main ccbddd3] Auto sync: 2025-11-20 09:00:03
 1 file changed, 14 insertions(+)
[Thu Nov 20 09:00:03 AM PST 2025] Pushing to GitHub...
To github.com:haunter-actual/haunter-actual.github.io.git
   3e728b5..ccbddd3  main -> main
[Thu Nov 20 09:00:04 AM PST 2025] Push complete.
[Thu Nov 20 09:30:01 AM PST 2025] Starting auto-push...
From github.com:haunter-actual/haunter-actual.github.io
 * branch            main       -> FETCH_HEAD
error: cannot rebase: You have unstaged changes.
error: Please commit or stash them.
Already up to date.
warning: in the working copy of 'autopush.log', CRLF will be replaced by LF the next time Git touches it
[Thu Nov 20 09:30:02 AM PST 2025] Changes detected — committing...
[main 8129fcb] Auto sync: 2025-11-20 09:30:02
 1 file changed, 14 insertions(+)
[Thu Nov 20 09:30:02 AM PST 2025] Pushing to GitHub...
To github.com:haunter-actual/haunter-actual.github.io.git
   ccbddd3..8129fcb  main -> main
[Thu Nov 20 09:30:04 AM PST 2025] Push complete.
[Thu Nov 20 10:00:01 AM PST 2025] Starting auto-push...
From github.com:haunter-actual/haunter-actual.github.io
 * branch            main       -> FETCH_HEAD
error: cannot rebase: You have unstaged changes.
error: Please commit or stash them.
Already up to date.
warning: in the working copy of 'autopush.log', CRLF will be replaced by LF the next time Git touches it
[Thu Nov 20 10:00:03 AM PST 2025] Changes detected — committing...
[main 7d3eaf1] Auto sync: 2025-11-20 10:00:03
 1 file changed, 14 insertions(+)
[Thu Nov 20 10:00:03 AM PST 2025] Pushing to GitHub...
To github.com:haunter-actual/haunter-actual.github.io.git
   8129fcb..7d3eaf1  main -> main
[Thu Nov 20 10:00:04 AM PST 2025] Push complete.
[Thu Nov 20 10:30:01 AM PST 2025] Starting auto-push...
From github.com:haunter-actual/haunter-actual.github.io
 * branch            main       -> FETCH_HEAD
error: cannot rebase: You have unstaged changes.
error: Please commit or stash them.
Already up to date.
warning: in the working copy of 'autopush.log', CRLF will be replaced by LF the next time Git touches it
[Thu Nov 20 10:30:03 AM PST 2025] Changes detected — committing...
[main f518f3a] Auto sync: 2025-11-20 10:30:03
 1 file changed, 14 insertions(+)
[Thu Nov 20 10:30:03 AM PST 2025] Pushing to GitHub...
To github.com:haunter-actual/haunter-actual.github.io.git
   7d3eaf1..f518f3a  main -> main
[Thu Nov 20 10:30:04 AM PST 2025] Push complete.
[Thu Nov 20 11:00:01 AM PST 2025] Starting auto-push...
From github.com:haunter-actual/haunter-actual.github.io
 * branch            main       -> FETCH_HEAD
error: cannot rebase: You have unstaged changes.
error: Please commit or stash them.
Already up to date.
warning: in the working copy of 'autopush.log', CRLF will be replaced by LF the next time Git touches it
[Thu Nov 20 11:00:02 AM PST 2025] Changes detected — committing...
[main 19c57ae] Auto sync: 2025-11-20 11:00:02
 1 file changed, 14 insertions(+)
[Thu Nov 20 11:00:02 AM PST 2025] Pushing to GitHub...
To github.com:haunter-actual/haunter-actual.github.io.git
   f518f3a..19c57ae  main -> main
[Thu Nov 20 11:00:04 AM PST 2025] Push complete.
[Thu Nov 20 11:30:01 AM PST 2025] Starting auto-push...
From github.com:haunter-actual/haunter-actual.github.io
 * branch            main       -> FETCH_HEAD
error: cannot rebase: You have unstaged changes.
error: Please commit or stash them.
Already up to date.
warning: in the working copy of 'autopush.log', CRLF will be replaced by LF the next time Git touches it
[Thu Nov 20 11:30:02 AM PST 2025] Changes detected — committing...
[main ee46994] Auto sync: 2025-11-20 11:30:02
 1 file changed, 14 insertions(+)
[Thu Nov 20 11:30:02 AM PST 2025] Pushing to GitHub...
To github.com:haunter-actual/haunter-actual.github.io.git
   19c57ae..ee46994  main -> main
[Thu Nov 20 11:30:04 AM PST 2025] Push complete.
[Thu Nov 20 12:00:01 PM PST 2025] Starting auto-push...
From github.com:haunter-actual/haunter-actual.github.io
 * branch            main       -> FETCH_HEAD
error: cannot rebase: You have unstaged changes.
error: Please commit or stash them.
Already up to date.
warning: in the working copy of 'autopush.log', CRLF will be replaced by LF the next time Git touches it
[Thu Nov 20 12:00:02 PM PST 2025] Changes detected — committing...
[main 6d88802] Auto sync: 2025-11-20 12:00:02
 1 file changed, 14 insertions(+)
[Thu Nov 20 12:00:02 PM PST 2025] Pushing to GitHub...
To github.com:haunter-actual/haunter-actual.github.io.git
   ee46994..6d88802  main -> main
[Thu Nov 20 12:00:04 PM PST 2025] Push complete.
[Thu Nov 20 12:30:01 PM PST 2025] Starting auto-push...
From github.com:haunter-actual/haunter-actual.github.io
 * branch            main       -> FETCH_HEAD
error: cannot rebase: You have unstaged changes.
error: Please commit or stash them.
Already up to date.
warning: in the working copy of 'autopush.log', CRLF will be replaced by LF the next time Git touches it
[Thu Nov 20 12:30:03 PM PST 2025] Changes detected — committing...
[main d775970] Auto sync: 2025-11-20 12:30:03
 1 file changed, 14 insertions(+)
[Thu Nov 20 12:30:03 PM PST 2025] Pushing to GitHub...
To github.com:haunter-actual/haunter-actual.github.io.git
   6d88802..d775970  main -> main
[Thu Nov 20 12:30:04 PM PST 2025] Push complete.
[Thu Nov 20 01:00:01 PM PST 2025] Starting auto-push...
From github.com:haunter-actual/haunter-actual.github.io
 * branch            main       -> FETCH_HEAD
error: cannot rebase: You have unstaged changes.
error: Please commit or stash them.
Already up to date.
warning: in the working copy of 'autopush.log', CRLF will be replaced by LF the next time Git touches it
[Thu Nov 20 01:00:03 PM PST 2025] Changes detected — committing...
[main 1cfe2b8] Auto sync: 2025-11-20 13:00:03
 1 file changed, 14 insertions(+)
[Thu Nov 20 01:00:03 PM PST 2025] Pushing to GitHub...
To github.com:haunter-actual/haunter-actual.github.io.git
   d775970..1cfe2b8  main -> main
[Thu Nov 20 01:00:05 PM PST 2025] Push complete.
[Thu Nov 20 01:30:01 PM PST 2025] Starting auto-push...
From github.com:haunter-actual/haunter-actual.github.io
 * branch            main       -> FETCH_HEAD
error: cannot rebase: You have unstaged changes.
error: Please commit or stash them.
Already up to date.
warning: in the working copy of 'autopush.log', CRLF will be replaced by LF the next time Git touches it
[Thu Nov 20 01:30:02 PM PST 2025] Changes detected — committing...
[main 30b9372] Auto sync: 2025-11-20 13:30:02
 1 file changed, 14 insertions(+)
[Thu Nov 20 01:30:02 PM PST 2025] Pushing to GitHub...
To github.com:haunter-actual/haunter-actual.github.io.git
   1cfe2b8..30b9372  main -> main
[Thu Nov 20 01:30:04 PM PST 2025] Push complete.
[Thu Nov 20 02:00:01 PM PST 2025] Starting auto-push...
From github.com:haunter-actual/haunter-actual.github.io
 * branch            main       -> FETCH_HEAD
error: cannot rebase: You have unstaged changes.
error: Please commit or stash them.
Already up to date.
warning: in the working copy of 'autopush.log', CRLF will be replaced by LF the next time Git touches it
[Thu Nov 20 02:00:05 PM PST 2025] Changes detected — committing...
[main c3d4597] Auto sync: 2025-11-20 14:00:05
 1 file changed, 14 insertions(+)
[Thu Nov 20 02:00:05 PM PST 2025] Pushing to GitHub...
To github.com:haunter-actual/haunter-actual.github.io.git
   30b9372..c3d4597  main -> main
[Thu Nov 20 02:00:09 PM PST 2025] Push complete.
[Thu Nov 20 02:30:01 PM PST 2025] Starting auto-push...
From github.com:haunter-actual/haunter-actual.github.io
 * branch            main       -> FETCH_HEAD
error: cannot rebase: You have unstaged changes.
error: Please commit or stash them.
Already up to date.
warning: in the working copy of 'autopush.log', CRLF will be replaced by LF the next time Git touches it
[Thu Nov 20 02:30:02 PM PST 2025] Changes detected — committing...
[main c57b161] Auto sync: 2025-11-20 14:30:02
 1 file changed, 14 insertions(+)
[Thu Nov 20 02:30:02 PM PST 2025] Pushing to GitHub...
To github.com:haunter-actual/haunter-actual.github.io.git
   c3d4597..c57b161  main -> main
[Thu Nov 20 02:30:04 PM PST 2025] Push complete.
[Thu Nov 20 03:00:01 PM PST 2025] Starting auto-push...
From github.com:haunter-actual/haunter-actual.github.io
 * branch            main       -> FETCH_HEAD
error: cannot rebase: You have unstaged changes.
error: Please commit or stash them.
Already up to date.
warning: in the working copy of 'autopush.log', CRLF will be replaced by LF the next time Git touches it
[Thu Nov 20 03:00:02 PM PST 2025] Changes detected — committing...
[main c5dff03] Auto sync: 2025-11-20 15:00:02
 1 file changed, 14 insertions(+)
[Thu Nov 20 03:00:02 PM PST 2025] Pushing to GitHub...
To github.com:haunter-actual/haunter-actual.github.io.git
   c57b161..c5dff03  main -> main
[Thu Nov 20 03:00:04 PM PST 2025] Push complete.
[Thu Nov 20 03:30:01 PM PST 2025] Starting auto-push...
From github.com:haunter-actual/haunter-actual.github.io
 * branch            main       -> FETCH_HEAD
error: cannot rebase: You have unstaged changes.
error: Please commit or stash them.
Already up to date.
warning: in the working copy of 'autopush.log', CRLF will be replaced by LF the next time Git touches it
[Thu Nov 20 03:30:03 PM PST 2025] Changes detected — committing...
[main b6aae81] Auto sync: 2025-11-20 15:30:03
 1 file changed, 14 insertions(+)
[Thu Nov 20 03:30:03 PM PST 2025] Pushing to GitHub...
To github.com:haunter-actual/haunter-actual.github.io.git
   c5dff03..b6aae81  main -> main
[Thu Nov 20 03:30:04 PM PST 2025] Push complete.
[Thu Nov 20 04:00:01 PM PST 2025] Starting auto-push...
From github.com:haunter-actual/haunter-actual.github.io
 * branch            main       -> FETCH_HEAD
error: cannot rebase: You have unstaged changes.
error: Please commit or stash them.
Already up to date.
warning: in the working copy of 'autopush.log', CRLF will be replaced by LF the next time Git touches it
[Thu Nov 20 04:00:03 PM PST 2025] Changes detected — committing...
[main e1256fb] Auto sync: 2025-11-20 16:00:03
 1 file changed, 14 insertions(+)
[Thu Nov 20 04:00:03 PM PST 2025] Pushing to GitHub...
To github.com:haunter-actual/haunter-actual.github.io.git
   b6aae81..e1256fb  main -> main
[Thu Nov 20 04:00:04 PM PST 2025] Push complete.
[Thu Nov 20 04:30:01 PM PST 2025] Starting auto-push...
From github.com:haunter-actual/haunter-actual.github.io
 * branch            main       -> FETCH_HEAD
error: cannot rebase: You have unstaged changes.
error: Please commit or stash them.
Already up to date.
warning: in the working copy of 'autopush.log', CRLF will be replaced by LF the next time Git touches it
[Thu Nov 20 04:30:02 PM PST 2025] Changes detected — committing...
[main 8e68400] Auto sync: 2025-11-20 16:30:02
 1 file changed, 14 insertions(+)
[Thu Nov 20 04:30:02 PM PST 2025] Pushing to GitHub...
To github.com:haunter-actual/haunter-actual.github.io.git
   e1256fb..8e68400  main -> main
[Thu Nov 20 04:30:04 PM PST 2025] Push complete.
[Thu Nov 20 05:00:01 PM PST 2025] Starting auto-push...
From github.com:haunter-actual/haunter-actual.github.io
 * branch            main       -> FETCH_HEAD
error: cannot rebase: You have unstaged changes.
error: Please commit or stash them.
Already up to date.
warning: in the working copy of 'autopush.log', CRLF will be replaced by LF the next time Git touches it
[Thu Nov 20 05:00:02 PM PST 2025] Changes detected — committing...
[main 0e83ff2] Auto sync: 2025-11-20 17:00:02
 1 file changed, 14 insertions(+)
[Thu Nov 20 05:00:02 PM PST 2025] Pushing to GitHub...
To github.com:haunter-actual/haunter-actual.github.io.git
   8e68400..0e83ff2  main -> main
[Thu Nov 20 05:00:04 PM PST 2025] Push complete.
[Thu Nov 20 05:30:01 PM PST 2025] Starting auto-push...
From github.com:haunter-actual/haunter-actual.github.io
 * branch            main       -> FETCH_HEAD
error: cannot rebase: You have unstaged changes.
error: Please commit or stash them.
Already up to date.
warning: in the working copy of 'autopush.log', CRLF will be replaced by LF the next time Git touches it
[Thu Nov 20 05:30:02 PM PST 2025] Changes detected — committing...
[main b846eb6] Auto sync: 2025-11-20 17:30:02
 1 file changed, 14 insertions(+)
[Thu Nov 20 05:30:02 PM PST 2025] Pushing to GitHub...
To github.com:haunter-actual/haunter-actual.github.io.git
   0e83ff2..b846eb6  main -> main
[Thu Nov 20 05:30:04 PM PST 2025] Push complete.
[Thu Nov 20 06:00:01 PM PST 2025] Starting auto-push...
From github.com:haunter-actual/haunter-actual.github.io
 * branch            main       -> FETCH_HEAD
error: cannot rebase: You have unstaged changes.
error: Please commit or stash them.
Already up to date.
warning: in the working copy of 'autopush.log', CRLF will be replaced by LF the next time Git touches it
[Thu Nov 20 06:00:02 PM PST 2025] Changes detected — committing...
[main 26efc11] Auto sync: 2025-11-20 18:00:02
 1 file changed, 14 insertions(+)
[Thu Nov 20 06:00:02 PM PST 2025] Pushing to GitHub...
To github.com:haunter-actual/haunter-actual.github.io.git
   b846eb6..26efc11  main -> main
[Thu Nov 20 06:00:04 PM PST 2025] Push complete.
[Thu Nov 20 06:30:01 PM PST 2025] Starting auto-push...
From github.com:haunter-actual/haunter-actual.github.io
 * branch            main       -> FETCH_HEAD
error: cannot rebase: You have unstaged changes.
error: Please commit or stash them.
Already up to date.
warning: in the working copy of 'autopush.log', CRLF will be replaced by LF the next time Git touches it
[Thu Nov 20 06:30:03 PM PST 2025] Changes detected — committing...
[main 9382d61] Auto sync: 2025-11-20 18:30:03
 1 file changed, 14 insertions(+)
[Thu Nov 20 06:30:03 PM PST 2025] Pushing to GitHub...
To github.com:haunter-actual/haunter-actual.github.io.git
   26efc11..9382d61  main -> main
[Thu Nov 20 06:30:04 PM PST 2025] Push complete.
[Fri Nov 21 05:30:01 AM PST 2025] Starting auto-push...
From github.com:haunter-actual/haunter-actual.github.io
 * branch            main       -> FETCH_HEAD
error: cannot rebase: You have unstaged changes.
error: Please commit or stash them.
Already up to date.
warning: in the working copy of 'autopush.log', CRLF will be replaced by LF the next time Git touches it
[Fri Nov 21 05:30:03 AM PST 2025] Changes detected — committing...
[main 2d2b78f] Auto sync: 2025-11-21 05:30:03
 1 file changed, 14 insertions(+)
[Fri Nov 21 05:30:03 AM PST 2025] Pushing to GitHub...
To github.com:haunter-actual/haunter-actual.github.io.git
   9382d61..2d2b78f  main -> main
[Fri Nov 21 05:30:05 AM PST 2025] Push complete.
[Fri Nov 21 06:00:01 AM PST 2025] Starting auto-push...
From github.com:haunter-actual/haunter-actual.github.io
 * branch            main       -> FETCH_HEAD
error: cannot rebase: You have unstaged changes.
error: Please commit or stash them.
Already up to date.
warning: in the working copy of 'autopush.log', CRLF will be replaced by LF the next time Git touches it
[Fri Nov 21 06:00:02 AM PST 2025] Changes detected — committing...
[main 9ff65ec] Auto sync: 2025-11-21 06:00:02
 1 file changed, 14 insertions(+)
[Fri Nov 21 06:00:02 AM PST 2025] Pushing to GitHub...
To github.com:haunter-actual/haunter-actual.github.io.git
   2d2b78f..9ff65ec  main -> main
[Fri Nov 21 06:00:04 AM PST 2025] Push complete.
[Fri Nov 21 06:30:01 AM PST 2025] Starting auto-push...
From github.com:haunter-actual/haunter-actual.github.io
 * branch            main       -> FETCH_HEAD
error: cannot rebase: You have unstaged changes.
error: Please commit or stash them.
Already up to date.
warning: in the working copy of 'autopush.log', CRLF will be replaced by LF the next time Git touches it
[Fri Nov 21 06:30:03 AM PST 2025] Changes detected — committing...
[main bab282c] Auto sync: 2025-11-21 06:30:03
 1 file changed, 14 insertions(+)
[Fri Nov 21 06:30:03 AM PST 2025] Pushing to GitHub...
To github.com:haunter-actual/haunter-actual.github.io.git
   9ff65ec..bab282c  main -> main
[Fri Nov 21 06:30:04 AM PST 2025] Push complete.
[Fri Nov 21 07:00:01 AM PST 2025] Starting auto-push...
From github.com:haunter-actual/haunter-actual.github.io
 * branch            main       -> FETCH_HEAD
error: cannot rebase: You have unstaged changes.
error: Please commit or stash them.
Already up to date.
warning: in the working copy of 'autopush.log', CRLF will be replaced by LF the next time Git touches it
[Fri Nov 21 07:00:03 AM PST 2025] Changes detected — committing...
[main 3afe836] Auto sync: 2025-11-21 07:00:03
 1 file changed, 14 insertions(+)
[Fri Nov 21 07:00:03 AM PST 2025] Pushing to GitHub...
To github.com:haunter-actual/haunter-actual.github.io.git
   bab282c..3afe836  main -> main
[Fri Nov 21 07:00:04 AM PST 2025] Push complete.
[Fri Nov 21 07:30:01 AM PST 2025] Starting auto-push...
From github.com:haunter-actual/haunter-actual.github.io
 * branch            main       -> FETCH_HEAD
error: cannot rebase: You have unstaged changes.
error: Please commit or stash them.
Already up to date.
warning: in the working copy of 'autopush.log', CRLF will be replaced by LF the next time Git touches it
[Fri Nov 21 07:30:02 AM PST 2025] Changes detected — committing...
[main e40d907] Auto sync: 2025-11-21 07:30:02
 1 file changed, 14 insertions(+)
[Fri Nov 21 07:30:02 AM PST 2025] Pushing to GitHub...
To github.com:haunter-actual/haunter-actual.github.io.git
   3afe836..e40d907  main -> main
[Fri Nov 21 07:30:04 AM PST 2025] Push complete.
[Fri Nov 21 08:00:01 AM PST 2025] Starting auto-push...
From github.com:haunter-actual/haunter-actual.github.io
 * branch            main       -> FETCH_HEAD
error: cannot rebase: You have unstaged changes.
error: Please commit or stash them.
Already up to date.
warning: in the working copy of 'autopush.log', CRLF will be replaced by LF the next time Git touches it
[Fri Nov 21 08:00:03 AM PST 2025] Changes detected — committing...
[main bcc6c18] Auto sync: 2025-11-21 08:00:03
 1 file changed, 14 insertions(+)
[Fri Nov 21 08:00:03 AM PST 2025] Pushing to GitHub...
To github.com:haunter-actual/haunter-actual.github.io.git
   e40d907..bcc6c18  main -> main
[Fri Nov 21 08:00:04 AM PST 2025] Push complete.
[Fri Nov 21 08:30:01 AM PST 2025] Starting auto-push...
From github.com:haunter-actual/haunter-actual.github.io
 * branch            main       -> FETCH_HEAD
error: cannot rebase: You have unstaged changes.
error: Please commit or stash them.
Already up to date.
warning: in the working copy of 'autopush.log', CRLF will be replaced by LF the next time Git touches it
[Fri Nov 21 08:30:03 AM PST 2025] Changes detected — committing...
[main d22c346] Auto sync: 2025-11-21 08:30:03
 1 file changed, 14 insertions(+)
[Fri Nov 21 08:30:03 AM PST 2025] Pushing to GitHub...
To github.com:haunter-actual/haunter-actual.github.io.git
   bcc6c18..d22c346  main -> main
[Fri Nov 21 08:30:04 AM PST 2025] Push complete.
[Fri Nov 21 09:00:01 AM PST 2025] Starting auto-push...
From github.com:haunter-actual/haunter-actual.github.io
 * branch            main       -> FETCH_HEAD
error: cannot rebase: You have unstaged changes.
error: Please commit or stash them.
Already up to date.
warning: in the working copy of 'autopush.log', CRLF will be replaced by LF the next time Git touches it
[Fri Nov 21 09:00:02 AM PST 2025] Changes detected — committing...
[main 41bd973] Auto sync: 2025-11-21 09:00:02
 1 file changed, 14 insertions(+)
[Fri Nov 21 09:00:02 AM PST 2025] Pushing to GitHub...
To github.com:haunter-actual/haunter-actual.github.io.git
   d22c346..41bd973  main -> main
[Fri Nov 21 09:00:04 AM PST 2025] Push complete.
[Fri Nov 21 09:30:01 AM PST 2025] Starting auto-push...
From github.com:haunter-actual/haunter-actual.github.io
 * branch            main       -> FETCH_HEAD
error: cannot rebase: You have unstaged changes.
error: Please commit or stash them.
Already up to date.
warning: in the working copy of 'autopush.log', CRLF will be replaced by LF the next time Git touches it
[Fri Nov 21 09:30:03 AM PST 2025] Changes detected — committing...
[main c11977c] Auto sync: 2025-11-21 09:30:03
 1 file changed, 14 insertions(+)
[Fri Nov 21 09:30:03 AM PST 2025] Pushing to GitHub...
To github.com:haunter-actual/haunter-actual.github.io.git
   41bd973..c11977c  main -> main
[Fri Nov 21 09:30:04 AM PST 2025] Push complete.
[Fri Nov 21 10:00:01 AM PST 2025] Starting auto-push...
From github.com:haunter-actual/haunter-actual.github.io
 * branch            main       -> FETCH_HEAD
error: cannot rebase: You have unstaged changes.
error: Please commit or stash them.
Already up to date.
warning: in the working copy of 'autopush.log', CRLF will be replaced by LF the next time Git touches it
[Fri Nov 21 10:00:02 AM PST 2025] Changes detected — committing...
[main 5241a9f] Auto sync: 2025-11-21 10:00:02
 1 file changed, 14 insertions(+)
[Fri Nov 21 10:00:02 AM PST 2025] Pushing to GitHub...
To github.com:haunter-actual/haunter-actual.github.io.git
   c11977c..5241a9f  main -> main
[Fri Nov 21 10:00:04 AM PST 2025] Push complete.
[Fri Nov 21 10:30:01 AM PST 2025] Starting auto-push...
From github.com:haunter-actual/haunter-actual.github.io
 * branch            main       -> FETCH_HEAD
error: cannot rebase: You have unstaged changes.
error: Please commit or stash them.
Already up to date.
warning: in the working copy of 'autopush.log', CRLF will be replaced by LF the next time Git touches it
[Fri Nov 21 10:30:02 AM PST 2025] Changes detected — committing...
[main 6624925] Auto sync: 2025-11-21 10:30:02
 1 file changed, 14 insertions(+)
[Fri Nov 21 10:30:02 AM PST 2025] Pushing to GitHub...
To github.com:haunter-actual/haunter-actual.github.io.git
   5241a9f..6624925  main -> main
[Fri Nov 21 10:30:03 AM PST 2025] Push complete.
[Fri Nov 21 11:30:01 AM PST 2025] Starting auto-push...
From github.com:haunter-actual/haunter-actual.github.io
 * branch            main       -> FETCH_HEAD
error: cannot rebase: You have unstaged changes.
error: Please commit or stash them.
Already up to date.
warning: in the working copy of 'autopush.log', CRLF will be replaced by LF the next time Git touches it
[Fri Nov 21 11:30:03 AM PST 2025] Changes detected — committing...
[main ffc81fe] Auto sync: 2025-11-21 11:30:03
 1 file changed, 14 insertions(+)
[Fri Nov 21 11:30:03 AM PST 2025] Pushing to GitHub...
To github.com:haunter-actual/haunter-actual.github.io.git
   6624925..ffc81fe  main -> main
[Fri Nov 21 11:30:04 AM PST 2025] Push complete.
[Fri Nov 21 12:00:01 PM PST 2025] Starting auto-push...
From github.com:haunter-actual/haunter-actual.github.io
 * branch            main       -> FETCH_HEAD
error: cannot rebase: You have unstaged changes.
error: Please commit or stash them.
Already up to date.
warning: in the working copy of 'autopush.log', CRLF will be replaced by LF the next time Git touches it
[Fri Nov 21 12:00:02 PM PST 2025] Changes detected — committing...
[main 8b62b64] Auto sync: 2025-11-21 12:00:02
 1 file changed, 14 insertions(+)
[Fri Nov 21 12:00:02 PM PST 2025] Pushing to GitHub...
To github.com:haunter-actual/haunter-actual.github.io.git
   ffc81fe..8b62b64  main -> main
[Fri Nov 21 12:00:04 PM PST 2025] Push complete.
[Fri Nov 21 12:30:01 PM PST 2025] Starting auto-push...
From github.com:haunter-actual/haunter-actual.github.io
 * branch            main       -> FETCH_HEAD
error: cannot rebase: You have unstaged changes.
error: Please commit or stash them.
Already up to date.
warning: in the working copy of 'autopush.log', CRLF will be replaced by LF the next time Git touches it
[Fri Nov 21 12:30:02 PM PST 2025] Changes detected — committing...
[main bd431b7] Auto sync: 2025-11-21 12:30:02
 1 file changed, 14 insertions(+)
[Fri Nov 21 12:30:02 PM PST 2025] Pushing to GitHub...
To github.com:haunter-actual/haunter-actual.github.io.git
   8b62b64..bd431b7  main -> main
[Fri Nov 21 12:30:04 PM PST 2025] Push complete.
[Fri Nov 21 01:00:01 PM PST 2025] Starting auto-push...
From github.com:haunter-actual/haunter-actual.github.io
 * branch            main       -> FETCH_HEAD
error: cannot rebase: You have unstaged changes.
error: Please commit or stash them.
Already up to date.
warning: in the working copy of 'autopush.log', CRLF will be replaced by LF the next time Git touches it
[Fri Nov 21 01:00:03 PM PST 2025] Changes detected — committing...
[main 73ac261] Auto sync: 2025-11-21 13:00:03
 1 file changed, 14 insertions(+)
[Fri Nov 21 01:00:03 PM PST 2025] Pushing to GitHub...
To github.com:haunter-actual/haunter-actual.github.io.git
   bd431b7..73ac261  main -> main
[Fri Nov 21 01:00:05 PM PST 2025] Push complete.
[Fri Nov 21 01:30:01 PM PST 2025] Starting auto-push...
From github.com:haunter-actual/haunter-actual.github.io
 * branch            main       -> FETCH_HEAD
error: cannot rebase: You have unstaged changes.
error: Please commit or stash them.
Already up to date.
warning: in the working copy of 'autopush.log', CRLF will be replaced by LF the next time Git touches it
[Fri Nov 21 01:30:02 PM PST 2025] Changes detected — committing...
[main 2ecc612] Auto sync: 2025-11-21 13:30:02
 1 file changed, 14 insertions(+)
[Fri Nov 21 01:30:02 PM PST 2025] Pushing to GitHub...
To github.com:haunter-actual/haunter-actual.github.io.git
   73ac261..2ecc612  main -> main
[Fri Nov 21 01:30:04 PM PST 2025] Push complete.
[Fri Nov 21 02:00:01 PM PST 2025] Starting auto-push...
From github.com:haunter-actual/haunter-actual.github.io
 * branch            main       -> FETCH_HEAD
error: cannot rebase: You have unstaged changes.
error: Please commit or stash them.
Already up to date.
warning: in the working copy of 'autopush.log', CRLF will be replaced by LF the next time Git touches it
[Fri Nov 21 02:00:03 PM PST 2025] Changes detected — committing...
[main f98d713] Auto sync: 2025-11-21 14:00:03
 1 file changed, 14 insertions(+)
[Fri Nov 21 02:00:03 PM PST 2025] Pushing to GitHub...
To github.com:haunter-actual/haunter-actual.github.io.git
   2ecc612..f98d713  main -> main
[Fri Nov 21 02:00:04 PM PST 2025] Push complete.
[Fri Nov 21 02:30:01 PM PST 2025] Starting auto-push...
From github.com:haunter-actual/haunter-actual.github.io
 * branch            main       -> FETCH_HEAD
error: cannot rebase: You have unstaged changes.
error: Please commit or stash them.
Already up to date.
warning: in the working copy of 'autopush.log', CRLF will be replaced by LF the next time Git touches it
[Fri Nov 21 02:30:02 PM PST 2025] Changes detected — committing...
[main 2bfbc4b] Auto sync: 2025-11-21 14:30:02
 1 file changed, 14 insertions(+)
[Fri Nov 21 02:30:02 PM PST 2025] Pushing to GitHub...
To github.com:haunter-actual/haunter-actual.github.io.git
   f98d713..2bfbc4b  main -> main
[Fri Nov 21 02:30:04 PM PST 2025] Push complete.
[Fri Nov 21 03:00:01 PM PST 2025] Starting auto-push...
From github.com:haunter-actual/haunter-actual.github.io
 * branch            main       -> FETCH_HEAD
error: cannot rebase: You have unstaged changes.
error: Please commit or stash them.
Already up to date.
warning: in the working copy of 'autopush.log', CRLF will be replaced by LF the next time Git touches it
[Fri Nov 21 03:00:03 PM PST 2025] Changes detected — committing...
[main 9b28c92] Auto sync: 2025-11-21 15:00:03
 1 file changed, 14 insertions(+)
[Fri Nov 21 03:00:03 PM PST 2025] Pushing to GitHub...
To github.com:haunter-actual/haunter-actual.github.io.git
   2bfbc4b..9b28c92  main -> main
[Fri Nov 21 03:00:04 PM PST 2025] Push complete.
[Fri Nov 21 03:30:01 PM PST 2025] Starting auto-push...
From github.com:haunter-actual/haunter-actual.github.io
 * branch            main       -> FETCH_HEAD
error: cannot rebase: You have unstaged changes.
error: Please commit or stash them.
Already up to date.
warning: in the working copy of 'autopush.log', CRLF will be replaced by LF the next time Git touches it
[Fri Nov 21 03:30:03 PM PST 2025] Changes detected — committing...
[main 2e802ac] Auto sync: 2025-11-21 15:30:03
 1 file changed, 14 insertions(+)
[Fri Nov 21 03:30:03 PM PST 2025] Pushing to GitHub...
To github.com:haunter-actual/haunter-actual.github.io.git
   9b28c92..2e802ac  main -> main
[Fri Nov 21 03:30:04 PM PST 2025] Push complete.
[Fri Nov 21 04:00:01 PM PST 2025] Starting auto-push...
From github.com:haunter-actual/haunter-actual.github.io
 * branch            main       -> FETCH_HEAD
error: cannot rebase: You have unstaged changes.
error: Please commit or stash them.
Already up to date.
warning: in the working copy of 'autopush.log', CRLF will be replaced by LF the next time Git touches it
[Fri Nov 21 04:00:02 PM PST 2025] Changes detected — committing...
[main 47a40b6] Auto sync: 2025-11-21 16:00:02
 1 file changed, 14 insertions(+)
[Fri Nov 21 04:00:02 PM PST 2025] Pushing to GitHub...
To github.com:haunter-actual/haunter-actual.github.io.git
   2e802ac..47a40b6  main -> main
[Fri Nov 21 04:00:03 PM PST 2025] Push complete.
[Fri Nov 21 04:30:01 PM PST 2025] Starting auto-push...
From github.com:haunter-actual/haunter-actual.github.io
 * branch            main       -> FETCH_HEAD
error: cannot rebase: You have unstaged changes.
error: Please commit or stash them.
Already up to date.
warning: in the working copy of 'autopush.log', CRLF will be replaced by LF the next time Git touches it
[Fri Nov 21 04:30:02 PM PST 2025] Changes detected — committing...
[main 3690779] Auto sync: 2025-11-21 16:30:02
 1 file changed, 14 insertions(+)
[Fri Nov 21 04:30:02 PM PST 2025] Pushing to GitHub...
To github.com:haunter-actual/haunter-actual.github.io.git
   47a40b6..3690779  main -> main
[Fri Nov 21 04:30:04 PM PST 2025] Push complete.
[Fri Nov 21 05:00:01 PM PST 2025] Starting auto-push...
From github.com:haunter-actual/haunter-actual.github.io
 * branch            main       -> FETCH_HEAD
error: cannot rebase: You have unstaged changes.
error: Please commit or stash them.
Already up to date.
warning: in the working copy of 'autopush.log', CRLF will be replaced by LF the next time Git touches it
[Fri Nov 21 05:00:03 PM PST 2025] Changes detected — committing...
[main d7ba9c0] Auto sync: 2025-11-21 17:00:03
 1 file changed, 14 insertions(+)
[Fri Nov 21 05:00:03 PM PST 2025] Pushing to GitHub...
To github.com:haunter-actual/haunter-actual.github.io.git
   3690779..d7ba9c0  main -> main
[Fri Nov 21 05:00:04 PM PST 2025] Push complete.
[Fri Nov 21 05:30:01 PM PST 2025] Starting auto-push...
From github.com:haunter-actual/haunter-actual.github.io
 * branch            main       -> FETCH_HEAD
error: cannot rebase: You have unstaged changes.
error: Please commit or stash them.
Already up to date.
warning: in the working copy of 'autopush.log', CRLF will be replaced by LF the next time Git touches it
[Fri Nov 21 05:30:03 PM PST 2025] Changes detected — committing...
[main 4d83203] Auto sync: 2025-11-21 17:30:03
 1 file changed, 14 insertions(+)
[Fri Nov 21 05:30:03 PM PST 2025] Pushing to GitHub...
To github.com:haunter-actual/haunter-actual.github.io.git
   d7ba9c0..4d83203  main -> main
[Fri Nov 21 05:30:05 PM PST 2025] Push complete.
[Fri Nov 21 06:00:01 PM PST 2025] Starting auto-push...
From github.com:haunter-actual/haunter-actual.github.io
 * branch            main       -> FETCH_HEAD
error: cannot rebase: You have unstaged changes.
error: Please commit or stash them.
Already up to date.
warning: in the working copy of 'autopush.log', CRLF will be replaced by LF the next time Git touches it
[Fri Nov 21 06:00:02 PM PST 2025] Changes detected — committing...
[main 34efddb] Auto sync: 2025-11-21 18:00:02
 1 file changed, 14 insertions(+)
[Fri Nov 21 06:00:02 PM PST 2025] Pushing to GitHub...
To github.com:haunter-actual/haunter-actual.github.io.git
   4d83203..34efddb  main -> main
[Fri Nov 21 06:00:04 PM PST 2025] Push complete.
[Fri Nov 21 06:30:01 PM PST 2025] Starting auto-push...
From github.com:haunter-actual/haunter-actual.github.io
 * branch            main       -> FETCH_HEAD
error: cannot rebase: You have unstaged changes.
error: Please commit or stash them.
Already up to date.
warning: in the working copy of 'autopush.log', CRLF will be replaced by LF the next time Git touches it
[Fri Nov 21 06:30:02 PM PST 2025] Changes detected — committing...
[main 14698a4] Auto sync: 2025-11-21 18:30:02
 1 file changed, 14 insertions(+)
[Fri Nov 21 06:30:02 PM PST 2025] Pushing to GitHub...
To github.com:haunter-actual/haunter-actual.github.io.git
   34efddb..14698a4  main -> main
[Fri Nov 21 06:30:04 PM PST 2025] Push complete.
[Fri Nov 21 07:00:01 PM PST 2025] Starting auto-push...
From github.com:haunter-actual/haunter-actual.github.io
 * branch            main       -> FETCH_HEAD
error: cannot rebase: You have unstaged changes.
error: Please commit or stash them.
Already up to date.
warning: in the working copy of 'autopush.log', CRLF will be replaced by LF the next time Git touches it
[Fri Nov 21 07:00:03 PM PST 2025] Changes detected — committing...
[main 7b624b5] Auto sync: 2025-11-21 19:00:03
 1 file changed, 14 insertions(+)
[Fri Nov 21 07:00:03 PM PST 2025] Pushing to GitHub...
To github.com:haunter-actual/haunter-actual.github.io.git
   14698a4..7b624b5  main -> main
[Fri Nov 21 07:00:04 PM PST 2025] Push complete.
[Fri Nov 21 07:30:01 PM PST 2025] Starting auto-push...
From github.com:haunter-actual/haunter-actual.github.io
 * branch            main       -> FETCH_HEAD
error: cannot rebase: You have unstaged changes.
error: Please commit or stash them.
Already up to date.
warning: in the working copy of 'autopush.log', CRLF will be replaced by LF the next time Git touches it
[Fri Nov 21 07:30:02 PM PST 2025] Changes detected — committing...
[main c04e5ba] Auto sync: 2025-11-21 19:30:02
 1 file changed, 14 insertions(+)
[Fri Nov 21 07:30:02 PM PST 2025] Pushing to GitHub...
To github.com:haunter-actual/haunter-actual.github.io.git
   7b624b5..c04e5ba  main -> main
[Fri Nov 21 07:30:04 PM PST 2025] Push complete.
[Fri Nov 21 08:00:01 PM PST 2025] Starting auto-push...
From github.com:haunter-actual/haunter-actual.github.io
 * branch            main       -> FETCH_HEAD
error: cannot rebase: You have unstaged changes.
error: Please commit or stash them.
Already up to date.
warning: in the working copy of 'autopush.log', CRLF will be replaced by LF the next time Git touches it
[Fri Nov 21 08:00:02 PM PST 2025] Changes detected — committing...
[main a322ce7] Auto sync: 2025-11-21 20:00:02
 1 file changed, 14 insertions(+)
[Fri Nov 21 08:00:02 PM PST 2025] Pushing to GitHub...
To github.com:haunter-actual/haunter-actual.github.io.git
   c04e5ba..a322ce7  main -> main
[Fri Nov 21 08:00:04 PM PST 2025] Push complete.
[Fri Nov 21 08:30:01 PM PST 2025] Starting auto-push...
From github.com:haunter-actual/haunter-actual.github.io
 * branch            main       -> FETCH_HEAD
error: cannot rebase: You have unstaged changes.
error: Please commit or stash them.
Already up to date.
warning: in the working copy of 'autopush.log', CRLF will be replaced by LF the next time Git touches it
[Fri Nov 21 08:30:02 PM PST 2025] Changes detected — committing...
[main e508258] Auto sync: 2025-11-21 20:30:02
 1 file changed, 14 insertions(+)
[Fri Nov 21 08:30:03 PM PST 2025] Pushing to GitHub...
To github.com:haunter-actual/haunter-actual.github.io.git
   a322ce7..e508258  main -> main
[Fri Nov 21 08:30:04 PM PST 2025] Push complete.
[Fri Nov 21 09:00:01 PM PST 2025] Starting auto-push...
From github.com:haunter-actual/haunter-actual.github.io
 * branch            main       -> FETCH_HEAD
error: cannot rebase: You have unstaged changes.
error: Please commit or stash them.
Already up to date.
warning: in the working copy of 'autopush.log', CRLF will be replaced by LF the next time Git touches it
[Fri Nov 21 09:00:02 PM PST 2025] Changes detected — committing...
[main 55d66f7] Auto sync: 2025-11-21 21:00:02
 1 file changed, 14 insertions(+)
[Fri Nov 21 09:00:02 PM PST 2025] Pushing to GitHub...
To github.com:haunter-actual/haunter-actual.github.io.git
   e508258..55d66f7  main -> main
[Fri Nov 21 09:00:03 PM PST 2025] Push complete.
[Fri Nov 21 09:30:01 PM PST 2025] Starting auto-push...
From github.com:haunter-actual/haunter-actual.github.io
 * branch            main       -> FETCH_HEAD
error: cannot rebase: You have unstaged changes.
error: Please commit or stash them.
Already up to date.
warning: in the working copy of 'autopush.log', CRLF will be replaced by LF the next time Git touches it
[Fri Nov 21 09:30:02 PM PST 2025] Changes detected — committing...
[main be597cc] Auto sync: 2025-11-21 21:30:02
 1 file changed, 14 insertions(+)
[Fri Nov 21 09:30:02 PM PST 2025] Pushing to GitHub...
To github.com:haunter-actual/haunter-actual.github.io.git
   55d66f7..be597cc  main -> main
[Fri Nov 21 09:30:04 PM PST 2025] Push complete.
[Sat Nov 22 07:30:01 AM PST 2025] Starting auto-push...
From github.com:haunter-actual/haunter-actual.github.io
 * branch            main       -> FETCH_HEAD
error: cannot rebase: You have unstaged changes.
error: Please commit or stash them.
Already up to date.
warning: in the working copy of 'autopush.log', CRLF will be replaced by LF the next time Git touches it
[Sat Nov 22 07:30:02 AM PST 2025] Changes detected — committing...
[main 8bf1d1b] Auto sync: 2025-11-22 07:30:02
 1 file changed, 14 insertions(+)
[Sat Nov 22 07:30:02 AM PST 2025] Pushing to GitHub...
To github.com:haunter-actual/haunter-actual.github.io.git
   be597cc..8bf1d1b  main -> main
[Sat Nov 22 07:30:04 AM PST 2025] Push complete.
[Sat Nov 22 08:00:01 AM PST 2025] Starting auto-push...
From github.com:haunter-actual/haunter-actual.github.io
 * branch            main       -> FETCH_HEAD
error: cannot rebase: You have unstaged changes.
error: Please commit or stash them.
Already up to date.
warning: in the working copy of 'autopush.log', CRLF will be replaced by LF the next time Git touches it
[Sat Nov 22 08:00:03 AM PST 2025] Changes detected — committing...
[main a34812e] Auto sync: 2025-11-22 08:00:03
 1 file changed, 14 insertions(+)
[Sat Nov 22 08:00:03 AM PST 2025] Pushing to GitHub...
To github.com:haunter-actual/haunter-actual.github.io.git
   8bf1d1b..a34812e  main -> main
[Sat Nov 22 08:00:04 AM PST 2025] Push complete.
[Sat Nov 22 08:30:01 AM PST 2025] Starting auto-push...
From github.com:haunter-actual/haunter-actual.github.io
 * branch            main       -> FETCH_HEAD
error: cannot rebase: You have unstaged changes.
error: Please commit or stash them.
Already up to date.
warning: in the working copy of 'autopush.log', CRLF will be replaced by LF the next time Git touches it
[Sat Nov 22 08:30:02 AM PST 2025] Changes detected — committing...
[main 6d402a8] Auto sync: 2025-11-22 08:30:02
 1 file changed, 14 insertions(+)
[Sat Nov 22 08:30:02 AM PST 2025] Pushing to GitHub...
To github.com:haunter-actual/haunter-actual.github.io.git
   a34812e..6d402a8  main -> main
[Sat Nov 22 08:30:04 AM PST 2025] Push complete.
[Sat Nov 22 09:00:01 AM PST 2025] Starting auto-push...
From github.com:haunter-actual/haunter-actual.github.io
 * branch            main       -> FETCH_HEAD
error: cannot rebase: You have unstaged changes.
error: Please commit or stash them.
Already up to date.
warning: in the working copy of 'autopush.log', CRLF will be replaced by LF the next time Git touches it
[Sat Nov 22 09:00:03 AM PST 2025] Changes detected — committing...
[main ecc8f64] Auto sync: 2025-11-22 09:00:03
 1 file changed, 14 insertions(+)
[Sat Nov 22 09:00:03 AM PST 2025] Pushing to GitHub...
To github.com:haunter-actual/haunter-actual.github.io.git
   6d402a8..ecc8f64  main -> main
[Sat Nov 22 09:00:04 AM PST 2025] Push complete.
[Sat Nov 22 09:30:01 AM PST 2025] Starting auto-push...
From github.com:haunter-actual/haunter-actual.github.io
 * branch            main       -> FETCH_HEAD
error: cannot rebase: You have unstaged changes.
error: Please commit or stash them.
Already up to date.
warning: in the working copy of 'autopush.log', CRLF will be replaced by LF the next time Git touches it
[Sat Nov 22 09:30:02 AM PST 2025] Changes detected — committing...
[main db54c12] Auto sync: 2025-11-22 09:30:02
 1 file changed, 14 insertions(+)
[Sat Nov 22 09:30:02 AM PST 2025] Pushing to GitHub...
To github.com:haunter-actual/haunter-actual.github.io.git
   ecc8f64..db54c12  main -> main
[Sat Nov 22 09:30:04 AM PST 2025] Push complete.
[Sat Nov 22 10:00:01 AM PST 2025] Starting auto-push...
From github.com:haunter-actual/haunter-actual.github.io
 * branch            main       -> FETCH_HEAD
error: cannot rebase: You have unstaged changes.
error: Please commit or stash them.
Already up to date.
warning: in the working copy of 'autopush.log', CRLF will be replaced by LF the next time Git touches it
[Sat Nov 22 10:00:02 AM PST 2025] Changes detected — committing...
[main eb38cd2] Auto sync: 2025-11-22 10:00:02
 1 file changed, 14 insertions(+)
[Sat Nov 22 10:00:02 AM PST 2025] Pushing to GitHub...
To github.com:haunter-actual/haunter-actual.github.io.git
   db54c12..eb38cd2  main -> main
[Sat Nov 22 10:00:04 AM PST 2025] Push complete.
[Sat Nov 22 10:30:01 AM PST 2025] Starting auto-push...
From github.com:haunter-actual/haunter-actual.github.io
 * branch            main       -> FETCH_HEAD
error: cannot rebase: You have unstaged changes.
error: Please commit or stash them.
Already up to date.
warning: in the working copy of 'autopush.log', CRLF will be replaced by LF the next time Git touches it
[Sat Nov 22 10:30:03 AM PST 2025] Changes detected — committing...
[main 46924e4] Auto sync: 2025-11-22 10:30:03
 1 file changed, 14 insertions(+)
[Sat Nov 22 10:30:03 AM PST 2025] Pushing to GitHub...
To github.com:haunter-actual/haunter-actual.github.io.git
   eb38cd2..46924e4  main -> main
[Sat Nov 22 10:30:04 AM PST 2025] Push complete.
[Sat Nov 22 11:00:01 AM PST 2025] Starting auto-push...
From github.com:haunter-actual/haunter-actual.github.io
 * branch            main       -> FETCH_HEAD
error: cannot rebase: You have unstaged changes.
error: Please commit or stash them.
Already up to date.
warning: in the working copy of 'autopush.log', CRLF will be replaced by LF the next time Git touches it
[Sat Nov 22 11:00:03 AM PST 2025] Changes detected — committing...
[main 10302b7] Auto sync: 2025-11-22 11:00:03
 1 file changed, 14 insertions(+)
[Sat Nov 22 11:00:03 AM PST 2025] Pushing to GitHub...
To github.com:haunter-actual/haunter-actual.github.io.git
   46924e4..10302b7  main -> main
[Sat Nov 22 11:00:04 AM PST 2025] Push complete.
[Sat Nov 22 11:30:01 AM PST 2025] Starting auto-push...
From github.com:haunter-actual/haunter-actual.github.io
 * branch            main       -> FETCH_HEAD
error: cannot rebase: You have unstaged changes.
error: Please commit or stash them.
Already up to date.
warning: in the working copy of 'autopush.log', CRLF will be replaced by LF the next time Git touches it
[Sat Nov 22 11:30:02 AM PST 2025] Changes detected — committing...
[main 7e81aa4] Auto sync: 2025-11-22 11:30:02
 1 file changed, 14 insertions(+)
[Sat Nov 22 11:30:02 AM PST 2025] Pushing to GitHub...
To github.com:haunter-actual/haunter-actual.github.io.git
   10302b7..7e81aa4  main -> main
[Sat Nov 22 11:30:03 AM PST 2025] Push complete.
[Sat Nov 22 12:00:01 PM PST 2025] Starting auto-push...
From github.com:haunter-actual/haunter-actual.github.io
 * branch            main       -> FETCH_HEAD
error: cannot rebase: You have unstaged changes.
error: Please commit or stash them.
Already up to date.
warning: in the working copy of 'autopush.log', CRLF will be replaced by LF the next time Git touches it
[Sat Nov 22 12:00:02 PM PST 2025] Changes detected — committing...
[main c0e0bc0] Auto sync: 2025-11-22 12:00:02
 1 file changed, 14 insertions(+)
[Sat Nov 22 12:00:02 PM PST 2025] Pushing to GitHub...
To github.com:haunter-actual/haunter-actual.github.io.git
   7e81aa4..c0e0bc0  main -> main
[Sat Nov 22 12:00:04 PM PST 2025] Push complete.
[Sat Nov 22 12:30:01 PM PST 2025] Starting auto-push...
From github.com:haunter-actual/haunter-actual.github.io
 * branch            main       -> FETCH_HEAD
error: cannot rebase: You have unstaged changes.
error: Please commit or stash them.
Already up to date.
warning: in the working copy of 'autopush.log', CRLF will be replaced by LF the next time Git touches it
[Sat Nov 22 12:30:02 PM PST 2025] Changes detected — committing...
[main 8186460] Auto sync: 2025-11-22 12:30:02
 1 file changed, 14 insertions(+)
[Sat Nov 22 12:30:02 PM PST 2025] Pushing to GitHub...
To github.com:haunter-actual/haunter-actual.github.io.git
   c0e0bc0..8186460  main -> main
[Sat Nov 22 12:30:04 PM PST 2025] Push complete.
[Sat Nov 22 01:00:01 PM PST 2025] Starting auto-push...
From github.com:haunter-actual/haunter-actual.github.io
 * branch            main       -> FETCH_HEAD
error: cannot rebase: You have unstaged changes.
error: Please commit or stash them.
Already up to date.
warning: in the working copy of 'autopush.log', CRLF will be replaced by LF the next time Git touches it
[Sat Nov 22 01:00:03 PM PST 2025] Changes detected — committing...
[main 08cf8b2] Auto sync: 2025-11-22 13:00:03
 1 file changed, 14 insertions(+)
[Sat Nov 22 01:00:03 PM PST 2025] Pushing to GitHub...
To github.com:haunter-actual/haunter-actual.github.io.git
   8186460..08cf8b2  main -> main
[Sat Nov 22 01:00:04 PM PST 2025] Push complete.
[Sat Nov 22 01:30:01 PM PST 2025] Starting auto-push...
From github.com:haunter-actual/haunter-actual.github.io
 * branch            main       -> FETCH_HEAD
error: cannot rebase: You have unstaged changes.
error: Please commit or stash them.
Already up to date.
warning: in the working copy of 'autopush.log', CRLF will be replaced by LF the next time Git touches it
[Sat Nov 22 01:30:02 PM PST 2025] Changes detected — committing...
[main ea06c72] Auto sync: 2025-11-22 13:30:02
 1 file changed, 14 insertions(+)
[Sat Nov 22 01:30:02 PM PST 2025] Pushing to GitHub...
To github.com:haunter-actual/haunter-actual.github.io.git
   08cf8b2..ea06c72  main -> main
[Sat Nov 22 01:30:03 PM PST 2025] Push complete.
[Sat Nov 22 02:00:01 PM PST 2025] Starting auto-push...
From github.com:haunter-actual/haunter-actual.github.io
 * branch            main       -> FETCH_HEAD
error: cannot rebase: You have unstaged changes.
error: Please commit or stash them.
Already up to date.
warning: in the working copy of 'autopush.log', CRLF will be replaced by LF the next time Git touches it
[Sat Nov 22 02:00:03 PM PST 2025] Changes detected — committing...
[main 78d6593] Auto sync: 2025-11-22 14:00:03
 1 file changed, 14 insertions(+)
[Sat Nov 22 02:00:03 PM PST 2025] Pushing to GitHub...
To github.com:haunter-actual/haunter-actual.github.io.git
   ea06c72..78d6593  main -> main
[Sat Nov 22 02:00:04 PM PST 2025] Push complete.
[Sat Nov 22 02:30:01 PM PST 2025] Starting auto-push...
From github.com:haunter-actual/haunter-actual.github.io
 * branch            main       -> FETCH_HEAD
error: cannot rebase: You have unstaged changes.
error: Please commit or stash them.
Already up to date.
warning: in the working copy of 'autopush.log', CRLF will be replaced by LF the next time Git touches it
[Sat Nov 22 02:30:03 PM PST 2025] Changes detected — committing...
[main 88811af] Auto sync: 2025-11-22 14:30:03
 1 file changed, 14 insertions(+)
[Sat Nov 22 02:30:03 PM PST 2025] Pushing to GitHub...
To github.com:haunter-actual/haunter-actual.github.io.git
   78d6593..88811af  main -> main
[Sat Nov 22 02:30:04 PM PST 2025] Push complete.
[Sat Nov 22 03:00:01 PM PST 2025] Starting auto-push...
From github.com:haunter-actual/haunter-actual.github.io
 * branch            main       -> FETCH_HEAD
error: cannot rebase: You have unstaged changes.
error: Please commit or stash them.
Already up to date.
warning: in the working copy of 'autopush.log', CRLF will be replaced by LF the next time Git touches it
[Sat Nov 22 03:00:02 PM PST 2025] Changes detected — committing...
[main 020cbdf] Auto sync: 2025-11-22 15:00:02
 1 file changed, 14 insertions(+)
[Sat Nov 22 03:00:02 PM PST 2025] Pushing to GitHub...
To github.com:haunter-actual/haunter-actual.github.io.git
   88811af..020cbdf  main -> main
[Sat Nov 22 03:00:04 PM PST 2025] Push complete.
[Sat Nov 22 03:30:01 PM PST 2025] Starting auto-push...
From github.com:haunter-actual/haunter-actual.github.io
 * branch            main       -> FETCH_HEAD
error: cannot rebase: You have unstaged changes.
error: Please commit or stash them.
Already up to date.
warning: in the working copy of 'autopush.log', CRLF will be replaced by LF the next time Git touches it
[Sat Nov 22 03:30:02 PM PST 2025] Changes detected — committing...
[main a8bb062] Auto sync: 2025-11-22 15:30:02
 1 file changed, 14 insertions(+)
[Sat Nov 22 03:30:03 PM PST 2025] Pushing to GitHub...
To github.com:haunter-actual/haunter-actual.github.io.git
   020cbdf..a8bb062  main -> main
[Sat Nov 22 03:30:04 PM PST 2025] Push complete.
[Sat Nov 22 04:00:01 PM PST 2025] Starting auto-push...
From github.com:haunter-actual/haunter-actual.github.io
 * branch            main       -> FETCH_HEAD
error: cannot rebase: You have unstaged changes.
error: Please commit or stash them.
Already up to date.
warning: in the working copy of 'autopush.log', CRLF will be replaced by LF the next time Git touches it
[Sat Nov 22 04:00:03 PM PST 2025] Changes detected — committing...
[main 8ecda65] Auto sync: 2025-11-22 16:00:03
 1 file changed, 14 insertions(+)
[Sat Nov 22 04:00:03 PM PST 2025] Pushing to GitHub...
To github.com:haunter-actual/haunter-actual.github.io.git
   a8bb062..8ecda65  main -> main
[Sat Nov 22 04:00:04 PM PST 2025] Push complete.
[Sat Nov 22 04:30:01 PM PST 2025] Starting auto-push...
From github.com:haunter-actual/haunter-actual.github.io
 * branch            main       -> FETCH_HEAD
error: cannot rebase: You have unstaged changes.
error: Please commit or stash them.
Already up to date.
warning: in the working copy of 'autopush.log', CRLF will be replaced by LF the next time Git touches it
[Sat Nov 22 04:30:03 PM PST 2025] Changes detected — committing...
[main bee794e] Auto sync: 2025-11-22 16:30:03
 1 file changed, 14 insertions(+)
[Sat Nov 22 04:30:03 PM PST 2025] Pushing to GitHub...
To github.com:haunter-actual/haunter-actual.github.io.git
   8ecda65..bee794e  main -> main
[Sat Nov 22 04:30:05 PM PST 2025] Push complete.
[Sat Nov 22 05:00:01 PM PST 2025] Starting auto-push...
From github.com:haunter-actual/haunter-actual.github.io
 * branch            main       -> FETCH_HEAD
error: cannot rebase: You have unstaged changes.
error: Please commit or stash them.
Already up to date.
warning: in the working copy of 'autopush.log', CRLF will be replaced by LF the next time Git touches it
[Sat Nov 22 05:00:03 PM PST 2025] Changes detected — committing...
[main 7174895] Auto sync: 2025-11-22 17:00:03
 1 file changed, 14 insertions(+)
[Sat Nov 22 05:00:03 PM PST 2025] Pushing to GitHub...
To github.com:haunter-actual/haunter-actual.github.io.git
   bee794e..7174895  main -> main
[Sat Nov 22 05:00:05 PM PST 2025] Push complete.
[Sat Nov 22 05:30:01 PM PST 2025] Starting auto-push...
From github.com:haunter-actual/haunter-actual.github.io
 * branch            main       -> FETCH_HEAD
error: cannot rebase: You have unstaged changes.
error: Please commit or stash them.
Already up to date.
warning: in the working copy of 'autopush.log', CRLF will be replaced by LF the next time Git touches it
[Sat Nov 22 05:30:02 PM PST 2025] Changes detected — committing...
[main c3bc559] Auto sync: 2025-11-22 17:30:02
 1 file changed, 14 insertions(+)
[Sat Nov 22 05:30:02 PM PST 2025] Pushing to GitHub...
To github.com:haunter-actual/haunter-actual.github.io.git
   7174895..c3bc559  main -> main
[Sat Nov 22 05:30:04 PM PST 2025] Push complete.
[Sat Nov 22 06:00:01 PM PST 2025] Starting auto-push...
From github.com:haunter-actual/haunter-actual.github.io
 * branch            main       -> FETCH_HEAD
error: cannot rebase: You have unstaged changes.
error: Please commit or stash them.
Already up to date.
warning: in the working copy of 'autopush.log', CRLF will be replaced by LF the next time Git touches it
[Sat Nov 22 06:00:03 PM PST 2025] Changes detected — committing...
[main 20e0636] Auto sync: 2025-11-22 18:00:03
 1 file changed, 14 insertions(+)
[Sat Nov 22 06:00:03 PM PST 2025] Pushing to GitHub...
To github.com:haunter-actual/haunter-actual.github.io.git
   c3bc559..20e0636  main -> main
[Sat Nov 22 06:00:04 PM PST 2025] Push complete.
[Sat Nov 22 06:30:01 PM PST 2025] Starting auto-push...
From github.com:haunter-actual/haunter-actual.github.io
 * branch            main       -> FETCH_HEAD
error: cannot rebase: You have unstaged changes.
error: Please commit or stash them.
Already up to date.
warning: in the working copy of 'autopush.log', CRLF will be replaced by LF the next time Git touches it
[Sat Nov 22 06:30:03 PM PST 2025] Changes detected — committing...
[main 4ec6f2f] Auto sync: 2025-11-22 18:30:03
 1 file changed, 14 insertions(+)
[Sat Nov 22 06:30:03 PM PST 2025] Pushing to GitHub...
To github.com:haunter-actual/haunter-actual.github.io.git
   20e0636..4ec6f2f  main -> main
[Sat Nov 22 06:30:04 PM PST 2025] Push complete.
[Sat Nov 22 07:00:01 PM PST 2025] Starting auto-push...
From github.com:haunter-actual/haunter-actual.github.io
 * branch            main       -> FETCH_HEAD
error: cannot rebase: You have unstaged changes.
error: Please commit or stash them.
Already up to date.
warning: in the working copy of 'autopush.log', CRLF will be replaced by LF the next time Git touches it
[Sat Nov 22 07:00:02 PM PST 2025] Changes detected — committing...
[main 78cddbe] Auto sync: 2025-11-22 19:00:02
 1 file changed, 14 insertions(+)
[Sat Nov 22 07:00:02 PM PST 2025] Pushing to GitHub...
To github.com:haunter-actual/haunter-actual.github.io.git
   4ec6f2f..78cddbe  main -> main
[Sat Nov 22 07:00:04 PM PST 2025] Push complete.
[Sat Nov 22 07:30:01 PM PST 2025] Starting auto-push...
From github.com:haunter-actual/haunter-actual.github.io
 * branch            main       -> FETCH_HEAD
error: cannot rebase: You have unstaged changes.
error: Please commit or stash them.
Already up to date.
warning: in the working copy of 'autopush.log', CRLF will be replaced by LF the next time Git touches it
[Sat Nov 22 07:30:03 PM PST 2025] Changes detected — committing...
[main 10d6312] Auto sync: 2025-11-22 19:30:03
 1 file changed, 14 insertions(+)
[Sat Nov 22 07:30:03 PM PST 2025] Pushing to GitHub...
To github.com:haunter-actual/haunter-actual.github.io.git
   78cddbe..10d6312  main -> main
[Sat Nov 22 07:30:04 PM PST 2025] Push complete.
[Sat Nov 22 08:00:01 PM PST 2025] Starting auto-push...
From github.com:haunter-actual/haunter-actual.github.io
 * branch            main       -> FETCH_HEAD
error: cannot rebase: You have unstaged changes.
error: Please commit or stash them.
Already up to date.
warning: in the working copy of 'autopush.log', CRLF will be replaced by LF the next time Git touches it
[Sat Nov 22 08:00:03 PM PST 2025] Changes detected — committing...
[main f0b5d13] Auto sync: 2025-11-22 20:00:03
 1 file changed, 14 insertions(+)
[Sat Nov 22 08:00:03 PM PST 2025] Pushing to GitHub...
To github.com:haunter-actual/haunter-actual.github.io.git
   10d6312..f0b5d13  main -> main
[Sat Nov 22 08:00:04 PM PST 2025] Push complete.
[Sat Nov 22 08:30:01 PM PST 2025] Starting auto-push...
From github.com:haunter-actual/haunter-actual.github.io
 * branch            main       -> FETCH_HEAD
error: cannot rebase: You have unstaged changes.
error: Please commit or stash them.
Already up to date.
warning: in the working copy of 'autopush.log', CRLF will be replaced by LF the next time Git touches it
[Sat Nov 22 08:30:02 PM PST 2025] Changes detected — committing...
[main 2509e22] Auto sync: 2025-11-22 20:30:02
 1 file changed, 14 insertions(+)
[Sat Nov 22 08:30:03 PM PST 2025] Pushing to GitHub...
To github.com:haunter-actual/haunter-actual.github.io.git
   f0b5d13..2509e22  main -> main
[Sat Nov 22 08:30:04 PM PST 2025] Push complete.
[Sat Nov 22 09:00:01 PM PST 2025] Starting auto-push...
From github.com:haunter-actual/haunter-actual.github.io
 * branch            main       -> FETCH_HEAD
error: cannot rebase: You have unstaged changes.
error: Please commit or stash them.
Already up to date.
warning: in the working copy of 'autopush.log', CRLF will be replaced by LF the next time Git touches it
[Sat Nov 22 09:00:02 PM PST 2025] Changes detected — committing...
[main 6bc515b] Auto sync: 2025-11-22 21:00:02
 1 file changed, 14 insertions(+)
[Sat Nov 22 09:00:02 PM PST 2025] Pushing to GitHub...
To github.com:haunter-actual/haunter-actual.github.io.git
   2509e22..6bc515b  main -> main
[Sat Nov 22 09:00:04 PM PST 2025] Push complete.
[Sat Nov 22 09:30:01 PM PST 2025] Starting auto-push...
From github.com:haunter-actual/haunter-actual.github.io
 * branch            main       -> FETCH_HEAD
error: cannot rebase: You have unstaged changes.
error: Please commit or stash them.
Already up to date.
warning: in the working copy of 'autopush.log', CRLF will be replaced by LF the next time Git touches it
[Sat Nov 22 09:30:02 PM PST 2025] Changes detected — committing...
[main 17c1b4d] Auto sync: 2025-11-22 21:30:02
 1 file changed, 14 insertions(+)
[Sat Nov 22 09:30:02 PM PST 2025] Pushing to GitHub...
To github.com:haunter-actual/haunter-actual.github.io.git
   6bc515b..17c1b4d  main -> main
[Sat Nov 22 09:30:04 PM PST 2025] Push complete.
[Sat Nov 22 10:00:01 PM PST 2025] Starting auto-push...
From github.com:haunter-actual/haunter-actual.github.io
 * branch            main       -> FETCH_HEAD
error: cannot rebase: You have unstaged changes.
error: Please commit or stash them.
Already up to date.
warning: in the working copy of 'autopush.log', CRLF will be replaced by LF the next time Git touches it
[Sat Nov 22 10:00:02 PM PST 2025] Changes detected — committing...
[main 7f51549] Auto sync: 2025-11-22 22:00:02
 1 file changed, 14 insertions(+)
[Sat Nov 22 10:00:02 PM PST 2025] Pushing to GitHub...
To github.com:haunter-actual/haunter-actual.github.io.git
   17c1b4d..7f51549  main -> main
[Sat Nov 22 10:00:04 PM PST 2025] Push complete.
[Sat Nov 22 10:30:01 PM PST 2025] Starting auto-push...
From github.com:haunter-actual/haunter-actual.github.io
 * branch            main       -> FETCH_HEAD
error: cannot rebase: You have unstaged changes.
error: Please commit or stash them.
Already up to date.
warning: in the working copy of 'autopush.log', CRLF will be replaced by LF the next time Git touches it
[Sat Nov 22 10:30:02 PM PST 2025] Changes detected — committing...
[main 9e55202] Auto sync: 2025-11-22 22:30:02
 1 file changed, 14 insertions(+)
[Sat Nov 22 10:30:02 PM PST 2025] Pushing to GitHub...
To github.com:haunter-actual/haunter-actual.github.io.git
   7f51549..9e55202  main -> main
[Sat Nov 22 10:30:04 PM PST 2025] Push complete.
[Sat Nov 22 11:00:01 PM PST 2025] Starting auto-push...
From github.com:haunter-actual/haunter-actual.github.io
 * branch            main       -> FETCH_HEAD
error: cannot rebase: You have unstaged changes.
error: Please commit or stash them.
Already up to date.
warning: in the working copy of 'autopush.log', CRLF will be replaced by LF the next time Git touches it
[Sat Nov 22 11:00:03 PM PST 2025] Changes detected — committing...
[main 594c6fa] Auto sync: 2025-11-22 23:00:03
 1 file changed, 14 insertions(+)
[Sat Nov 22 11:00:03 PM PST 2025] Pushing to GitHub...
To github.com:haunter-actual/haunter-actual.github.io.git
   9e55202..594c6fa  main -> main
[Sat Nov 22 11:00:04 PM PST 2025] Push complete.
[Sat Nov 22 11:30:01 PM PST 2025] Starting auto-push...
From github.com:haunter-actual/haunter-actual.github.io
 * branch            main       -> FETCH_HEAD
error: cannot rebase: You have unstaged changes.
error: Please commit or stash them.
Already up to date.
warning: in the working copy of 'autopush.log', CRLF will be replaced by LF the next time Git touches it
[Sat Nov 22 11:30:02 PM PST 2025] Changes detected — committing...
[main cf5410a] Auto sync: 2025-11-22 23:30:02
 1 file changed, 14 insertions(+)
[Sat Nov 22 11:30:02 PM PST 2025] Pushing to GitHub...
To github.com:haunter-actual/haunter-actual.github.io.git
   594c6fa..cf5410a  main -> main
[Sat Nov 22 11:30:04 PM PST 2025] Push complete.
[Sun Nov 23 12:00:01 AM PST 2025] Starting auto-push...
From github.com:haunter-actual/haunter-actual.github.io
 * branch            main       -> FETCH_HEAD
error: cannot rebase: You have unstaged changes.
error: Please commit or stash them.
Already up to date.
warning: in the working copy of 'autopush.log', CRLF will be replaced by LF the next time Git touches it
[Sun Nov 23 12:00:02 AM PST 2025] Changes detected — committing...
[main ba022c6] Auto sync: 2025-11-23 00:00:02
 1 file changed, 14 insertions(+)
[Sun Nov 23 12:00:02 AM PST 2025] Pushing to GitHub...
To github.com:haunter-actual/haunter-actual.github.io.git
   cf5410a..ba022c6  main -> main
[Sun Nov 23 12:00:04 AM PST 2025] Push complete.
[Sun Nov 23 12:30:01 AM PST 2025] Starting auto-push...
From github.com:haunter-actual/haunter-actual.github.io
 * branch            main       -> FETCH_HEAD
error: cannot rebase: You have unstaged changes.
error: Please commit or stash them.
Already up to date.
warning: in the working copy of 'autopush.log', CRLF will be replaced by LF the next time Git touches it
[Sun Nov 23 12:30:02 AM PST 2025] Changes detected — committing...
[main b745e4f] Auto sync: 2025-11-23 00:30:02
 1 file changed, 14 insertions(+)
[Sun Nov 23 12:30:02 AM PST 2025] Pushing to GitHub...
To github.com:haunter-actual/haunter-actual.github.io.git
   ba022c6..b745e4f  main -> main
[Sun Nov 23 12:30:04 AM PST 2025] Push complete.
[Sun Nov 23 01:00:01 AM PST 2025] Starting auto-push...
From github.com:haunter-actual/haunter-actual.github.io
 * branch            main       -> FETCH_HEAD
error: cannot rebase: You have unstaged changes.
error: Please commit or stash them.
Already up to date.
warning: in the working copy of 'autopush.log', CRLF will be replaced by LF the next time Git touches it
[Sun Nov 23 01:00:03 AM PST 2025] Changes detected — committing...
[main fc93236] Auto sync: 2025-11-23 01:00:03
 1 file changed, 14 insertions(+)
[Sun Nov 23 01:00:03 AM PST 2025] Pushing to GitHub...
To github.com:haunter-actual/haunter-actual.github.io.git
   b745e4f..fc93236  main -> main
[Sun Nov 23 01:00:04 AM PST 2025] Push complete.
[Sun Nov 23 01:30:01 AM PST 2025] Starting auto-push...
From github.com:haunter-actual/haunter-actual.github.io
 * branch            main       -> FETCH_HEAD
error: cannot rebase: You have unstaged changes.
error: Please commit or stash them.
Already up to date.
warning: in the working copy of 'autopush.log', CRLF will be replaced by LF the next time Git touches it
[Sun Nov 23 01:30:03 AM PST 2025] Changes detected — committing...
[main 32851a7] Auto sync: 2025-11-23 01:30:03
 1 file changed, 14 insertions(+)
[Sun Nov 23 01:30:03 AM PST 2025] Pushing to GitHub...
To github.com:haunter-actual/haunter-actual.github.io.git
   fc93236..32851a7  main -> main
[Sun Nov 23 01:30:04 AM PST 2025] Push complete.
[Sun Nov 23 02:00:01 AM PST 2025] Starting auto-push...
From github.com:haunter-actual/haunter-actual.github.io
 * branch            main       -> FETCH_HEAD
error: cannot rebase: You have unstaged changes.
error: Please commit or stash them.
Already up to date.
warning: in the working copy of 'autopush.log', CRLF will be replaced by LF the next time Git touches it
[Sun Nov 23 02:00:03 AM PST 2025] Changes detected — committing...
[main dee5903] Auto sync: 2025-11-23 02:00:03
 1 file changed, 14 insertions(+)
[Sun Nov 23 02:00:03 AM PST 2025] Pushing to GitHub...
To github.com:haunter-actual/haunter-actual.github.io.git
   32851a7..dee5903  main -> main
[Sun Nov 23 02:00:04 AM PST 2025] Push complete.
[Sun Nov 23 02:30:01 AM PST 2025] Starting auto-push...
From github.com:haunter-actual/haunter-actual.github.io
 * branch            main       -> FETCH_HEAD
error: cannot rebase: You have unstaged changes.
error: Please commit or stash them.
Already up to date.
warning: in the working copy of 'autopush.log', CRLF will be replaced by LF the next time Git touches it
[Sun Nov 23 02:30:02 AM PST 2025] Changes detected — committing...
[main 9fc6062] Auto sync: 2025-11-23 02:30:02
 1 file changed, 14 insertions(+)
[Sun Nov 23 02:30:02 AM PST 2025] Pushing to GitHub...
To github.com:haunter-actual/haunter-actual.github.io.git
   dee5903..9fc6062  main -> main
[Sun Nov 23 02:30:04 AM PST 2025] Push complete.
[Sun Nov 23 03:00:01 AM PST 2025] Starting auto-push...
From github.com:haunter-actual/haunter-actual.github.io
 * branch            main       -> FETCH_HEAD
error: cannot rebase: You have unstaged changes.
error: Please commit or stash them.
Already up to date.
warning: in the working copy of 'autopush.log', CRLF will be replaced by LF the next time Git touches it
[Sun Nov 23 03:00:02 AM PST 2025] Changes detected — committing...
[main d52edfa] Auto sync: 2025-11-23 03:00:02
 1 file changed, 14 insertions(+)
[Sun Nov 23 03:00:02 AM PST 2025] Pushing to GitHub...
To github.com:haunter-actual/haunter-actual.github.io.git
   9fc6062..d52edfa  main -> main
[Sun Nov 23 03:00:03 AM PST 2025] Push complete.
[Sun Nov 23 03:30:01 AM PST 2025] Starting auto-push...
From github.com:haunter-actual/haunter-actual.github.io
 * branch            main       -> FETCH_HEAD
error: cannot rebase: You have unstaged changes.
error: Please commit or stash them.
Already up to date.
warning: in the working copy of 'autopush.log', CRLF will be replaced by LF the next time Git touches it
[Sun Nov 23 03:30:02 AM PST 2025] Changes detected — committing...
[main edbc818] Auto sync: 2025-11-23 03:30:02
 1 file changed, 14 insertions(+)
[Sun Nov 23 03:30:02 AM PST 2025] Pushing to GitHub...
To github.com:haunter-actual/haunter-actual.github.io.git
   d52edfa..edbc818  main -> main
[Sun Nov 23 03:30:04 AM PST 2025] Push complete.
[Sun Nov 23 04:00:02 AM PST 2025] Starting auto-push...
From github.com:haunter-actual/haunter-actual.github.io
 * branch            main       -> FETCH_HEAD
error: cannot rebase: You have unstaged changes.
error: Please commit or stash them.
Already up to date.
warning: in the working copy of 'autopush.log', CRLF will be replaced by LF the next time Git touches it
[Sun Nov 23 04:00:03 AM PST 2025] Changes detected — committing...
[main 1b05a25] Auto sync: 2025-11-23 04:00:03
 1 file changed, 14 insertions(+)
[Sun Nov 23 04:00:03 AM PST 2025] Pushing to GitHub...
To github.com:haunter-actual/haunter-actual.github.io.git
   edbc818..1b05a25  main -> main
[Sun Nov 23 04:00:04 AM PST 2025] Push complete.
[Sun Nov 23 04:30:01 AM PST 2025] Starting auto-push...
From github.com:haunter-actual/haunter-actual.github.io
 * branch            main       -> FETCH_HEAD
error: cannot rebase: You have unstaged changes.
error: Please commit or stash them.
Already up to date.
warning: in the working copy of 'autopush.log', CRLF will be replaced by LF the next time Git touches it
[Sun Nov 23 04:30:02 AM PST 2025] Changes detected — committing...
[main eace466] Auto sync: 2025-11-23 04:30:02
 1 file changed, 14 insertions(+)
[Sun Nov 23 04:30:02 AM PST 2025] Pushing to GitHub...
To github.com:haunter-actual/haunter-actual.github.io.git
   1b05a25..eace466  main -> main
[Sun Nov 23 04:30:03 AM PST 2025] Push complete.
[Sun Nov 23 05:00:01 AM PST 2025] Starting auto-push...
From github.com:haunter-actual/haunter-actual.github.io
 * branch            main       -> FETCH_HEAD
error: cannot rebase: You have unstaged changes.
error: Please commit or stash them.
Already up to date.
warning: in the working copy of 'autopush.log', CRLF will be replaced by LF the next time Git touches it
[Sun Nov 23 05:00:02 AM PST 2025] Changes detected — committing...
[main 8525087] Auto sync: 2025-11-23 05:00:02
 1 file changed, 14 insertions(+)
[Sun Nov 23 05:00:02 AM PST 2025] Pushing to GitHub...
To github.com:haunter-actual/haunter-actual.github.io.git
   eace466..8525087  main -> main
[Sun Nov 23 05:00:04 AM PST 2025] Push complete.
[Sun Nov 23 05:30:01 AM PST 2025] Starting auto-push...
From github.com:haunter-actual/haunter-actual.github.io
 * branch            main       -> FETCH_HEAD
error: cannot rebase: You have unstaged changes.
error: Please commit or stash them.
Already up to date.
warning: in the working copy of 'autopush.log', CRLF will be replaced by LF the next time Git touches it
[Sun Nov 23 05:30:02 AM PST 2025] Changes detected — committing...
[main 025a556] Auto sync: 2025-11-23 05:30:02
 1 file changed, 14 insertions(+)
[Sun Nov 23 05:30:02 AM PST 2025] Pushing to GitHub...
To github.com:haunter-actual/haunter-actual.github.io.git
   8525087..025a556  main -> main
[Sun Nov 23 05:30:04 AM PST 2025] Push complete.
[Sun Nov 23 06:00:01 AM PST 2025] Starting auto-push...
From github.com:haunter-actual/haunter-actual.github.io
 * branch            main       -> FETCH_HEAD
error: cannot rebase: You have unstaged changes.
error: Please commit or stash them.
Already up to date.
warning: in the working copy of 'autopush.log', CRLF will be replaced by LF the next time Git touches it
[Sun Nov 23 06:00:02 AM PST 2025] Changes detected — committing...
[main da6c57e] Auto sync: 2025-11-23 06:00:02
 1 file changed, 14 insertions(+)
[Sun Nov 23 06:00:02 AM PST 2025] Pushing to GitHub...
To github.com:haunter-actual/haunter-actual.github.io.git
   025a556..da6c57e  main -> main
[Sun Nov 23 06:00:03 AM PST 2025] Push complete.
[Sun Nov 23 06:30:01 AM PST 2025] Starting auto-push...
From github.com:haunter-actual/haunter-actual.github.io
 * branch            main       -> FETCH_HEAD
error: cannot rebase: You have unstaged changes.
error: Please commit or stash them.
Already up to date.
warning: in the working copy of 'autopush.log', CRLF will be replaced by LF the next time Git touches it
[Sun Nov 23 06:30:02 AM PST 2025] Changes detected — committing...
[main d233794] Auto sync: 2025-11-23 06:30:02
 1 file changed, 14 insertions(+)
[Sun Nov 23 06:30:02 AM PST 2025] Pushing to GitHub...
To github.com:haunter-actual/haunter-actual.github.io.git
   da6c57e..d233794  main -> main
[Sun Nov 23 06:30:04 AM PST 2025] Push complete.
[Sun Nov 23 07:00:01 AM PST 2025] Starting auto-push...
From github.com:haunter-actual/haunter-actual.github.io
 * branch            main       -> FETCH_HEAD
error: cannot rebase: You have unstaged changes.
error: Please commit or stash them.
Already up to date.
warning: in the working copy of 'autopush.log', CRLF will be replaced by LF the next time Git touches it
[Sun Nov 23 07:00:03 AM PST 2025] Changes detected — committing...
[main 1e9f0e0] Auto sync: 2025-11-23 07:00:03
 1 file changed, 14 insertions(+)
[Sun Nov 23 07:00:03 AM PST 2025] Pushing to GitHub...
To github.com:haunter-actual/haunter-actual.github.io.git
   d233794..1e9f0e0  main -> main
[Sun Nov 23 07:00:04 AM PST 2025] Push complete.
[Sun Nov 23 07:30:01 AM PST 2025] Starting auto-push...
From github.com:haunter-actual/haunter-actual.github.io
 * branch            main       -> FETCH_HEAD
error: cannot rebase: You have unstaged changes.
error: Please commit or stash them.
Already up to date.
warning: in the working copy of 'autopush.log', CRLF will be replaced by LF the next time Git touches it
[Sun Nov 23 07:30:02 AM PST 2025] Changes detected — committing...
[main f145506] Auto sync: 2025-11-23 07:30:02
 1 file changed, 14 insertions(+)
[Sun Nov 23 07:30:02 AM PST 2025] Pushing to GitHub...
To github.com:haunter-actual/haunter-actual.github.io.git
   1e9f0e0..f145506  main -> main
[Sun Nov 23 07:30:04 AM PST 2025] Push complete.
[Sun Nov 23 08:00:01 AM PST 2025] Starting auto-push...
From github.com:haunter-actual/haunter-actual.github.io
 * branch            main       -> FETCH_HEAD
error: cannot rebase: You have unstaged changes.
error: Please commit or stash them.
Already up to date.
warning: in the working copy of 'autopush.log', CRLF will be replaced by LF the next time Git touches it
[Sun Nov 23 08:00:02 AM PST 2025] Changes detected — committing...
[main 566997a] Auto sync: 2025-11-23 08:00:02
 1 file changed, 14 insertions(+)
[Sun Nov 23 08:00:02 AM PST 2025] Pushing to GitHub...
To github.com:haunter-actual/haunter-actual.github.io.git
   f145506..566997a  main -> main
[Sun Nov 23 08:00:04 AM PST 2025] Push complete.
[Sun Nov 23 08:30:01 AM PST 2025] Starting auto-push...
From github.com:haunter-actual/haunter-actual.github.io
 * branch            main       -> FETCH_HEAD
error: cannot rebase: You have unstaged changes.
error: Please commit or stash them.
Already up to date.
warning: in the working copy of 'autopush.log', CRLF will be replaced by LF the next time Git touches it
[Sun Nov 23 08:30:03 AM PST 2025] Changes detected — committing...
[main 42ec8f8] Auto sync: 2025-11-23 08:30:03
 1 file changed, 14 insertions(+)
[Sun Nov 23 08:30:03 AM PST 2025] Pushing to GitHub...
To github.com:haunter-actual/haunter-actual.github.io.git
   566997a..42ec8f8  main -> main
[Sun Nov 23 08:30:04 AM PST 2025] Push complete.
[Sun Nov 23 09:00:01 AM PST 2025] Starting auto-push...
From github.com:haunter-actual/haunter-actual.github.io
 * branch            main       -> FETCH_HEAD
error: cannot rebase: You have unstaged changes.
error: Please commit or stash them.
Already up to date.
warning: in the working copy of 'autopush.log', CRLF will be replaced by LF the next time Git touches it
[Sun Nov 23 09:00:02 AM PST 2025] Changes detected — committing...
[main bab3a84] Auto sync: 2025-11-23 09:00:02
 1 file changed, 14 insertions(+)
[Sun Nov 23 09:00:02 AM PST 2025] Pushing to GitHub...
To github.com:haunter-actual/haunter-actual.github.io.git
   42ec8f8..bab3a84  main -> main
[Sun Nov 23 09:00:04 AM PST 2025] Push complete.
[Sun Nov 23 09:30:01 AM PST 2025] Starting auto-push...
From github.com:haunter-actual/haunter-actual.github.io
 * branch            main       -> FETCH_HEAD
error: cannot rebase: You have unstaged changes.
error: Please commit or stash them.
Already up to date.
warning: in the working copy of 'autopush.log', CRLF will be replaced by LF the next time Git touches it
[Sun Nov 23 09:30:02 AM PST 2025] Changes detected — committing...
[main de55a02] Auto sync: 2025-11-23 09:30:02
 1 file changed, 14 insertions(+)
[Sun Nov 23 09:30:02 AM PST 2025] Pushing to GitHub...
To github.com:haunter-actual/haunter-actual.github.io.git
   bab3a84..de55a02  main -> main
[Sun Nov 23 09:30:04 AM PST 2025] Push complete.
[Sun Nov 23 10:00:01 AM PST 2025] Starting auto-push...
From github.com:haunter-actual/haunter-actual.github.io
 * branch            main       -> FETCH_HEAD
error: cannot rebase: You have unstaged changes.
error: Please commit or stash them.
Already up to date.
warning: in the working copy of 'autopush.log', CRLF will be replaced by LF the next time Git touches it
[Sun Nov 23 10:00:02 AM PST 2025] Changes detected — committing...
[main d65f059] Auto sync: 2025-11-23 10:00:02
 1 file changed, 14 insertions(+)
[Sun Nov 23 10:00:02 AM PST 2025] Pushing to GitHub...
To github.com:haunter-actual/haunter-actual.github.io.git
   de55a02..d65f059  main -> main
[Sun Nov 23 10:00:04 AM PST 2025] Push complete.
[Sun Nov 23 10:30:01 AM PST 2025] Starting auto-push...
From github.com:haunter-actual/haunter-actual.github.io
 * branch            main       -> FETCH_HEAD
error: cannot rebase: You have unstaged changes.
error: Please commit or stash them.
Already up to date.
warning: in the working copy of 'autopush.log', CRLF will be replaced by LF the next time Git touches it
[Sun Nov 23 10:30:02 AM PST 2025] Changes detected — committing...
[main 72eec97] Auto sync: 2025-11-23 10:30:02
 1 file changed, 14 insertions(+)
[Sun Nov 23 10:30:02 AM PST 2025] Pushing to GitHub...
To github.com:haunter-actual/haunter-actual.github.io.git
   d65f059..72eec97  main -> main
[Sun Nov 23 10:30:04 AM PST 2025] Push complete.
[Sun Nov 23 11:00:01 AM PST 2025] Starting auto-push...
From github.com:haunter-actual/haunter-actual.github.io
 * branch            main       -> FETCH_HEAD
error: cannot rebase: You have unstaged changes.
error: Please commit or stash them.
Already up to date.
warning: in the working copy of 'autopush.log', CRLF will be replaced by LF the next time Git touches it
[Sun Nov 23 11:00:03 AM PST 2025] Changes detected — committing...
[main ae8ef96] Auto sync: 2025-11-23 11:00:03
 1 file changed, 14 insertions(+)
[Sun Nov 23 11:00:03 AM PST 2025] Pushing to GitHub...
To github.com:haunter-actual/haunter-actual.github.io.git
   72eec97..ae8ef96  main -> main
[Sun Nov 23 11:00:04 AM PST 2025] Push complete.
[Sun Nov 23 11:30:01 AM PST 2025] Starting auto-push...
From github.com:haunter-actual/haunter-actual.github.io
 * branch            main       -> FETCH_HEAD
error: cannot rebase: You have unstaged changes.
error: Please commit or stash them.
Already up to date.
warning: in the working copy of 'autopush.log', CRLF will be replaced by LF the next time Git touches it
[Sun Nov 23 11:30:03 AM PST 2025] Changes detected — committing...
[main b950a37] Auto sync: 2025-11-23 11:30:03
 1 file changed, 14 insertions(+)
[Sun Nov 23 11:30:03 AM PST 2025] Pushing to GitHub...
To github.com:haunter-actual/haunter-actual.github.io.git
   ae8ef96..b950a37  main -> main
[Sun Nov 23 11:30:04 AM PST 2025] Push complete.
[Sun Nov 23 12:00:01 PM PST 2025] Starting auto-push...
From github.com:haunter-actual/haunter-actual.github.io
 * branch            main       -> FETCH_HEAD
error: cannot rebase: You have unstaged changes.
error: Please commit or stash them.
Already up to date.
warning: in the working copy of 'autopush.log', CRLF will be replaced by LF the next time Git touches it
[Sun Nov 23 12:00:02 PM PST 2025] Changes detected — committing...
[main 5ef8596] Auto sync: 2025-11-23 12:00:02
 1 file changed, 14 insertions(+)
[Sun Nov 23 12:00:02 PM PST 2025] Pushing to GitHub...
To github.com:haunter-actual/haunter-actual.github.io.git
   b950a37..5ef8596  main -> main
[Sun Nov 23 12:00:04 PM PST 2025] Push complete.
[Sun Nov 23 12:30:01 PM PST 2025] Starting auto-push...
From github.com:haunter-actual/haunter-actual.github.io
 * branch            main       -> FETCH_HEAD
error: cannot rebase: You have unstaged changes.
error: Please commit or stash them.
Already up to date.
warning: in the working copy of 'autopush.log', CRLF will be replaced by LF the next time Git touches it
[Sun Nov 23 12:30:02 PM PST 2025] Changes detected — committing...
[main 66210bc] Auto sync: 2025-11-23 12:30:02
 1 file changed, 14 insertions(+)
[Sun Nov 23 12:30:02 PM PST 2025] Pushing to GitHub...
To github.com:haunter-actual/haunter-actual.github.io.git
   5ef8596..66210bc  main -> main
[Sun Nov 23 12:30:04 PM PST 2025] Push complete.
[Sun Nov 23 01:00:01 PM PST 2025] Starting auto-push...
From github.com:haunter-actual/haunter-actual.github.io
 * branch            main       -> FETCH_HEAD
error: cannot rebase: You have unstaged changes.
error: Please commit or stash them.
Already up to date.
warning: in the working copy of 'autopush.log', CRLF will be replaced by LF the next time Git touches it
[Sun Nov 23 01:00:02 PM PST 2025] Changes detected — committing...
[main b874184] Auto sync: 2025-11-23 13:00:02
 1 file changed, 14 insertions(+)
[Sun Nov 23 01:00:02 PM PST 2025] Pushing to GitHub...
To github.com:haunter-actual/haunter-actual.github.io.git
   66210bc..b874184  main -> main
[Sun Nov 23 01:00:03 PM PST 2025] Push complete.
[Sun Nov 23 01:30:01 PM PST 2025] Starting auto-push...
From github.com:haunter-actual/haunter-actual.github.io
 * branch            main       -> FETCH_HEAD
error: cannot rebase: You have unstaged changes.
error: Please commit or stash them.
Already up to date.
warning: in the working copy of 'autopush.log', CRLF will be replaced by LF the next time Git touches it
[Sun Nov 23 01:30:03 PM PST 2025] Changes detected — committing...
[main 1bed7bc] Auto sync: 2025-11-23 13:30:03
 1 file changed, 14 insertions(+)
[Sun Nov 23 01:30:03 PM PST 2025] Pushing to GitHub...
To github.com:haunter-actual/haunter-actual.github.io.git
   b874184..1bed7bc  main -> main
[Sun Nov 23 01:30:04 PM PST 2025] Push complete.
[Sun Nov 23 02:00:01 PM PST 2025] Starting auto-push...
From github.com:haunter-actual/haunter-actual.github.io
 * branch            main       -> FETCH_HEAD
error: cannot rebase: You have unstaged changes.
error: Please commit or stash them.
Already up to date.
warning: in the working copy of 'autopush.log', CRLF will be replaced by LF the next time Git touches it
[Sun Nov 23 02:00:02 PM PST 2025] Changes detected — committing...
[main 657f860] Auto sync: 2025-11-23 14:00:02
 1 file changed, 14 insertions(+)
[Sun Nov 23 02:00:02 PM PST 2025] Pushing to GitHub...
To github.com:haunter-actual/haunter-actual.github.io.git
   1bed7bc..657f860  main -> main
[Sun Nov 23 02:00:03 PM PST 2025] Push complete.
[Sun Nov 23 02:30:01 PM PST 2025] Starting auto-push...
From github.com:haunter-actual/haunter-actual.github.io
 * branch            main       -> FETCH_HEAD
error: cannot rebase: You have unstaged changes.
error: Please commit or stash them.
Already up to date.
warning: in the working copy of 'autopush.log', CRLF will be replaced by LF the next time Git touches it
[Sun Nov 23 02:30:03 PM PST 2025] Changes detected — committing...
[main 860ed98] Auto sync: 2025-11-23 14:30:03
 1 file changed, 14 insertions(+)
[Sun Nov 23 02:30:03 PM PST 2025] Pushing to GitHub...
To github.com:haunter-actual/haunter-actual.github.io.git
   657f860..860ed98  main -> main
[Sun Nov 23 02:30:04 PM PST 2025] Push complete.
[Sun Nov 23 03:00:01 PM PST 2025] Starting auto-push...
From github.com:haunter-actual/haunter-actual.github.io
 * branch            main       -> FETCH_HEAD
error: cannot rebase: You have unstaged changes.
error: Please commit or stash them.
Already up to date.
warning: in the working copy of 'autopush.log', CRLF will be replaced by LF the next time Git touches it
[Sun Nov 23 03:00:02 PM PST 2025] Changes detected — committing...
[main 9227c66] Auto sync: 2025-11-23 15:00:02
 1 file changed, 14 insertions(+)
[Sun Nov 23 03:00:02 PM PST 2025] Pushing to GitHub...
To github.com:haunter-actual/haunter-actual.github.io.git
   860ed98..9227c66  main -> main
[Sun Nov 23 03:00:04 PM PST 2025] Push complete.
[Sun Nov 23 03:30:01 PM PST 2025] Starting auto-push...
From github.com:haunter-actual/haunter-actual.github.io
 * branch            main       -> FETCH_HEAD
error: cannot rebase: You have unstaged changes.
error: Please commit or stash them.
Already up to date.
warning: in the working copy of 'autopush.log', CRLF will be replaced by LF the next time Git touches it
[Sun Nov 23 03:30:03 PM PST 2025] Changes detected — committing...
[main b5b9d4d] Auto sync: 2025-11-23 15:30:03
 1 file changed, 14 insertions(+)
[Sun Nov 23 03:30:03 PM PST 2025] Pushing to GitHub...
To github.com:haunter-actual/haunter-actual.github.io.git
   9227c66..b5b9d4d  main -> main
[Sun Nov 23 03:30:04 PM PST 2025] Push complete.
[Sun Nov 23 04:00:01 PM PST 2025] Starting auto-push...
From github.com:haunter-actual/haunter-actual.github.io
 * branch            main       -> FETCH_HEAD
error: cannot rebase: You have unstaged changes.
error: Please commit or stash them.
Already up to date.
warning: in the working copy of 'autopush.log', CRLF will be replaced by LF the next time Git touches it
[Sun Nov 23 04:00:02 PM PST 2025] Changes detected — committing...
[main 3241657] Auto sync: 2025-11-23 16:00:02
 1 file changed, 14 insertions(+)
[Sun Nov 23 04:00:02 PM PST 2025] Pushing to GitHub...
To github.com:haunter-actual/haunter-actual.github.io.git
   b5b9d4d..3241657  main -> main
[Sun Nov 23 04:00:04 PM PST 2025] Push complete.
[Sun Nov 23 04:30:01 PM PST 2025] Starting auto-push...
From github.com:haunter-actual/haunter-actual.github.io
 * branch            main       -> FETCH_HEAD
error: cannot rebase: You have unstaged changes.
error: Please commit or stash them.
Already up to date.
warning: in the working copy of 'autopush.log', CRLF will be replaced by LF the next time Git touches it
[Sun Nov 23 04:30:03 PM PST 2025] Changes detected — committing...
[main 0f4eb80] Auto sync: 2025-11-23 16:30:03
 1 file changed, 14 insertions(+)
[Sun Nov 23 04:30:03 PM PST 2025] Pushing to GitHub...
To github.com:haunter-actual/haunter-actual.github.io.git
   3241657..0f4eb80  main -> main
[Sun Nov 23 04:30:04 PM PST 2025] Push complete.
[Mon Nov 24 12:00:01 PM PST 2025] Starting auto-push...
From github.com:haunter-actual/haunter-actual.github.io
 * branch            main       -> FETCH_HEAD
error: cannot rebase: You have unstaged changes.
error: Please commit or stash them.
Already up to date.
warning: in the working copy of 'autopush.log', CRLF will be replaced by LF the next time Git touches it
[Mon Nov 24 12:00:02 PM PST 2025] Changes detected — committing...
[main 302ba31] Auto sync: 2025-11-24 12:00:02
 1 file changed, 14 insertions(+)
[Mon Nov 24 12:00:02 PM PST 2025] Pushing to GitHub...
To github.com:haunter-actual/haunter-actual.github.io.git
   0f4eb80..302ba31  main -> main
[Mon Nov 24 12:00:04 PM PST 2025] Push complete.
[Mon Nov 24 12:30:01 PM PST 2025] Starting auto-push...
From github.com:haunter-actual/haunter-actual.github.io
 * branch            main       -> FETCH_HEAD
error: cannot rebase: You have unstaged changes.
error: Please commit or stash them.
Already up to date.
warning: in the working copy of 'autopush.log', CRLF will be replaced by LF the next time Git touches it
[Mon Nov 24 12:30:03 PM PST 2025] Changes detected — committing...
[main 101ba68] Auto sync: 2025-11-24 12:30:03
 1 file changed, 14 insertions(+)
[Mon Nov 24 12:30:03 PM PST 2025] Pushing to GitHub...
To github.com:haunter-actual/haunter-actual.github.io.git
   302ba31..101ba68  main -> main
[Mon Nov 24 12:30:04 PM PST 2025] Push complete.
[Mon Nov 24 01:00:01 PM PST 2025] Starting auto-push...
From github.com:haunter-actual/haunter-actual.github.io
 * branch            main       -> FETCH_HEAD
error: cannot rebase: You have unstaged changes.
error: Please commit or stash them.
Already up to date.
warning: in the working copy of 'autopush.log', CRLF will be replaced by LF the next time Git touches it
[Mon Nov 24 01:00:02 PM PST 2025] Changes detected — committing...
[main 5dcf3f3] Auto sync: 2025-11-24 13:00:02
 1 file changed, 14 insertions(+)
[Mon Nov 24 01:00:02 PM PST 2025] Pushing to GitHub...
To github.com:haunter-actual/haunter-actual.github.io.git
   101ba68..5dcf3f3  main -> main
[Mon Nov 24 01:00:04 PM PST 2025] Push complete.
[Mon Nov 24 01:30:01 PM PST 2025] Starting auto-push...
From github.com:haunter-actual/haunter-actual.github.io
 * branch            main       -> FETCH_HEAD
error: cannot rebase: You have unstaged changes.
error: Please commit or stash them.
Already up to date.
warning: in the working copy of 'autopush.log', CRLF will be replaced by LF the next time Git touches it
[Mon Nov 24 01:30:03 PM PST 2025] Changes detected — committing...
[main 648f8dc] Auto sync: 2025-11-24 13:30:03
 1 file changed, 14 insertions(+)
[Mon Nov 24 01:30:03 PM PST 2025] Pushing to GitHub...
To github.com:haunter-actual/haunter-actual.github.io.git
   5dcf3f3..648f8dc  main -> main
[Mon Nov 24 01:30:04 PM PST 2025] Push complete.
[Mon Nov 24 02:00:01 PM PST 2025] Starting auto-push...
From github.com:haunter-actual/haunter-actual.github.io
 * branch            main       -> FETCH_HEAD
error: cannot rebase: You have unstaged changes.
error: Please commit or stash them.
Already up to date.
warning: in the working copy of 'autopush.log', CRLF will be replaced by LF the next time Git touches it
[Mon Nov 24 02:00:02 PM PST 2025] Changes detected — committing...
[main af2f266] Auto sync: 2025-11-24 14:00:02
 1 file changed, 14 insertions(+)
[Mon Nov 24 02:00:02 PM PST 2025] Pushing to GitHub...
To github.com:haunter-actual/haunter-actual.github.io.git
   648f8dc..af2f266  main -> main
[Mon Nov 24 02:00:04 PM PST 2025] Push complete.
[Mon Nov 24 02:30:01 PM PST 2025] Starting auto-push...
From github.com:haunter-actual/haunter-actual.github.io
 * branch            main       -> FETCH_HEAD
error: cannot rebase: You have unstaged changes.
error: Please commit or stash them.
Already up to date.
warning: in the working copy of 'autopush.log', CRLF will be replaced by LF the next time Git touches it
[Mon Nov 24 02:30:03 PM PST 2025] Changes detected — committing...
[main 4b63c68] Auto sync: 2025-11-24 14:30:03
 1 file changed, 14 insertions(+)
[Mon Nov 24 02:30:03 PM PST 2025] Pushing to GitHub...
To github.com:haunter-actual/haunter-actual.github.io.git
   af2f266..4b63c68  main -> main
[Mon Nov 24 02:30:04 PM PST 2025] Push complete.
[Mon Nov 24 03:00:01 PM PST 2025] Starting auto-push...
From github.com:haunter-actual/haunter-actual.github.io
 * branch            main       -> FETCH_HEAD
error: cannot rebase: You have unstaged changes.
error: Please commit or stash them.
Already up to date.
warning: in the working copy of 'autopush.log', CRLF will be replaced by LF the next time Git touches it
[Mon Nov 24 03:00:02 PM PST 2025] Changes detected — committing...
[main 699e7ee] Auto sync: 2025-11-24 15:00:02
 1 file changed, 14 insertions(+)
[Mon Nov 24 03:00:03 PM PST 2025] Pushing to GitHub...
To github.com:haunter-actual/haunter-actual.github.io.git
   4b63c68..699e7ee  main -> main
[Mon Nov 24 03:00:04 PM PST 2025] Push complete.
[Mon Nov 24 03:30:01 PM PST 2025] Starting auto-push...
From github.com:haunter-actual/haunter-actual.github.io
 * branch            main       -> FETCH_HEAD
error: cannot rebase: You have unstaged changes.
error: Please commit or stash them.
Already up to date.
warning: in the working copy of 'autopush.log', CRLF will be replaced by LF the next time Git touches it
[Mon Nov 24 03:30:03 PM PST 2025] Changes detected — committing...
[main 3b6ac9d] Auto sync: 2025-11-24 15:30:03
 1 file changed, 14 insertions(+)
[Mon Nov 24 03:30:03 PM PST 2025] Pushing to GitHub...
To github.com:haunter-actual/haunter-actual.github.io.git
   699e7ee..3b6ac9d  main -> main
[Mon Nov 24 03:30:04 PM PST 2025] Push complete.
[Mon Nov 24 04:00:01 PM PST 2025] Starting auto-push...
From github.com:haunter-actual/haunter-actual.github.io
 * branch            main       -> FETCH_HEAD
error: cannot rebase: You have unstaged changes.
error: Please commit or stash them.
Already up to date.
warning: in the working copy of 'autopush.log', CRLF will be replaced by LF the next time Git touches it
[Mon Nov 24 04:00:02 PM PST 2025] Changes detected — committing...
[main e7c55d1] Auto sync: 2025-11-24 16:00:02
 1 file changed, 14 insertions(+)
[Mon Nov 24 04:00:02 PM PST 2025] Pushing to GitHub...
To github.com:haunter-actual/haunter-actual.github.io.git
   3b6ac9d..e7c55d1  main -> main
[Mon Nov 24 04:00:04 PM PST 2025] Push complete.
[Mon Nov 24 04:30:01 PM PST 2025] Starting auto-push...
From github.com:haunter-actual/haunter-actual.github.io
 * branch            main       -> FETCH_HEAD
error: cannot rebase: You have unstaged changes.
error: Please commit or stash them.
Already up to date.
warning: in the working copy of 'autopush.log', CRLF will be replaced by LF the next time Git touches it
[Mon Nov 24 04:30:03 PM PST 2025] Changes detected — committing...
[main 63f3af9] Auto sync: 2025-11-24 16:30:03
 1 file changed, 14 insertions(+)
[Mon Nov 24 04:30:03 PM PST 2025] Pushing to GitHub...
To github.com:haunter-actual/haunter-actual.github.io.git
   e7c55d1..63f3af9  main -> main
[Mon Nov 24 04:30:04 PM PST 2025] Push complete.
[Mon Nov 24 05:00:01 PM PST 2025] Starting auto-push...
From github.com:haunter-actual/haunter-actual.github.io
 * branch            main       -> FETCH_HEAD
error: cannot rebase: You have unstaged changes.
error: Please commit or stash them.
Already up to date.
warning: in the working copy of 'autopush.log', CRLF will be replaced by LF the next time Git touches it
[Mon Nov 24 05:00:03 PM PST 2025] Changes detected — committing...
[main 9c2d16d] Auto sync: 2025-11-24 17:00:03
 1 file changed, 14 insertions(+)
[Mon Nov 24 05:00:03 PM PST 2025] Pushing to GitHub...
To github.com:haunter-actual/haunter-actual.github.io.git
   63f3af9..9c2d16d  main -> main
[Mon Nov 24 05:00:05 PM PST 2025] Push complete.
[Tue Nov 25 07:00:01 AM PST 2025] Starting auto-push...
From github.com:haunter-actual/haunter-actual.github.io
 * branch            main       -> FETCH_HEAD
error: cannot rebase: You have unstaged changes.
error: Please commit or stash them.
Already up to date.
warning: in the working copy of 'autopush.log', CRLF will be replaced by LF the next time Git touches it
[Tue Nov 25 07:00:03 AM PST 2025] Changes detected — committing...
[main 418d795] Auto sync: 2025-11-25 07:00:03
 1 file changed, 14 insertions(+)
[Tue Nov 25 07:00:03 AM PST 2025] Pushing to GitHub...
To github.com:haunter-actual/haunter-actual.github.io.git
   9c2d16d..418d795  main -> main
[Tue Nov 25 07:00:05 AM PST 2025] Push complete.
[Tue Nov 25 07:30:01 AM PST 2025] Starting auto-push...
From github.com:haunter-actual/haunter-actual.github.io
 * branch            main       -> FETCH_HEAD
error: cannot rebase: You have unstaged changes.
error: Please commit or stash them.
Already up to date.
[Tue Jan 13 12:30:01 PM PST 2026] Starting auto-push...
From https://github.com/haunter-actual/haunter-actual.github.io
 * branch            main       -> FETCH_HEAD
error: cannot rebase: You have unstaged changes.
error: Please commit or stash them.
Already up to date.
[Tue Jan 13 12:30:02 PM PST 2026] Changes detected — committing...
[main 2cd4b3f] Auto sync: 2026-01-13 12:30:02
 1 file changed, 6 insertions(+)
[Tue Jan 13 12:30:02 PM PST 2026] Pushing to GitHub...
remote: Invalid username or token. Password authentication is not supported for Git operations.
fatal: Authentication failed for 'https://github.com/haunter-actual/haunter-actual.github.io.git/'
[Tue Jan 13 01:00:01 PM PST 2026] Starting auto-push...
From github.com:haunter-actual/haunter-actual.github.io
 * branch            main       -> FETCH_HEAD
error: cannot rebase: You have unstaged changes.
error: Please commit or stash them.
Already up to date.
[Tue Jan 13 01:00:02 PM PST 2026] Changes detected — committing...
[main 0acc978] Auto sync: 2026-01-13 13:00:02
 3 files changed, 7 insertions(+)
 create mode 100644 _tabs/.about.md.swp
[Tue Jan 13 01:00:02 PM PST 2026] Pushing to GitHub...
To github.com:haunter-actual/haunter-actual.github.io.git
   68b1069..0acc978  main -> main
[Tue Jan 13 01:00:04 PM PST 2026] Push complete.
[Tue Jan 13 01:30:01 PM PST 2026] Starting auto-push...
From github.com:haunter-actual/haunter-actual.github.io
 * branch            main       -> FETCH_HEAD
error: cannot rebase: You have unstaged changes.
error: Please commit or stash them.
Already up to date.
[Tue Jan 13 01:30:02 PM PST 2026] Changes detected — committing...
[main cfac5e5] Auto sync: 2026-01-13 13:30:02
 3 files changed, 19 insertions(+), 7 deletions(-)
 delete mode 100644 _tabs/.about.md.swp
[Tue Jan 13 01:30:02 PM PST 2026] Pushing to GitHub...
To github.com:haunter-actual/haunter-actual.github.io.git
   0acc978..cfac5e5  main -> main
[Tue Jan 13 01:30:04 PM PST 2026] Push complete.
[Tue Jan 13 02:00:01 PM PST 2026] Starting auto-push...
From github.com:haunter-actual/haunter-actual.github.io
 * branch            main       -> FETCH_HEAD
error: cannot rebase: You have unstaged changes.
error: Please commit or stash them.
Already up to date.
[Tue Jan 13 02:00:03 PM PST 2026] Changes detected — committing...
[main ba816fa] Auto sync: 2026-01-13 14:00:03
 1 file changed, 14 insertions(+)
[Tue Jan 13 02:00:03 PM PST 2026] Pushing to GitHub...
To github.com:haunter-actual/haunter-actual.github.io.git
   cfac5e5..ba816fa  main -> main
[Tue Jan 13 02:00:05 PM PST 2026] Push complete.
[Tue Jan 13 02:30:01 PM PST 2026] Starting auto-push...
From github.com:haunter-actual/haunter-actual.github.io
 * branch            main       -> FETCH_HEAD
error: cannot rebase: You have unstaged changes.
error: Please commit or stash them.
Already up to date.
[Tue Jan 13 02:30:03 PM PST 2026] Changes detected — committing...
[main bc431c4] Auto sync: 2026-01-13 14:30:03
 1 file changed, 13 insertions(+)
[Tue Jan 13 02:30:03 PM PST 2026] Pushing to GitHub...
To github.com:haunter-actual/haunter-actual.github.io.git
   ba816fa..bc431c4  main -> main
[Tue Jan 13 02:30:05 PM PST 2026] Push complete.
[Tue Jan 13 03:00:01 PM PST 2026] Starting auto-push...
From github.com:haunter-actual/haunter-actual.github.io
 * branch            main       -> FETCH_HEAD
error: cannot rebase: You have unstaged changes.
error: Please commit or stash them.
Already up to date.
[Tue Jan 13 03:00:02 PM PST 2026] Changes detected — committing...
[main 62e3c6a] Auto sync: 2026-01-13 15:00:02
 1 file changed, 13 insertions(+)
[Tue Jan 13 03:00:02 PM PST 2026] Pushing to GitHub...
To github.com:haunter-actual/haunter-actual.github.io.git
   bc431c4..62e3c6a  main -> main
[Tue Jan 13 03:00:04 PM PST 2026] Push complete.
[Tue Jan 13 03:30:01 PM PST 2026] Starting auto-push...
From github.com:haunter-actual/haunter-actual.github.io
 * branch            main       -> FETCH_HEAD
error: cannot rebase: You have unstaged changes.
error: Please commit or stash them.
Already up to date.
[Tue Jan 13 03:30:03 PM PST 2026] Changes detected — committing...
[main 0f29234] Auto sync: 2026-01-13 15:30:03
 1 file changed, 13 insertions(+)
[Tue Jan 13 03:30:03 PM PST 2026] Pushing to GitHub...
To github.com:haunter-actual/haunter-actual.github.io.git
   62e3c6a..0f29234  main -> main
[Tue Jan 13 03:30:05 PM PST 2026] Push complete.
[Tue Jan 13 04:00:01 PM PST 2026] Starting auto-push...
From github.com:haunter-actual/haunter-actual.github.io
 * branch            main       -> FETCH_HEAD
error: cannot rebase: You have unstaged changes.
error: Please commit or stash them.
Already up to date.
[Tue Jan 13 04:00:02 PM PST 2026] Changes detected — committing...
[main 9012f6e] Auto sync: 2026-01-13 16:00:02
 1 file changed, 13 insertions(+)
[Tue Jan 13 04:00:02 PM PST 2026] Pushing to GitHub...
To github.com:haunter-actual/haunter-actual.github.io.git
   0f29234..9012f6e  main -> main
[Tue Jan 13 04:00:04 PM PST 2026] Push complete.
[Tue Jan 13 04:30:01 PM PST 2026] Starting auto-push...
From github.com:haunter-actual/haunter-actual.github.io
 * branch            main       -> FETCH_HEAD
error: cannot rebase: You have unstaged changes.
error: Please commit or stash them.
Already up to date.
[Tue Jan 13 04:30:03 PM PST 2026] Changes detected — committing...
[main 0e130ab] Auto sync: 2026-01-13 16:30:03
 1 file changed, 13 insertions(+)
[Tue Jan 13 04:30:03 PM PST 2026] Pushing to GitHub...
To github.com:haunter-actual/haunter-actual.github.io.git
   9012f6e..0e130ab  main -> main
[Tue Jan 13 04:30:04 PM PST 2026] Push complete.
[Tue Jan 13 05:00:01 PM PST 2026] Starting auto-push...
From github.com:haunter-actual/haunter-actual.github.io
 * branch            main       -> FETCH_HEAD
error: cannot rebase: You have unstaged changes.
error: Please commit or stash them.
Already up to date.
[Tue Jan 13 05:00:02 PM PST 2026] Changes detected — committing...
[main 1db4d49] Auto sync: 2026-01-13 17:00:02
 1 file changed, 13 insertions(+)
[Tue Jan 13 05:00:02 PM PST 2026] Pushing to GitHub...
To github.com:haunter-actual/haunter-actual.github.io.git
   0e130ab..1db4d49  main -> main
[Tue Jan 13 05:00:04 PM PST 2026] Push complete.
[Tue Jan 13 05:30:01 PM PST 2026] Starting auto-push...
From github.com:haunter-actual/haunter-actual.github.io
 * branch            main       -> FETCH_HEAD
error: cannot rebase: You have unstaged changes.
error: Please commit or stash them.
Already up to date.
[Tue Jan 20 06:00:01 PM PST 2026] Starting auto-push...
From github.com:haunter-actual/haunter-actual.github.io
 * branch            main       -> FETCH_HEAD
error: cannot rebase: You have unstaged changes.
error: Please commit or stash them.
Already up to date.
[Tue Jan 20 06:00:02 PM PST 2026] Changes detected — committing...
[main a20bd6d] Auto sync: 2026-01-20 18:00:02
 1 file changed, 6 insertions(+)
[Tue Jan 20 06:00:02 PM PST 2026] Pushing to GitHub...
To github.com:haunter-actual/haunter-actual.github.io.git
   b68a03e..a20bd6d  main -> main
[Tue Jan 20 06:00:04 PM PST 2026] Push complete.
[Tue Jan 20 06:30:01 PM PST 2026] Starting auto-push...
From github.com:haunter-actual/haunter-actual.github.io
 * branch            main       -> FETCH_HEAD
error: cannot rebase: You have unstaged changes.
error: Please commit or stash them.
Already up to date.
[Tue Jan 20 06:30:02 PM PST 2026] Changes detected — committing...
[main 7a40d1f] Auto sync: 2026-01-20 18:30:02
 1 file changed, 6 insertions(+)
[Tue Jan 20 06:30:02 PM PST 2026] Pushing to GitHub...
To github.com:haunter-actual/haunter-actual.github.io.git
   4f044a1..7a40d1f  main -> main
[Tue Jan 20 06:30:04 PM PST 2026] Push complete.
[Tue Jan 20 07:00:01 PM PST 2026] Starting auto-push...
From github.com:haunter-actual/haunter-actual.github.io
 * branch            main       -> FETCH_HEAD
error: cannot rebase: You have unstaged changes.
error: Please commit or stash them.
Already up to date.
[Tue Jan 20 07:00:03 PM PST 2026] Changes detected — committing...
[main 8485190] Auto sync: 2026-01-20 19:00:03
 1 file changed, 13 insertions(+)
[Tue Jan 20 07:00:03 PM PST 2026] Pushing to GitHub...
To github.com:haunter-actual/haunter-actual.github.io.git
   7a40d1f..8485190  main -> main
[Tue Jan 20 07:00:04 PM PST 2026] Push complete.
[Wed Jan 21 09:30:01 AM PST 2026] Starting auto-push...
From github.com:haunter-actual/haunter-actual.github.io
 * branch            main       -> FETCH_HEAD
error: cannot rebase: You have unstaged changes.
error: Please commit or stash them.
Already up to date.
[Wed Jan 21 09:30:03 AM PST 2026] Changes detected — committing...
[main 74b0cfe] Auto sync: 2026-01-21 09:30:03
 1 file changed, 13 insertions(+)
[Wed Jan 21 09:30:03 AM PST 2026] Pushing to GitHub...
To github.com:haunter-actual/haunter-actual.github.io.git
   8485190..74b0cfe  main -> main
[Wed Jan 21 09:30:04 AM PST 2026] Push complete.
[Wed Jan 21 10:00:01 AM PST 2026] Starting auto-push...
From github.com:haunter-actual/haunter-actual.github.io
 * branch            main       -> FETCH_HEAD
error: cannot rebase: You have unstaged changes.
error: Please commit or stash them.
Already up to date.
[Wed Jan 21 10:00:03 AM PST 2026] Changes detected — committing...
[main 3723cf0] Auto sync: 2026-01-21 10:00:03
 1 file changed, 13 insertions(+)
[Wed Jan 21 10:00:03 AM PST 2026] Pushing to GitHub...
To github.com:haunter-actual/haunter-actual.github.io.git
   74b0cfe..3723cf0  main -> main
[Wed Jan 21 10:00:05 AM PST 2026] Push complete.
[Wed Jan 21 10:30:01 AM PST 2026] Starting auto-push...
From github.com:haunter-actual/haunter-actual.github.io
 * branch            main       -> FETCH_HEAD
error: cannot rebase: You have unstaged changes.
error: Please commit or stash them.
Already up to date.
[Wed Jan 21 10:30:02 AM PST 2026] Changes detected — committing...
[main 2901cb2] Auto sync: 2026-01-21 10:30:02
 1 file changed, 13 insertions(+)
[Wed Jan 21 10:30:02 AM PST 2026] Pushing to GitHub...
To github.com:haunter-actual/haunter-actual.github.io.git
   3723cf0..2901cb2  main -> main
[Wed Jan 21 10:30:04 AM PST 2026] Push complete.
[Wed Jan 21 11:00:01 AM PST 2026] Starting auto-push...
From github.com:haunter-actual/haunter-actual.github.io
 * branch            main       -> FETCH_HEAD
error: cannot rebase: You have unstaged changes.
error: Please commit or stash them.
Already up to date.
[Wed Jan 21 11:00:02 AM PST 2026] Changes detected — committing...
[main 659e2b8] Auto sync: 2026-01-21 11:00:02
 1 file changed, 13 insertions(+)
[Wed Jan 21 11:00:02 AM PST 2026] Pushing to GitHub...
To github.com:haunter-actual/haunter-actual.github.io.git
   2901cb2..659e2b8  main -> main
[Wed Jan 21 11:00:04 AM PST 2026] Push complete.
[Wed Jan 21 11:30:01 AM PST 2026] Starting auto-push...
From github.com:haunter-actual/haunter-actual.github.io
 * branch            main       -> FETCH_HEAD
error: cannot rebase: You have unstaged changes.
error: Please commit or stash them.
Already up to date.
[Wed Jan 21 11:30:03 AM PST 2026] Changes detected — committing...
[main ae8b655] Auto sync: 2026-01-21 11:30:03
 1 file changed, 13 insertions(+)
[Wed Jan 21 11:30:03 AM PST 2026] Pushing to GitHub...
To github.com:haunter-actual/haunter-actual.github.io.git
   659e2b8..ae8b655  main -> main
[Wed Jan 21 11:30:05 AM PST 2026] Push complete.
[Fri Jan 23 09:30:01 PM PST 2026] Starting auto-push...
From github.com:haunter-actual/haunter-actual.github.io
 * branch            main       -> FETCH_HEAD
error: cannot rebase: You have unstaged changes.
error: Please commit or stash them.
Already up to date.
[Fri Jan 23 09:30:02 PM PST 2026] Changes detected — committing...
[main 62345cb] Auto sync: 2026-01-23 21:30:02
 1 file changed, 13 insertions(+)
[Fri Jan 23 09:30:02 PM PST 2026] Pushing to GitHub...
To github.com:haunter-actual/haunter-actual.github.io.git
   ae8b655..62345cb  main -> main
[Fri Jan 23 09:30:04 PM PST 2026] Push complete.
[Fri Jan 23 10:00:01 PM PST 2026] Starting auto-push...
From github.com:haunter-actual/haunter-actual.github.io
 * branch            main       -> FETCH_HEAD
error: cannot rebase: You have unstaged changes.
error: Please commit or stash them.
Already up to date.
[Fri Jan 23 10:00:02 PM PST 2026] Changes detected — committing...
[main 38fb53d] Auto sync: 2026-01-23 22:00:02
 1 file changed, 13 insertions(+)
[Fri Jan 23 10:00:02 PM PST 2026] Pushing to GitHub...
To github.com:haunter-actual/haunter-actual.github.io.git
   62345cb..38fb53d  main -> main
[Fri Jan 23 10:00:03 PM PST 2026] Push complete.
[Fri Jan 23 10:30:01 PM PST 2026] Starting auto-push...
From github.com:haunter-actual/haunter-actual.github.io
 * branch            main       -> FETCH_HEAD
error: cannot rebase: You have unstaged changes.
error: Please commit or stash them.
Already up to date.
[Fri Jan 23 10:30:02 PM PST 2026] Changes detected — committing...
[main 33233d7] Auto sync: 2026-01-23 22:30:02
 1 file changed, 13 insertions(+)
[Fri Jan 23 10:30:02 PM PST 2026] Pushing to GitHub...
To github.com:haunter-actual/haunter-actual.github.io.git
   38fb53d..33233d7  main -> main
[Fri Jan 23 10:30:04 PM PST 2026] Push complete.
[Sat Jan 24 09:00:01 AM PST 2026] Starting auto-push...
From github.com:haunter-actual/haunter-actual.github.io
 * branch            main       -> FETCH_HEAD
error: cannot rebase: You have unstaged changes.
error: Please commit or stash them.
Already up to date.
[Sat Jan 24 09:00:02 AM PST 2026] Changes detected — committing...
[main dc5f157] Auto sync: 2026-01-24 09:00:02
 1 file changed, 13 insertions(+)
[Sat Jan 24 09:00:02 AM PST 2026] Pushing to GitHub...
To github.com:haunter-actual/haunter-actual.github.io.git
   33233d7..dc5f157  main -> main
[Sat Jan 24 09:00:04 AM PST 2026] Push complete.
[Sat Jan 24 09:30:01 AM PST 2026] Starting auto-push...
From github.com:haunter-actual/haunter-actual.github.io
 * branch            main       -> FETCH_HEAD
error: cannot rebase: You have unstaged changes.
error: Please commit or stash them.
Already up to date.
[Sat Jan 24 09:30:02 AM PST 2026] Changes detected — committing...
[main 484e077] Auto sync: 2026-01-24 09:30:02
 1 file changed, 13 insertions(+)
[Sat Jan 24 09:30:02 AM PST 2026] Pushing to GitHub...
To github.com:haunter-actual/haunter-actual.github.io.git
   dc5f157..484e077  main -> main
[Sat Jan 24 09:30:04 AM PST 2026] Push complete.
[Sat Jan 24 10:00:01 AM PST 2026] Starting auto-push...
From github.com:haunter-actual/haunter-actual.github.io
 * branch            main       -> FETCH_HEAD
error: cannot rebase: You have unstaged changes.
error: Please commit or stash them.
Already up to date.
[Sat Jan 24 10:00:03 AM PST 2026] Changes detected — committing...
[main bac09c1] Auto sync: 2026-01-24 10:00:03
 1 file changed, 13 insertions(+)
[Sat Jan 24 10:00:03 AM PST 2026] Pushing to GitHub...
To github.com:haunter-actual/haunter-actual.github.io.git
   484e077..bac09c1  main -> main
[Sat Jan 24 10:00:04 AM PST 2026] Push complete.
[Sat Jan 24 10:30:01 AM PST 2026] Starting auto-push...
From github.com:haunter-actual/haunter-actual.github.io
 * branch            main       -> FETCH_HEAD
error: cannot rebase: You have unstaged changes.
error: Please commit or stash them.
Already up to date.
[Sat Jan 24 10:30:02 AM PST 2026] Changes detected — committing...
[main 87b9ba1] Auto sync: 2026-01-24 10:30:02
 1 file changed, 13 insertions(+)
[Sat Jan 24 10:30:02 AM PST 2026] Pushing to GitHub...
To github.com:haunter-actual/haunter-actual.github.io.git
   bac09c1..87b9ba1  main -> main
[Sat Jan 24 10:30:03 AM PST 2026] Push complete.
[Sat Jan 24 11:00:01 AM PST 2026] Starting auto-push...
From github.com:haunter-actual/haunter-actual.github.io
 * branch            main       -> FETCH_HEAD
error: cannot rebase: You have unstaged changes.
error: Please commit or stash them.
Already up to date.
[Sat Jan 24 11:00:03 AM PST 2026] Changes detected — committing...
[main 8dccae0] Auto sync: 2026-01-24 11:00:03
 1 file changed, 13 insertions(+)
[Sat Jan 24 11:00:03 AM PST 2026] Pushing to GitHub...
To github.com:haunter-actual/haunter-actual.github.io.git
   87b9ba1..8dccae0  main -> main
[Sat Jan 24 11:00:05 AM PST 2026] Push complete.
[Sun Jan 25 09:00:01 AM PST 2026] Starting auto-push...
From github.com:haunter-actual/haunter-actual.github.io
 * branch            main       -> FETCH_HEAD
error: cannot rebase: You have unstaged changes.
error: Please commit or stash them.
Already up to date.
[Sun Jan 25 09:00:03 AM PST 2026] Changes detected — committing...
[main 0c84e8e] Auto sync: 2026-01-25 09:00:03
 1 file changed, 13 insertions(+)
[Sun Jan 25 09:00:03 AM PST 2026] Pushing to GitHub...
To github.com:haunter-actual/haunter-actual.github.io.git
   8dccae0..0c84e8e  main -> main
[Sun Jan 25 09:00:04 AM PST 2026] Push complete.
[Sun Jan 25 09:30:01 AM PST 2026] Starting auto-push...
From github.com:haunter-actual/haunter-actual.github.io
 * branch            main       -> FETCH_HEAD
error: cannot rebase: You have unstaged changes.
error: Please commit or stash them.
Already up to date.
[Sun Jan 25 09:30:03 AM PST 2026] Changes detected — committing...
[main 48965bb] Auto sync: 2026-01-25 09:30:03
 1 file changed, 13 insertions(+)
[Sun Jan 25 09:30:03 AM PST 2026] Pushing to GitHub...
To github.com:haunter-actual/haunter-actual.github.io.git
   0c84e8e..48965bb  main -> main
[Sun Jan 25 09:30:04 AM PST 2026] Push complete.
[Sun Jan 25 10:00:01 AM PST 2026] Starting auto-push...
From github.com:haunter-actual/haunter-actual.github.io
 * branch            main       -> FETCH_HEAD
error: cannot rebase: You have unstaged changes.
error: Please commit or stash them.
Already up to date.
[Sun Jan 25 10:00:02 AM PST 2026] Changes detected — committing...
[main e53c526] Auto sync: 2026-01-25 10:00:02
 1 file changed, 13 insertions(+)
[Sun Jan 25 10:00:02 AM PST 2026] Pushing to GitHub...
To github.com:haunter-actual/haunter-actual.github.io.git
   48965bb..e53c526  main -> main
[Sun Jan 25 10:00:04 AM PST 2026] Push complete.
[Sun Jan 25 10:30:01 AM PST 2026] Starting auto-push...
From github.com:haunter-actual/haunter-actual.github.io
 * branch            main       -> FETCH_HEAD
error: cannot rebase: You have unstaged changes.
error: Please commit or stash them.
Already up to date.
[Sun Jan 25 10:30:03 AM PST 2026] Changes detected — committing...
[main 8b4e288] Auto sync: 2026-01-25 10:30:03
 1 file changed, 13 insertions(+)
[Sun Jan 25 10:30:03 AM PST 2026] Pushing to GitHub...
To github.com:haunter-actual/haunter-actual.github.io.git
   e53c526..8b4e288  main -> main
[Sun Jan 25 10:30:04 AM PST 2026] Push complete.
[Sun Jan 25 11:00:01 AM PST 2026] Starting auto-push...
From github.com:haunter-actual/haunter-actual.github.io
 * branch            main       -> FETCH_HEAD
error: cannot rebase: You have unstaged changes.
error: Please commit or stash them.
Already up to date.
[Sun Jan 25 11:00:03 AM PST 2026] Changes detected — committing...
[main 5ba0037] Auto sync: 2026-01-25 11:00:03
 1 file changed, 13 insertions(+)
[Sun Jan 25 11:00:03 AM PST 2026] Pushing to GitHub...
To github.com:haunter-actual/haunter-actual.github.io.git
   8b4e288..5ba0037  main -> main
[Sun Jan 25 11:00:04 AM PST 2026] Push complete.
[Sun Jan 25 11:30:01 AM PST 2026] Starting auto-push...
From github.com:haunter-actual/haunter-actual.github.io
 * branch            main       -> FETCH_HEAD
error: cannot rebase: You have unstaged changes.
error: Please commit or stash them.
Already up to date.
[Sun Jan 25 11:30:02 AM PST 2026] Changes detected — committing...
[main abe4631] Auto sync: 2026-01-25 11:30:02
 1 file changed, 13 insertions(+)
[Sun Jan 25 11:30:02 AM PST 2026] Pushing to GitHub...
To github.com:haunter-actual/haunter-actual.github.io.git
   5ba0037..abe4631  main -> main
[Sun Jan 25 11:30:04 AM PST 2026] Push complete.
[Sun Jan 25 12:00:01 PM PST 2026] Starting auto-push...
From github.com:haunter-actual/haunter-actual.github.io
 * branch            main       -> FETCH_HEAD
error: cannot rebase: You have unstaged changes.
error: Please commit or stash them.
Already up to date.
[Sun Jan 25 12:00:02 PM PST 2026] Changes detected — committing...
[main 330ba84] Auto sync: 2026-01-25 12:00:02
 1 file changed, 13 insertions(+)
[Sun Jan 25 12:00:02 PM PST 2026] Pushing to GitHub...
To github.com:haunter-actual/haunter-actual.github.io.git
   abe4631..330ba84  main -> main
[Sun Jan 25 12:00:04 PM PST 2026] Push complete.
[Sun Jan 25 12:30:01 PM PST 2026] Starting auto-push...
From github.com:haunter-actual/haunter-actual.github.io
 * branch            main       -> FETCH_HEAD
error: cannot rebase: You have unstaged changes.
error: Please commit or stash them.
Already up to date.
[Sun Jan 25 12:30:03 PM PST 2026] Changes detected — committing...
[main 50199bf] Auto sync: 2026-01-25 12:30:03
 1 file changed, 13 insertions(+)
[Sun Jan 25 12:30:03 PM PST 2026] Pushing to GitHub...
To github.com:haunter-actual/haunter-actual.github.io.git
   330ba84..50199bf  main -> main
[Sun Jan 25 12:30:04 PM PST 2026] Push complete.
[Sun Jan 25 01:00:01 PM PST 2026] Starting auto-push...
From github.com:haunter-actual/haunter-actual.github.io
 * branch            main       -> FETCH_HEAD
error: cannot rebase: You have unstaged changes.
error: Please commit or stash them.
Already up to date.
[Sun Jan 25 01:00:03 PM PST 2026] Changes detected — committing...
[main 228fef5] Auto sync: 2026-01-25 13:00:03
 1 file changed, 13 insertions(+)
[Sun Jan 25 01:00:03 PM PST 2026] Pushing to GitHub...
To github.com:haunter-actual/haunter-actual.github.io.git
   50199bf..228fef5  main -> main
[Sun Jan 25 01:00:04 PM PST 2026] Push complete.
[Sun Jan 25 01:30:01 PM PST 2026] Starting auto-push...
From github.com:haunter-actual/haunter-actual.github.io
 * branch            main       -> FETCH_HEAD
error: cannot rebase: You have unstaged changes.
error: Please commit or stash them.
Already up to date.
[Sun Jan 25 01:30:03 PM PST 2026] Changes detected — committing...
[main 4c7b8a2] Auto sync: 2026-01-25 13:30:03
 1 file changed, 13 insertions(+)
[Sun Jan 25 01:30:03 PM PST 2026] Pushing to GitHub...
To github.com:haunter-actual/haunter-actual.github.io.git
   228fef5..4c7b8a2  main -> main
[Sun Jan 25 01:30:04 PM PST 2026] Push complete.
[Sun Jan 25 02:00:01 PM PST 2026] Starting auto-push...
From github.com:haunter-actual/haunter-actual.github.io
 * branch            main       -> FETCH_HEAD
error: cannot rebase: You have unstaged changes.
error: Please commit or stash them.
Already up to date.
[Sun Jan 25 02:00:03 PM PST 2026] Changes detected — committing...
[main b6a2c73] Auto sync: 2026-01-25 14:00:03
 1 file changed, 13 insertions(+)
[Sun Jan 25 02:00:03 PM PST 2026] Pushing to GitHub...
To github.com:haunter-actual/haunter-actual.github.io.git
   4c7b8a2..b6a2c73  main -> main
[Sun Jan 25 02:00:04 PM PST 2026] Push complete.
[Sun Jan 25 02:30:01 PM PST 2026] Starting auto-push...
From github.com:haunter-actual/haunter-actual.github.io
 * branch            main       -> FETCH_HEAD
error: cannot rebase: You have unstaged changes.
error: Please commit or stash them.
Already up to date.
[Sun Jan 25 02:30:02 PM PST 2026] Changes detected — committing...
[main 378b99e] Auto sync: 2026-01-25 14:30:02
 1 file changed, 13 insertions(+)
[Sun Jan 25 02:30:02 PM PST 2026] Pushing to GitHub...
To github.com:haunter-actual/haunter-actual.github.io.git
   b6a2c73..378b99e  main -> main
[Sun Jan 25 02:30:03 PM PST 2026] Push complete.
[Sun Jan 25 03:00:01 PM PST 2026] Starting auto-push...
From github.com:haunter-actual/haunter-actual.github.io
 * branch            main       -> FETCH_HEAD
error: cannot rebase: You have unstaged changes.
error: Please commit or stash them.
Already up to date.
[Sun Jan 25 03:00:02 PM PST 2026] Changes detected — committing...
[main 8a6d639] Auto sync: 2026-01-25 15:00:02
 1 file changed, 13 insertions(+)
[Sun Jan 25 03:00:02 PM PST 2026] Pushing to GitHub...
To github.com:haunter-actual/haunter-actual.github.io.git
   378b99e..8a6d639  main -> main
[Sun Jan 25 03:00:04 PM PST 2026] Push complete.
[Sun Jan 25 03:30:01 PM PST 2026] Starting auto-push...
From github.com:haunter-actual/haunter-actual.github.io
 * branch            main       -> FETCH_HEAD
error: cannot rebase: You have unstaged changes.
error: Please commit or stash them.
Already up to date.
[Sun Jan 25 03:30:02 PM PST 2026] Changes detected — committing...
[main 0aa93c8] Auto sync: 2026-01-25 15:30:02
 1 file changed, 13 insertions(+)
[Sun Jan 25 03:30:02 PM PST 2026] Pushing to GitHub...
To github.com:haunter-actual/haunter-actual.github.io.git
   8a6d639..0aa93c8  main -> main
[Sun Jan 25 03:30:04 PM PST 2026] Push complete.
[Mon Jan 26 08:00:01 AM PST 2026] Starting auto-push...
From github.com:haunter-actual/haunter-actual.github.io
 * branch            main       -> FETCH_HEAD
error: cannot rebase: You have unstaged changes.
error: Please commit or stash them.
Already up to date.
[Mon Jan 26 08:00:03 AM PST 2026] Changes detected — committing...
[main 9445ff7] Auto sync: 2026-01-26 08:00:03
 1 file changed, 13 insertions(+)
[Mon Jan 26 08:00:03 AM PST 2026] Pushing to GitHub...
To github.com:haunter-actual/haunter-actual.github.io.git
   0aa93c8..9445ff7  main -> main
[Mon Jan 26 08:00:04 AM PST 2026] Push complete.
[Mon Jan 26 08:30:01 AM PST 2026] Starting auto-push...
From github.com:haunter-actual/haunter-actual.github.io
 * branch            main       -> FETCH_HEAD
error: cannot rebase: You have unstaged changes.
error: Please commit or stash them.
Already up to date.
[Mon Jan 26 08:30:02 AM PST 2026] Changes detected — committing...
[main 9c74935] Auto sync: 2026-01-26 08:30:02
 1 file changed, 13 insertions(+)
[Mon Jan 26 08:30:02 AM PST 2026] Pushing to GitHub...
To github.com:haunter-actual/haunter-actual.github.io.git
   9445ff7..9c74935  main -> main
[Mon Jan 26 08:30:04 AM PST 2026] Push complete.
[Mon Jan 26 09:00:01 AM PST 2026] Starting auto-push...
From github.com:haunter-actual/haunter-actual.github.io
 * branch            main       -> FETCH_HEAD
error: cannot rebase: You have unstaged changes.
error: Please commit or stash them.
Already up to date.
[Mon Jan 26 09:00:02 AM PST 2026] Changes detected — committing...
[main d3eba9c] Auto sync: 2026-01-26 09:00:02
 1 file changed, 13 insertions(+)
[Mon Jan 26 09:00:02 AM PST 2026] Pushing to GitHub...
To github.com:haunter-actual/haunter-actual.github.io.git
   9c74935..d3eba9c  main -> main
[Mon Jan 26 09:00:04 AM PST 2026] Push complete.
[Mon Jan 26 09:30:01 AM PST 2026] Starting auto-push...
From github.com:haunter-actual/haunter-actual.github.io
 * branch            main       -> FETCH_HEAD
error: cannot rebase: You have unstaged changes.
error: Please commit or stash them.
Already up to date.
[Mon Jan 26 09:30:03 AM PST 2026] Changes detected — committing...
[main 58b674d] Auto sync: 2026-01-26 09:30:03
 1 file changed, 13 insertions(+)
[Mon Jan 26 09:30:03 AM PST 2026] Pushing to GitHub...
To github.com:haunter-actual/haunter-actual.github.io.git
   d3eba9c..58b674d  main -> main
[Mon Jan 26 09:30:05 AM PST 2026] Push complete.
[Mon Jan 26 10:00:01 AM PST 2026] Starting auto-push...
From github.com:haunter-actual/haunter-actual.github.io
 * branch            main       -> FETCH_HEAD
error: cannot rebase: You have unstaged changes.
error: Please commit or stash them.
Already up to date.
[Mon Jan 26 10:00:03 AM PST 2026] Changes detected — committing...
[main 46b51d4] Auto sync: 2026-01-26 10:00:03
 1 file changed, 13 insertions(+)
[Mon Jan 26 10:00:03 AM PST 2026] Pushing to GitHub...
To github.com:haunter-actual/haunter-actual.github.io.git
   58b674d..46b51d4  main -> main
[Mon Jan 26 10:00:05 AM PST 2026] Push complete.
[Mon Jan 26 10:30:01 AM PST 2026] Starting auto-push...
From github.com:haunter-actual/haunter-actual.github.io
 * branch            main       -> FETCH_HEAD
error: cannot rebase: You have unstaged changes.
error: Please commit or stash them.
Already up to date.
[Mon Jan 26 10:30:03 AM PST 2026] Changes detected — committing...
[main d99bbdc] Auto sync: 2026-01-26 10:30:03
 1 file changed, 13 insertions(+)
[Mon Jan 26 10:30:03 AM PST 2026] Pushing to GitHub...
To github.com:haunter-actual/haunter-actual.github.io.git
   46b51d4..d99bbdc  main -> main
[Mon Jan 26 10:30:04 AM PST 2026] Push complete.
[Mon Jan 26 11:00:01 AM PST 2026] Starting auto-push...
From github.com:haunter-actual/haunter-actual.github.io
 * branch            main       -> FETCH_HEAD
error: cannot rebase: You have unstaged changes.
error: Please commit or stash them.
Already up to date.
[Mon Jan 26 11:00:03 AM PST 2026] Changes detected — committing...
[main 09fac3a] Auto sync: 2026-01-26 11:00:03
 1 file changed, 13 insertions(+)
[Mon Jan 26 11:00:03 AM PST 2026] Pushing to GitHub...
To github.com:haunter-actual/haunter-actual.github.io.git
   d99bbdc..09fac3a  main -> main
[Mon Jan 26 11:00:05 AM PST 2026] Push complete.
[Mon Jan 26 11:30:01 AM PST 2026] Starting auto-push...
From github.com:haunter-actual/haunter-actual.github.io
 * branch            main       -> FETCH_HEAD
error: cannot rebase: You have unstaged changes.
error: Please commit or stash them.
Already up to date.
[Mon Jan 26 11:30:03 AM PST 2026] Changes detected — committing...
[main e170756] Auto sync: 2026-01-26 11:30:03
 1 file changed, 13 insertions(+)
[Mon Jan 26 11:30:03 AM PST 2026] Pushing to GitHub...
To github.com:haunter-actual/haunter-actual.github.io.git
   09fac3a..e170756  main -> main
[Mon Jan 26 11:30:05 AM PST 2026] Push complete.
[Mon Jan 26 12:00:01 PM PST 2026] Starting auto-push...
From github.com:haunter-actual/haunter-actual.github.io
 * branch            main       -> FETCH_HEAD
error: cannot rebase: You have unstaged changes.
error: Please commit or stash them.
Already up to date.
[Mon Jan 26 12:00:02 PM PST 2026] Changes detected — committing...
[main 76a2b32] Auto sync: 2026-01-26 12:00:02
 1 file changed, 13 insertions(+)
[Mon Jan 26 12:00:02 PM PST 2026] Pushing to GitHub...
To github.com:haunter-actual/haunter-actual.github.io.git
   e170756..76a2b32  main -> main
[Mon Jan 26 12:00:04 PM PST 2026] Push complete.
[Mon Jan 26 12:30:01 PM PST 2026] Starting auto-push...
From github.com:haunter-actual/haunter-actual.github.io
 * branch            main       -> FETCH_HEAD
error: cannot rebase: You have unstaged changes.
error: Please commit or stash them.
Already up to date.
[Mon Jan 26 12:30:03 PM PST 2026] Changes detected — committing...
[main b0482a8] Auto sync: 2026-01-26 12:30:03
 1 file changed, 13 insertions(+)
[Mon Jan 26 12:30:03 PM PST 2026] Pushing to GitHub...
To github.com:haunter-actual/haunter-actual.github.io.git
   76a2b32..b0482a8  main -> main
[Mon Jan 26 12:30:04 PM PST 2026] Push complete.
[Mon Jan 26 01:00:01 PM PST 2026] Starting auto-push...
From github.com:haunter-actual/haunter-actual.github.io
 * branch            main       -> FETCH_HEAD
error: cannot rebase: You have unstaged changes.
error: Please commit or stash them.
Already up to date.
[Mon Jan 26 01:00:03 PM PST 2026] Changes detected — committing...
[main 18e91a5] Auto sync: 2026-01-26 13:00:03
 1 file changed, 13 insertions(+)
[Mon Jan 26 01:00:03 PM PST 2026] Pushing to GitHub...
To github.com:haunter-actual/haunter-actual.github.io.git
   b0482a8..18e91a5  main -> main
[Mon Jan 26 01:00:04 PM PST 2026] Push complete.
[Mon Jan 26 01:30:01 PM PST 2026] Starting auto-push...
From github.com:haunter-actual/haunter-actual.github.io
 * branch            main       -> FETCH_HEAD
error: cannot rebase: You have unstaged changes.
error: Please commit or stash them.
Already up to date.
[Mon Jan 26 01:30:03 PM PST 2026] Changes detected — committing...
[main e63ef18] Auto sync: 2026-01-26 13:30:03
 1 file changed, 13 insertions(+)
[Mon Jan 26 01:30:03 PM PST 2026] Pushing to GitHub...
To github.com:haunter-actual/haunter-actual.github.io.git
   18e91a5..e63ef18  main -> main
[Mon Jan 26 01:30:04 PM PST 2026] Push complete.
[Mon Jan 26 02:00:01 PM PST 2026] Starting auto-push...
From github.com:haunter-actual/haunter-actual.github.io
 * branch            main       -> FETCH_HEAD
error: cannot rebase: You have unstaged changes.
error: Please commit or stash them.
Already up to date.
[Mon Jan 26 02:00:03 PM PST 2026] Changes detected — committing...
[main 0e84569] Auto sync: 2026-01-26 14:00:03
 1 file changed, 13 insertions(+)
[Mon Jan 26 02:00:03 PM PST 2026] Pushing to GitHub...
To github.com:haunter-actual/haunter-actual.github.io.git
   e63ef18..0e84569  main -> main
[Mon Jan 26 02:00:04 PM PST 2026] Push complete.
[Mon Jan 26 02:30:01 PM PST 2026] Starting auto-push...
From github.com:haunter-actual/haunter-actual.github.io
 * branch            main       -> FETCH_HEAD
error: cannot rebase: You have unstaged changes.
error: Please commit or stash them.
Already up to date.
[Mon Jan 26 02:30:03 PM PST 2026] Changes detected — committing...
[main 2318add] Auto sync: 2026-01-26 14:30:03
 1 file changed, 13 insertions(+)
[Mon Jan 26 02:30:03 PM PST 2026] Pushing to GitHub...
To github.com:haunter-actual/haunter-actual.github.io.git
   0e84569..2318add  main -> main
[Mon Jan 26 02:30:04 PM PST 2026] Push complete.
[Mon Jan 26 03:00:01 PM PST 2026] Starting auto-push...
From github.com:haunter-actual/haunter-actual.github.io
 * branch            main       -> FETCH_HEAD
error: cannot rebase: You have unstaged changes.
error: Please commit or stash them.
Already up to date.
[Mon Jan 26 03:00:03 PM PST 2026] Changes detected — committing...
[main 47338b8] Auto sync: 2026-01-26 15:00:03
 1 file changed, 13 insertions(+)
[Mon Jan 26 03:00:03 PM PST 2026] Pushing to GitHub...
To github.com:haunter-actual/haunter-actual.github.io.git
   2318add..47338b8  main -> main
[Mon Jan 26 03:00:04 PM PST 2026] Push complete.
[Mon Jan 26 03:30:01 PM PST 2026] Starting auto-push...
From github.com:haunter-actual/haunter-actual.github.io
 * branch            main       -> FETCH_HEAD
error: cannot rebase: You have unstaged changes.
error: Please commit or stash them.
Already up to date.
[Mon Jan 26 03:30:02 PM PST 2026] Changes detected — committing...
[main 2afd67d] Auto sync: 2026-01-26 15:30:02
 1 file changed, 13 insertions(+)
[Mon Jan 26 03:30:02 PM PST 2026] Pushing to GitHub...
To github.com:haunter-actual/haunter-actual.github.io.git
   47338b8..2afd67d  main -> main
[Mon Jan 26 03:30:04 PM PST 2026] Push complete.
[Mon Jan 26 04:00:01 PM PST 2026] Starting auto-push...
From github.com:haunter-actual/haunter-actual.github.io
 * branch            main       -> FETCH_HEAD
error: cannot rebase: You have unstaged changes.
error: Please commit or stash them.
Already up to date.
[Mon Jan 26 04:00:03 PM PST 2026] Changes detected — committing...
[main d2e2b31] Auto sync: 2026-01-26 16:00:03
 1 file changed, 13 insertions(+)
[Mon Jan 26 04:00:03 PM PST 2026] Pushing to GitHub...
To github.com:haunter-actual/haunter-actual.github.io.git
   2afd67d..d2e2b31  main -> main
[Mon Jan 26 04:00:05 PM PST 2026] Push complete.
[Tue Jan 27 06:30:01 AM PST 2026] Starting auto-push...
From github.com:haunter-actual/haunter-actual.github.io
 * branch            main       -> FETCH_HEAD
error: cannot rebase: You have unstaged changes.
error: Please commit or stash them.
Already up to date.
[Tue Jan 27 06:30:02 AM PST 2026] Changes detected — committing...
[main 5b4f3dc] Auto sync: 2026-01-27 06:30:02
 1 file changed, 13 insertions(+)
[Tue Jan 27 06:30:02 AM PST 2026] Pushing to GitHub...
To github.com:haunter-actual/haunter-actual.github.io.git
   d2e2b31..5b4f3dc  main -> main
[Tue Jan 27 06:30:04 AM PST 2026] Push complete.
[Tue Jan 27 07:00:01 AM PST 2026] Starting auto-push...
From github.com:haunter-actual/haunter-actual.github.io
 * branch            main       -> FETCH_HEAD
error: cannot rebase: You have unstaged changes.
error: Please commit or stash them.
Already up to date.
[Tue Jan 27 07:00:02 AM PST 2026] Changes detected — committing...
[main d979a83] Auto sync: 2026-01-27 07:00:02
 1 file changed, 13 insertions(+)
[Tue Jan 27 07:00:02 AM PST 2026] Pushing to GitHub...
To github.com:haunter-actual/haunter-actual.github.io.git
   5b4f3dc..d979a83  main -> main
[Tue Jan 27 07:00:04 AM PST 2026] Push complete.
[Tue Jan 27 07:30:01 AM PST 2026] Starting auto-push...
From github.com:haunter-actual/haunter-actual.github.io
 * branch            main       -> FETCH_HEAD
error: cannot rebase: You have unstaged changes.
error: Please commit or stash them.
Already up to date.
[Tue Jan 27 07:30:03 AM PST 2026] Changes detected — committing...
[main ba99191] Auto sync: 2026-01-27 07:30:03
 1 file changed, 13 insertions(+)
[Tue Jan 27 07:30:03 AM PST 2026] Pushing to GitHub...
To github.com:haunter-actual/haunter-actual.github.io.git
   d979a83..ba99191  main -> main
[Tue Jan 27 07:30:04 AM PST 2026] Push complete.
[Tue Jan 27 08:00:01 AM PST 2026] Starting auto-push...
From github.com:haunter-actual/haunter-actual.github.io
 * branch            main       -> FETCH_HEAD
error: cannot rebase: You have unstaged changes.
error: Please commit or stash them.
Already up to date.
[Tue Jan 27 08:00:03 AM PST 2026] Changes detected — committing...
[main e26e0c0] Auto sync: 2026-01-27 08:00:03
 1 file changed, 13 insertions(+)
[Tue Jan 27 08:00:03 AM PST 2026] Pushing to GitHub...
To github.com:haunter-actual/haunter-actual.github.io.git
   ba99191..e26e0c0  main -> main
[Tue Jan 27 08:00:05 AM PST 2026] Push complete.
[Tue Jan 27 08:30:01 AM PST 2026] Starting auto-push...
From github.com:haunter-actual/haunter-actual.github.io
 * branch            main       -> FETCH_HEAD
error: cannot rebase: You have unstaged changes.
error: Please commit or stash them.
Already up to date.
[Tue Jan 27 08:30:02 AM PST 2026] Changes detected — committing...
[main cf03da0] Auto sync: 2026-01-27 08:30:02
 1 file changed, 13 insertions(+)
[Tue Jan 27 08:30:02 AM PST 2026] Pushing to GitHub...
To github.com:haunter-actual/haunter-actual.github.io.git
   e26e0c0..cf03da0  main -> main
[Tue Jan 27 08:30:04 AM PST 2026] Push complete.
[Tue Jan 27 09:00:01 AM PST 2026] Starting auto-push...
From github.com:haunter-actual/haunter-actual.github.io
 * branch            main       -> FETCH_HEAD
error: cannot rebase: You have unstaged changes.
error: Please commit or stash them.
Already up to date.
[Tue Jan 27 09:00:02 AM PST 2026] Changes detected — committing...
[main a53ba88] Auto sync: 2026-01-27 09:00:02
 1 file changed, 13 insertions(+)
[Tue Jan 27 09:00:02 AM PST 2026] Pushing to GitHub...
To github.com:haunter-actual/haunter-actual.github.io.git
   cf03da0..a53ba88  main -> main
[Tue Jan 27 09:00:04 AM PST 2026] Push complete.
[Tue Jan 27 09:30:01 AM PST 2026] Starting auto-push...
From github.com:haunter-actual/haunter-actual.github.io
 * branch            main       -> FETCH_HEAD
error: cannot rebase: You have unstaged changes.
error: Please commit or stash them.
Already up to date.
[Tue Jan 27 09:30:02 AM PST 2026] Changes detected — committing...
[main fb1c9ea] Auto sync: 2026-01-27 09:30:02
 1 file changed, 13 insertions(+)
[Tue Jan 27 09:30:02 AM PST 2026] Pushing to GitHub...
To github.com:haunter-actual/haunter-actual.github.io.git
   a53ba88..fb1c9ea  main -> main
[Tue Jan 27 09:30:04 AM PST 2026] Push complete.
[Tue Jan 27 10:00:01 AM PST 2026] Starting auto-push...
From github.com:haunter-actual/haunter-actual.github.io
 * branch            main       -> FETCH_HEAD
error: cannot rebase: You have unstaged changes.
error: Please commit or stash them.
Already up to date.
[Tue Jan 27 10:00:03 AM PST 2026] Changes detected — committing...
[main 8998fe7] Auto sync: 2026-01-27 10:00:03
 1 file changed, 13 insertions(+)
[Tue Jan 27 10:00:03 AM PST 2026] Pushing to GitHub...
To github.com:haunter-actual/haunter-actual.github.io.git
   fb1c9ea..8998fe7  main -> main
[Tue Jan 27 10:00:05 AM PST 2026] Push complete.
[Tue Jan 27 10:30:01 AM PST 2026] Starting auto-push...
From github.com:haunter-actual/haunter-actual.github.io
 * branch            main       -> FETCH_HEAD
error: cannot rebase: You have unstaged changes.
error: Please commit or stash them.
Already up to date.
[Tue Jan 27 10:30:03 AM PST 2026] Changes detected — committing...
[main f032b1c] Auto sync: 2026-01-27 10:30:03
 1 file changed, 13 insertions(+)
[Tue Jan 27 10:30:03 AM PST 2026] Pushing to GitHub...
To github.com:haunter-actual/haunter-actual.github.io.git
   8998fe7..f032b1c  main -> main
[Tue Jan 27 10:30:04 AM PST 2026] Push complete.
[Tue Jan 27 11:00:01 AM PST 2026] Starting auto-push...
From github.com:haunter-actual/haunter-actual.github.io
 * branch            main       -> FETCH_HEAD
error: cannot rebase: You have unstaged changes.
error: Please commit or stash them.
Already up to date.
[Tue Jan 27 11:00:03 AM PST 2026] Changes detected — committing...
[main fe3eb68] Auto sync: 2026-01-27 11:00:03
 1 file changed, 13 insertions(+)
[Tue Jan 27 11:00:03 AM PST 2026] Pushing to GitHub...
To github.com:haunter-actual/haunter-actual.github.io.git
   f032b1c..fe3eb68  main -> main
[Tue Jan 27 11:00:05 AM PST 2026] Push complete.
[Tue Jan 27 11:30:01 AM PST 2026] Starting auto-push...
From github.com:haunter-actual/haunter-actual.github.io
 * branch            main       -> FETCH_HEAD
error: cannot rebase: You have unstaged changes.
error: Please commit or stash them.
Already up to date.
[Tue Jan 27 11:30:03 AM PST 2026] Changes detected — committing...
[main 3850c80] Auto sync: 2026-01-27 11:30:03
 1 file changed, 13 insertions(+)
[Tue Jan 27 11:30:03 AM PST 2026] Pushing to GitHub...
To github.com:haunter-actual/haunter-actual.github.io.git
   fe3eb68..3850c80  main -> main
[Tue Jan 27 11:30:04 AM PST 2026] Push complete.
[Tue Jan 27 12:00:01 PM PST 2026] Starting auto-push...
From github.com:haunter-actual/haunter-actual.github.io
 * branch            main       -> FETCH_HEAD
error: cannot rebase: You have unstaged changes.
error: Please commit or stash them.
Already up to date.
[Tue Jan 27 12:00:03 PM PST 2026] Changes detected — committing...
[main 518f56b] Auto sync: 2026-01-27 12:00:03
 1 file changed, 13 insertions(+)
[Tue Jan 27 12:00:03 PM PST 2026] Pushing to GitHub...
To github.com:haunter-actual/haunter-actual.github.io.git
   3850c80..518f56b  main -> main
[Tue Jan 27 12:00:04 PM PST 2026] Push complete.
[Tue Jan 27 12:30:01 PM PST 2026] Starting auto-push...
From github.com:haunter-actual/haunter-actual.github.io
 * branch            main       -> FETCH_HEAD
error: cannot rebase: You have unstaged changes.
error: Please commit or stash them.
Already up to date.
[Tue Jan 27 12:30:03 PM PST 2026] Changes detected — committing...
[main 2fce96f] Auto sync: 2026-01-27 12:30:03
 1 file changed, 13 insertions(+)
[Tue Jan 27 12:30:03 PM PST 2026] Pushing to GitHub...
To github.com:haunter-actual/haunter-actual.github.io.git
   518f56b..2fce96f  main -> main
[Tue Jan 27 12:30:05 PM PST 2026] Push complete.
[Tue Jan 27 01:00:01 PM PST 2026] Starting auto-push...
From github.com:haunter-actual/haunter-actual.github.io
 * branch            main       -> FETCH_HEAD
error: cannot rebase: You have unstaged changes.
error: Please commit or stash them.
Already up to date.
[Tue Jan 27 01:00:03 PM PST 2026] Changes detected — committing...
[main e52c4f4] Auto sync: 2026-01-27 13:00:03
 1 file changed, 13 insertions(+)
[Tue Jan 27 01:00:03 PM PST 2026] Pushing to GitHub...
To github.com:haunter-actual/haunter-actual.github.io.git
   2fce96f..e52c4f4  main -> main
[Tue Jan 27 01:00:05 PM PST 2026] Push complete.
[Tue Jan 27 01:30:01 PM PST 2026] Starting auto-push...
From github.com:haunter-actual/haunter-actual.github.io
 * branch            main       -> FETCH_HEAD
error: cannot rebase: You have unstaged changes.
error: Please commit or stash them.
Already up to date.
[Tue Jan 27 01:30:03 PM PST 2026] Changes detected — committing...
[main 332c6d8] Auto sync: 2026-01-27 13:30:03
 1 file changed, 13 insertions(+)
[Tue Jan 27 01:30:03 PM PST 2026] Pushing to GitHub...
To github.com:haunter-actual/haunter-actual.github.io.git
   e52c4f4..332c6d8  main -> main
[Tue Jan 27 01:30:04 PM PST 2026] Push complete.
[Tue Jan 27 02:00:01 PM PST 2026] Starting auto-push...
From github.com:haunter-actual/haunter-actual.github.io
 * branch            main       -> FETCH_HEAD
error: cannot rebase: You have unstaged changes.
error: Please commit or stash them.
Already up to date.
[Tue Jan 27 02:00:02 PM PST 2026] Changes detected — committing...
[main 7222b0d] Auto sync: 2026-01-27 14:00:02
 1 file changed, 13 insertions(+)
[Tue Jan 27 02:00:02 PM PST 2026] Pushing to GitHub...
To github.com:haunter-actual/haunter-actual.github.io.git
   332c6d8..7222b0d  main -> main
[Tue Jan 27 02:00:04 PM PST 2026] Push complete.
[Tue Jan 27 02:30:01 PM PST 2026] Starting auto-push...
From github.com:haunter-actual/haunter-actual.github.io
 * branch            main       -> FETCH_HEAD
error: cannot rebase: You have unstaged changes.
error: Please commit or stash them.
Already up to date.
[Tue Jan 27 02:30:03 PM PST 2026] Changes detected — committing...
[main e1b3e2f] Auto sync: 2026-01-27 14:30:03
 1 file changed, 13 insertions(+)
[Tue Jan 27 02:30:03 PM PST 2026] Pushing to GitHub...
To github.com:haunter-actual/haunter-actual.github.io.git
   7222b0d..e1b3e2f  main -> main
[Tue Jan 27 02:30:04 PM PST 2026] Push complete.
[Tue Jan 27 03:00:01 PM PST 2026] Starting auto-push...
From github.com:haunter-actual/haunter-actual.github.io
 * branch            main       -> FETCH_HEAD
error: cannot rebase: You have unstaged changes.
error: Please commit or stash them.
Already up to date.
[Tue Jan 27 03:00:03 PM PST 2026] Changes detected — committing...
[main 09d161d] Auto sync: 2026-01-27 15:00:03
 1 file changed, 13 insertions(+)
[Tue Jan 27 03:00:03 PM PST 2026] Pushing to GitHub...
To github.com:haunter-actual/haunter-actual.github.io.git
   e1b3e2f..09d161d  main -> main
[Tue Jan 27 03:00:04 PM PST 2026] Push complete.
[Tue Jan 27 03:30:01 PM PST 2026] Starting auto-push...
From github.com:haunter-actual/haunter-actual.github.io
 * branch            main       -> FETCH_HEAD
error: cannot rebase: You have unstaged changes.
error: Please commit or stash them.
Already up to date.
[Tue Jan 27 03:30:02 PM PST 2026] Changes detected — committing...
[main e3a138d] Auto sync: 2026-01-27 15:30:02
 1 file changed, 13 insertions(+)
[Tue Jan 27 03:30:02 PM PST 2026] Pushing to GitHub...
To github.com:haunter-actual/haunter-actual.github.io.git
   09d161d..e3a138d  main -> main
[Tue Jan 27 03:30:04 PM PST 2026] Push complete.
[Tue Jan 27 04:00:01 PM PST 2026] Starting auto-push...
From github.com:haunter-actual/haunter-actual.github.io
 * branch            main       -> FETCH_HEAD
error: cannot rebase: You have unstaged changes.
error: Please commit or stash them.
Already up to date.
[Tue Jan 27 04:00:02 PM PST 2026] Changes detected — committing...
[main 2e06e18] Auto sync: 2026-01-27 16:00:02
 1 file changed, 13 insertions(+)
[Tue Jan 27 04:00:02 PM PST 2026] Pushing to GitHub...
To github.com:haunter-actual/haunter-actual.github.io.git
   e3a138d..2e06e18  main -> main
[Tue Jan 27 04:00:04 PM PST 2026] Push complete.
[Wed Jan 28 11:00:01 AM PST 2026] Starting auto-push...
From github.com:haunter-actual/haunter-actual.github.io
 * branch            main       -> FETCH_HEAD
error: cannot rebase: You have unstaged changes.
error: Please commit or stash them.
Already up to date.
[Wed Jan 28 11:00:03 AM PST 2026] Changes detected — committing...
[main a85ee98] Auto sync: 2026-01-28 11:00:03
 1 file changed, 13 insertions(+)
[Wed Jan 28 11:00:03 AM PST 2026] Pushing to GitHub...
To github.com:haunter-actual/haunter-actual.github.io.git
   2e06e18..a85ee98  main -> main
[Wed Jan 28 11:00:05 AM PST 2026] Push complete.
[Wed Jan 28 11:30:01 AM PST 2026] Starting auto-push...
From github.com:haunter-actual/haunter-actual.github.io
 * branch            main       -> FETCH_HEAD
error: cannot rebase: You have unstaged changes.
error: Please commit or stash them.
Already up to date.
[Wed Jan 28 11:30:02 AM PST 2026] Changes detected — committing...
[main 04c01b0] Auto sync: 2026-01-28 11:30:02
 1 file changed, 13 insertions(+)
[Wed Jan 28 11:30:02 AM PST 2026] Pushing to GitHub...
To github.com:haunter-actual/haunter-actual.github.io.git
   a85ee98..04c01b0  main -> main
[Wed Jan 28 11:30:04 AM PST 2026] Push complete.
[Wed Jan 28 12:00:01 PM PST 2026] Starting auto-push...
From github.com:haunter-actual/haunter-actual.github.io
 * branch            main       -> FETCH_HEAD
error: cannot rebase: You have unstaged changes.
error: Please commit or stash them.
Already up to date.
[Wed Jan 28 12:00:02 PM PST 2026] Changes detected — committing...
[main a4fcaa2] Auto sync: 2026-01-28 12:00:02
 1 file changed, 13 insertions(+)
[Wed Jan 28 12:00:02 PM PST 2026] Pushing to GitHub...
To github.com:haunter-actual/haunter-actual.github.io.git
   04c01b0..a4fcaa2  main -> main
[Wed Jan 28 12:00:04 PM PST 2026] Push complete.
[Wed Jan 28 12:30:01 PM PST 2026] Starting auto-push...
From github.com:haunter-actual/haunter-actual.github.io
 * branch            main       -> FETCH_HEAD
error: cannot rebase: You have unstaged changes.
error: Please commit or stash them.
Already up to date.
[Wed Jan 28 12:30:02 PM PST 2026] Changes detected — committing...
[main dfb8373] Auto sync: 2026-01-28 12:30:02
 1 file changed, 13 insertions(+)
[Wed Jan 28 12:30:02 PM PST 2026] Pushing to GitHub...
To github.com:haunter-actual/haunter-actual.github.io.git
   a4fcaa2..dfb8373  main -> main
[Wed Jan 28 12:30:04 PM PST 2026] Push complete.
[Wed Jan 28 01:00:01 PM PST 2026] Starting auto-push...
From github.com:haunter-actual/haunter-actual.github.io
 * branch            main       -> FETCH_HEAD
error: cannot rebase: You have unstaged changes.
error: Please commit or stash them.
Already up to date.
[Wed Jan 28 01:00:03 PM PST 2026] Changes detected — committing...
[main 5146e0d] Auto sync: 2026-01-28 13:00:03
 1 file changed, 13 insertions(+)
[Wed Jan 28 01:00:03 PM PST 2026] Pushing to GitHub...
To github.com:haunter-actual/haunter-actual.github.io.git
   dfb8373..5146e0d  main -> main
[Wed Jan 28 01:00:05 PM PST 2026] Push complete.
[Wed Jan 28 01:30:01 PM PST 2026] Starting auto-push...
From github.com:haunter-actual/haunter-actual.github.io
 * branch            main       -> FETCH_HEAD
error: cannot rebase: You have unstaged changes.
error: Please commit or stash them.
Already up to date.
[Wed Jan 28 01:30:02 PM PST 2026] Changes detected — committing...
[main 73cc952] Auto sync: 2026-01-28 13:30:02
 1 file changed, 13 insertions(+)
[Wed Jan 28 01:30:02 PM PST 2026] Pushing to GitHub...
To github.com:haunter-actual/haunter-actual.github.io.git
   5146e0d..73cc952  main -> main
[Wed Jan 28 01:30:04 PM PST 2026] Push complete.
[Wed Jan 28 02:00:01 PM PST 2026] Starting auto-push...
From github.com:haunter-actual/haunter-actual.github.io
 * branch            main       -> FETCH_HEAD
error: cannot rebase: You have unstaged changes.
error: Please commit or stash them.
Already up to date.
[Wed Jan 28 02:00:03 PM PST 2026] Changes detected — committing...
[main 1f7bece] Auto sync: 2026-01-28 14:00:03
 1 file changed, 13 insertions(+)
[Wed Jan 28 02:00:03 PM PST 2026] Pushing to GitHub...
To github.com:haunter-actual/haunter-actual.github.io.git
   73cc952..1f7bece  main -> main
[Wed Jan 28 02:00:04 PM PST 2026] Push complete.
[Wed Jan 28 02:30:01 PM PST 2026] Starting auto-push...
From github.com:haunter-actual/haunter-actual.github.io
 * branch            main       -> FETCH_HEAD
error: cannot rebase: You have unstaged changes.
error: Please commit or stash them.
Already up to date.
[Wed Jan 28 02:30:03 PM PST 2026] Changes detected — committing...
[main 97122ee] Auto sync: 2026-01-28 14:30:03
 1 file changed, 13 insertions(+)
[Wed Jan 28 02:30:03 PM PST 2026] Pushing to GitHub...
To github.com:haunter-actual/haunter-actual.github.io.git
   1f7bece..97122ee  main -> main
[Wed Jan 28 02:30:04 PM PST 2026] Push complete.
[Wed Jan 28 03:00:01 PM PST 2026] Starting auto-push...
From github.com:haunter-actual/haunter-actual.github.io
 * branch            main       -> FETCH_HEAD
error: cannot rebase: You have unstaged changes.
error: Please commit or stash them.
Already up to date.
[Wed Jan 28 03:00:03 PM PST 2026] Changes detected — committing...
[main 7217938] Auto sync: 2026-01-28 15:00:03
 1 file changed, 13 insertions(+)
[Wed Jan 28 03:00:03 PM PST 2026] Pushing to GitHub...
To github.com:haunter-actual/haunter-actual.github.io.git
   97122ee..7217938  main -> main
[Wed Jan 28 03:00:04 PM PST 2026] Push complete.
[Wed Jan 28 03:30:01 PM PST 2026] Starting auto-push...
From github.com:haunter-actual/haunter-actual.github.io
 * branch            main       -> FETCH_HEAD
error: cannot rebase: You have unstaged changes.
error: Please commit or stash them.
Already up to date.
[Wed Jan 28 03:30:02 PM PST 2026] Changes detected — committing...
[main 6202ae1] Auto sync: 2026-01-28 15:30:02
 1 file changed, 13 insertions(+)
[Wed Jan 28 03:30:02 PM PST 2026] Pushing to GitHub...
To github.com:haunter-actual/haunter-actual.github.io.git
   7217938..6202ae1  main -> main
[Wed Jan 28 03:30:03 PM PST 2026] Push complete.
[Tue Feb  3 06:30:01 AM PST 2026] Starting auto-push...
From github.com:haunter-actual/haunter-actual.github.io
 * branch            main       -> FETCH_HEAD
error: cannot rebase: You have unstaged changes.
error: Please commit or stash them.
Already up to date.
[Tue Feb  3 06:30:02 AM PST 2026] Changes detected — committing...
[main 1c7cb19] Auto sync: 2026-02-03 06:30:02
 1 file changed, 13 insertions(+)
[Tue Feb  3 06:30:02 AM PST 2026] Pushing to GitHub...
To github.com:haunter-actual/haunter-actual.github.io.git
   6202ae1..1c7cb19  main -> main
[Tue Feb  3 06:30:04 AM PST 2026] Push complete.
[Tue Feb  3 07:00:01 AM PST 2026] Starting auto-push...
From github.com:haunter-actual/haunter-actual.github.io
 * branch            main       -> FETCH_HEAD
error: cannot rebase: You have unstaged changes.
error: Please commit or stash them.
Already up to date.
[Tue Feb  3 07:00:02 AM PST 2026] Changes detected — committing...
[main c0c5215] Auto sync: 2026-02-03 07:00:02
 1 file changed, 13 insertions(+)
[Tue Feb  3 07:00:02 AM PST 2026] Pushing to GitHub...
To github.com:haunter-actual/haunter-actual.github.io.git
   1c7cb19..c0c5215  main -> main
[Tue Feb  3 07:00:04 AM PST 2026] Push complete.
[Tue Feb  3 07:30:01 AM PST 2026] Starting auto-push...
From github.com:haunter-actual/haunter-actual.github.io
 * branch            main       -> FETCH_HEAD
error: cannot rebase: You have unstaged changes.
error: Please commit or stash them.
Already up to date.
[Tue Feb  3 07:30:02 AM PST 2026] Changes detected — committing...
[main 1ef77b5] Auto sync: 2026-02-03 07:30:02
 1 file changed, 13 insertions(+)
[Tue Feb  3 07:30:02 AM PST 2026] Pushing to GitHub...
To github.com:haunter-actual/haunter-actual.github.io.git
   c0c5215..1ef77b5  main -> main
[Tue Feb  3 07:30:03 AM PST 2026] Push complete.
[Tue Feb  3 08:00:01 AM PST 2026] Starting auto-push...
From github.com:haunter-actual/haunter-actual.github.io
 * branch            main       -> FETCH_HEAD
error: cannot rebase: You have unstaged changes.
error: Please commit or stash them.
Already up to date.
[Tue Feb  3 08:00:02 AM PST 2026] Changes detected — committing...
[main c22c03d] Auto sync: 2026-02-03 08:00:02
 1 file changed, 13 insertions(+)
[Tue Feb  3 08:00:02 AM PST 2026] Pushing to GitHub...
To github.com:haunter-actual/haunter-actual.github.io.git
   1ef77b5..c22c03d  main -> main
[Tue Feb  3 08:00:04 AM PST 2026] Push complete.
[Tue Feb  3 08:30:01 AM PST 2026] Starting auto-push...
From github.com:haunter-actual/haunter-actual.github.io
 * branch            main       -> FETCH_HEAD
error: cannot rebase: You have unstaged changes.
error: Please commit or stash them.
Already up to date.
[Tue Feb  3 08:30:02 AM PST 2026] Changes detected — committing...
[main a7854d4] Auto sync: 2026-02-03 08:30:02
 1 file changed, 13 insertions(+)
[Tue Feb  3 08:30:02 AM PST 2026] Pushing to GitHub...
To github.com:haunter-actual/haunter-actual.github.io.git
   c22c03d..a7854d4  main -> main
[Tue Feb  3 08:30:04 AM PST 2026] Push complete.
[Tue Feb  3 09:00:01 AM PST 2026] Starting auto-push...
From github.com:haunter-actual/haunter-actual.github.io
 * branch            main       -> FETCH_HEAD
error: cannot rebase: You have unstaged changes.
error: Please commit or stash them.
Already up to date.
[Tue Feb  3 09:00:03 AM PST 2026] Changes detected — committing...
[main 965d036] Auto sync: 2026-02-03 09:00:03
 1 file changed, 13 insertions(+)
[Tue Feb  3 09:00:03 AM PST 2026] Pushing to GitHub...
To github.com:haunter-actual/haunter-actual.github.io.git
   a7854d4..965d036  main -> main
[Tue Feb  3 09:00:04 AM PST 2026] Push complete.
[Tue Feb  3 09:30:01 AM PST 2026] Starting auto-push...
From github.com:haunter-actual/haunter-actual.github.io
 * branch            main       -> FETCH_HEAD
error: cannot rebase: You have unstaged changes.
error: Please commit or stash them.
Already up to date.
[Tue Feb  3 09:30:02 AM PST 2026] Changes detected — committing...
[main eaf8167] Auto sync: 2026-02-03 09:30:02
 1 file changed, 13 insertions(+)
[Tue Feb  3 09:30:02 AM PST 2026] Pushing to GitHub...
To github.com:haunter-actual/haunter-actual.github.io.git
   965d036..eaf8167  main -> main
[Tue Feb  3 09:30:03 AM PST 2026] Push complete.
[Tue Feb  3 10:00:01 AM PST 2026] Starting auto-push...
From github.com:haunter-actual/haunter-actual.github.io
 * branch            main       -> FETCH_HEAD
error: cannot rebase: You have unstaged changes.
error: Please commit or stash them.
Already up to date.
[Tue Feb  3 10:00:02 AM PST 2026] Changes detected — committing...
[main ea487b4] Auto sync: 2026-02-03 10:00:02
 1 file changed, 13 insertions(+)
[Tue Feb  3 10:00:02 AM PST 2026] Pushing to GitHub...
To github.com:haunter-actual/haunter-actual.github.io.git
   eaf8167..ea487b4  main -> main
[Tue Feb  3 10:00:04 AM PST 2026] Push complete.
[Tue Feb  3 10:30:01 AM PST 2026] Starting auto-push...
From github.com:haunter-actual/haunter-actual.github.io
 * branch            main       -> FETCH_HEAD
error: cannot rebase: You have unstaged changes.
error: Please commit or stash them.
Already up to date.
[Tue Feb  3 10:30:02 AM PST 2026] Changes detected — committing...
[main ef00ff3] Auto sync: 2026-02-03 10:30:02
 1 file changed, 13 insertions(+)
[Tue Feb  3 10:30:03 AM PST 2026] Pushing to GitHub...
To github.com:haunter-actual/haunter-actual.github.io.git
   ea487b4..ef00ff3  main -> main
[Tue Feb  3 10:30:05 AM PST 2026] Push complete.
[Tue Feb  3 11:00:01 AM PST 2026] Starting auto-push...
From github.com:haunter-actual/haunter-actual.github.io
 * branch            main       -> FETCH_HEAD
error: cannot rebase: You have unstaged changes.
error: Please commit or stash them.
Already up to date.
[Tue Feb  3 11:00:02 AM PST 2026] Changes detected — committing...
[main 17aa5dc] Auto sync: 2026-02-03 11:00:02
 1 file changed, 13 insertions(+)
[Tue Feb  3 11:00:02 AM PST 2026] Pushing to GitHub...
To github.com:haunter-actual/haunter-actual.github.io.git
   ef00ff3..17aa5dc  main -> main
[Tue Feb  3 11:00:03 AM PST 2026] Push complete.
[Tue Feb  3 11:30:01 AM PST 2026] Starting auto-push...
From github.com:haunter-actual/haunter-actual.github.io
 * branch            main       -> FETCH_HEAD
error: cannot rebase: You have unstaged changes.
error: Please commit or stash them.
Already up to date.
[Tue Feb  3 11:30:03 AM PST 2026] Changes detected — committing...
[main 270bd98] Auto sync: 2026-02-03 11:30:03
 1 file changed, 13 insertions(+)
[Tue Feb  3 11:30:03 AM PST 2026] Pushing to GitHub...
To github.com:haunter-actual/haunter-actual.github.io.git
   17aa5dc..270bd98  main -> main
[Tue Feb  3 11:30:04 AM PST 2026] Push complete.
[Tue Feb  3 12:00:01 PM PST 2026] Starting auto-push...
From github.com:haunter-actual/haunter-actual.github.io
 * branch            main       -> FETCH_HEAD
error: cannot rebase: You have unstaged changes.
error: Please commit or stash them.
Already up to date.
[Tue Feb  3 12:00:02 PM PST 2026] Changes detected — committing...
[main 0f44a3e] Auto sync: 2026-02-03 12:00:02
 1 file changed, 13 insertions(+)
[Tue Feb  3 12:00:02 PM PST 2026] Pushing to GitHub...
To github.com:haunter-actual/haunter-actual.github.io.git
   270bd98..0f44a3e  main -> main
[Tue Feb  3 12:00:05 PM PST 2026] Push complete.
[Tue Feb  3 12:30:01 PM PST 2026] Starting auto-push...
From github.com:haunter-actual/haunter-actual.github.io
 * branch            main       -> FETCH_HEAD
error: cannot rebase: You have unstaged changes.
error: Please commit or stash them.
Already up to date.
[Tue Feb  3 12:30:02 PM PST 2026] Changes detected — committing...
[main e0e0a0f] Auto sync: 2026-02-03 12:30:02
 1 file changed, 13 insertions(+)
[Tue Feb  3 12:30:02 PM PST 2026] Pushing to GitHub...
To github.com:haunter-actual/haunter-actual.github.io.git
   0f44a3e..e0e0a0f  main -> main
[Tue Feb  3 12:30:04 PM PST 2026] Push complete.
[Tue Feb  3 01:00:01 PM PST 2026] Starting auto-push...
From github.com:haunter-actual/haunter-actual.github.io
 * branch            main       -> FETCH_HEAD
error: cannot rebase: You have unstaged changes.
error: Please commit or stash them.
Already up to date.
[Tue Feb  3 01:00:03 PM PST 2026] Changes detected — committing...
[main 6f04baa] Auto sync: 2026-02-03 13:00:03
 1 file changed, 13 insertions(+)
[Tue Feb  3 01:00:03 PM PST 2026] Pushing to GitHub...
To github.com:haunter-actual/haunter-actual.github.io.git
   e0e0a0f..6f04baa  main -> main
[Tue Feb  3 01:00:04 PM PST 2026] Push complete.
[Tue Feb  3 01:30:01 PM PST 2026] Starting auto-push...
From github.com:haunter-actual/haunter-actual.github.io
 * branch            main       -> FETCH_HEAD
error: cannot rebase: You have unstaged changes.
error: Please commit or stash them.
Already up to date.
[Tue Feb  3 01:30:02 PM PST 2026] Changes detected — committing...
[main 6fde2e5] Auto sync: 2026-02-03 13:30:02
 1 file changed, 13 insertions(+)
[Tue Feb  3 01:30:02 PM PST 2026] Pushing to GitHub...
To github.com:haunter-actual/haunter-actual.github.io.git
   6f04baa..6fde2e5  main -> main
[Tue Feb  3 01:30:03 PM PST 2026] Push complete.
[Tue Feb  3 02:00:01 PM PST 2026] Starting auto-push...
From github.com:haunter-actual/haunter-actual.github.io
 * branch            main       -> FETCH_HEAD
error: cannot rebase: You have unstaged changes.
error: Please commit or stash them.
Already up to date.
[Tue Feb  3 02:00:02 PM PST 2026] Changes detected — committing...
[main f33cbe4] Auto sync: 2026-02-03 14:00:02
 1 file changed, 13 insertions(+)
[Tue Feb  3 02:00:02 PM PST 2026] Pushing to GitHub...
To github.com:haunter-actual/haunter-actual.github.io.git
   6fde2e5..f33cbe4  main -> main
[Tue Feb  3 02:00:04 PM PST 2026] Push complete.
[Tue Feb  3 02:30:01 PM PST 2026] Starting auto-push...
From github.com:haunter-actual/haunter-actual.github.io
 * branch            main       -> FETCH_HEAD
error: cannot rebase: You have unstaged changes.
error: Please commit or stash them.
Already up to date.
[Tue Feb  3 02:30:02 PM PST 2026] Changes detected — committing...
[main e871c39] Auto sync: 2026-02-03 14:30:02
 1 file changed, 13 insertions(+)
[Tue Feb  3 02:30:02 PM PST 2026] Pushing to GitHub...
To github.com:haunter-actual/haunter-actual.github.io.git
   f33cbe4..e871c39  main -> main
[Tue Feb  3 02:30:04 PM PST 2026] Push complete.
[Tue Feb  3 03:00:01 PM PST 2026] Starting auto-push...
From github.com:haunter-actual/haunter-actual.github.io
 * branch            main       -> FETCH_HEAD
error: cannot rebase: You have unstaged changes.
error: Please commit or stash them.
Already up to date.
[Tue Feb  3 03:00:02 PM PST 2026] Changes detected — committing...
[main eaf1ee5] Auto sync: 2026-02-03 15:00:02
 1 file changed, 13 insertions(+)
[Tue Feb  3 03:00:02 PM PST 2026] Pushing to GitHub...
To github.com:haunter-actual/haunter-actual.github.io.git
   e871c39..eaf1ee5  main -> main
[Tue Feb  3 03:00:03 PM PST 2026] Push complete.
[Tue Feb  3 03:30:01 PM PST 2026] Starting auto-push...
From github.com:haunter-actual/haunter-actual.github.io
 * branch            main       -> FETCH_HEAD
error: cannot rebase: You have unstaged changes.
error: Please commit or stash them.
Already up to date.
[Tue Feb  3 03:30:03 PM PST 2026] Changes detected — committing...
[main 6737cfb] Auto sync: 2026-02-03 15:30:03
 1 file changed, 13 insertions(+)
[Tue Feb  3 03:30:03 PM PST 2026] Pushing to GitHub...
To github.com:haunter-actual/haunter-actual.github.io.git
   eaf1ee5..6737cfb  main -> main
[Tue Feb  3 03:30:04 PM PST 2026] Push complete.
[Tue Feb  3 04:00:01 PM PST 2026] Starting auto-push...
From github.com:haunter-actual/haunter-actual.github.io
 * branch            main       -> FETCH_HEAD
error: cannot rebase: You have unstaged changes.
error: Please commit or stash them.
Already up to date.
[Tue Feb  3 04:00:02 PM PST 2026] Changes detected — committing...
[main 9f59470] Auto sync: 2026-02-03 16:00:02
 1 file changed, 13 insertions(+)
[Tue Feb  3 04:00:02 PM PST 2026] Pushing to GitHub...
To github.com:haunter-actual/haunter-actual.github.io.git
   6737cfb..9f59470  main -> main
[Tue Feb  3 04:00:04 PM PST 2026] Push complete.
[Tue Feb  3 04:30:01 PM PST 2026] Starting auto-push...
From github.com:haunter-actual/haunter-actual.github.io
 * branch            main       -> FETCH_HEAD
error: cannot rebase: You have unstaged changes.
error: Please commit or stash them.
Already up to date.
[Tue Feb  3 04:30:02 PM PST 2026] Changes detected — committing...
[main 39b272e] Auto sync: 2026-02-03 16:30:02
 1 file changed, 13 insertions(+)
[Tue Feb  3 04:30:02 PM PST 2026] Pushing to GitHub...
To github.com:haunter-actual/haunter-actual.github.io.git
   9f59470..39b272e  main -> main
[Tue Feb  3 04:30:03 PM PST 2026] Push complete.
[Tue Feb  3 05:00:01 PM PST 2026] Starting auto-push...
From github.com:haunter-actual/haunter-actual.github.io
 * branch            main       -> FETCH_HEAD
error: cannot rebase: You have unstaged changes.
error: Please commit or stash them.
Already up to date.
[Tue Feb  3 05:00:03 PM PST 2026] Changes detected — committing...
[main b4eeacb] Auto sync: 2026-02-03 17:00:03
 1 file changed, 13 insertions(+)
[Tue Feb  3 05:00:03 PM PST 2026] Pushing to GitHub...
To github.com:haunter-actual/haunter-actual.github.io.git
   39b272e..b4eeacb  main -> main
[Tue Feb  3 05:00:04 PM PST 2026] Push complete.
[Tue Feb  3 05:30:01 PM PST 2026] Starting auto-push...
From github.com:haunter-actual/haunter-actual.github.io
 * branch            main       -> FETCH_HEAD
error: cannot rebase: You have unstaged changes.
error: Please commit or stash them.
Already up to date.
[Tue Feb  3 05:30:02 PM PST 2026] Changes detected — committing...
[main 26f3048] Auto sync: 2026-02-03 17:30:02
 1 file changed, 13 insertions(+)
[Tue Feb  3 05:30:02 PM PST 2026] Pushing to GitHub...
To github.com:haunter-actual/haunter-actual.github.io.git
   b4eeacb..26f3048  main -> main
[Tue Feb  3 05:30:04 PM PST 2026] Push complete.
[Wed Feb  4 08:00:01 AM PST 2026] Starting auto-push...
From github.com:haunter-actual/haunter-actual.github.io
 * branch            main       -> FETCH_HEAD
error: cannot rebase: You have unstaged changes.
error: Please commit or stash them.
Already up to date.
[Wed Feb  4 08:00:02 AM PST 2026] Changes detected — committing...
[main 2eeca26] Auto sync: 2026-02-04 08:00:02
 1 file changed, 13 insertions(+)
[Wed Feb  4 08:00:02 AM PST 2026] Pushing to GitHub...
To github.com:haunter-actual/haunter-actual.github.io.git
   26f3048..2eeca26  main -> main
[Wed Feb  4 08:00:04 AM PST 2026] Push complete.
[Wed Feb  4 08:30:01 AM PST 2026] Starting auto-push...
From github.com:haunter-actual/haunter-actual.github.io
 * branch            main       -> FETCH_HEAD
error: cannot rebase: You have unstaged changes.
error: Please commit or stash them.
Already up to date.
[Wed Feb  4 08:30:02 AM PST 2026] Changes detected — committing...
[main ac35816] Auto sync: 2026-02-04 08:30:02
 1 file changed, 13 insertions(+)
[Wed Feb  4 08:30:02 AM PST 2026] Pushing to GitHub...
To github.com:haunter-actual/haunter-actual.github.io.git
   2eeca26..ac35816  main -> main
[Wed Feb  4 08:30:03 AM PST 2026] Push complete.
[Wed Feb  4 09:00:01 AM PST 2026] Starting auto-push...
From github.com:haunter-actual/haunter-actual.github.io
 * branch            main       -> FETCH_HEAD
error: cannot rebase: You have unstaged changes.
error: Please commit or stash them.
Already up to date.
[Wed Feb  4 09:00:02 AM PST 2026] Changes detected — committing...
[main 19d3725] Auto sync: 2026-02-04 09:00:02
 1 file changed, 13 insertions(+)
[Wed Feb  4 09:00:02 AM PST 2026] Pushing to GitHub...
To github.com:haunter-actual/haunter-actual.github.io.git
   ac35816..19d3725  main -> main
[Wed Feb  4 09:00:04 AM PST 2026] Push complete.
[Wed Feb  4 09:30:01 AM PST 2026] Starting auto-push...
From github.com:haunter-actual/haunter-actual.github.io
 * branch            main       -> FETCH_HEAD
error: cannot rebase: You have unstaged changes.
error: Please commit or stash them.
Already up to date.
[Wed Feb  4 09:30:02 AM PST 2026] Changes detected — committing...
[main 9f3858e] Auto sync: 2026-02-04 09:30:02
 1 file changed, 13 insertions(+)
[Wed Feb  4 09:30:02 AM PST 2026] Pushing to GitHub...
To github.com:haunter-actual/haunter-actual.github.io.git
   19d3725..9f3858e  main -> main
[Wed Feb  4 09:30:04 AM PST 2026] Push complete.
[Wed Feb  4 10:00:01 AM PST 2026] Starting auto-push...
From github.com:haunter-actual/haunter-actual.github.io
 * branch            main       -> FETCH_HEAD
error: cannot rebase: You have unstaged changes.
error: Please commit or stash them.
Already up to date.
[Wed Feb  4 10:00:02 AM PST 2026] Changes detected — committing...
[main 9f169c1] Auto sync: 2026-02-04 10:00:02
 1 file changed, 13 insertions(+)
[Wed Feb  4 10:00:02 AM PST 2026] Pushing to GitHub...
To github.com:haunter-actual/haunter-actual.github.io.git
   9f3858e..9f169c1  main -> main
[Wed Feb  4 10:00:04 AM PST 2026] Push complete.
[Wed Feb  4 10:30:01 AM PST 2026] Starting auto-push...
From github.com:haunter-actual/haunter-actual.github.io
 * branch            main       -> FETCH_HEAD
error: cannot rebase: You have unstaged changes.
error: Please commit or stash them.
Already up to date.
[Wed Feb  4 10:30:02 AM PST 2026] Changes detected — committing...
[main 037d3d4] Auto sync: 2026-02-04 10:30:02
 1 file changed, 13 insertions(+)
[Wed Feb  4 10:30:02 AM PST 2026] Pushing to GitHub...
To github.com:haunter-actual/haunter-actual.github.io.git
   9f169c1..037d3d4  main -> main
[Wed Feb  4 10:30:03 AM PST 2026] Push complete.
[Wed Feb  4 11:00:01 AM PST 2026] Starting auto-push...
From github.com:haunter-actual/haunter-actual.github.io
 * branch            main       -> FETCH_HEAD
error: cannot rebase: You have unstaged changes.
error: Please commit or stash them.
Already up to date.
[Wed Feb  4 11:00:02 AM PST 2026] Changes detected — committing...
[main 2ac5d31] Auto sync: 2026-02-04 11:00:02
 1 file changed, 13 insertions(+)
[Wed Feb  4 11:00:02 AM PST 2026] Pushing to GitHub...
To github.com:haunter-actual/haunter-actual.github.io.git
   037d3d4..2ac5d31  main -> main
[Wed Feb  4 11:00:04 AM PST 2026] Push complete.
[Wed Feb  4 01:30:01 PM PST 2026] Starting auto-push...
From github.com:haunter-actual/haunter-actual.github.io
 * branch            main       -> FETCH_HEAD
error: cannot rebase: You have unstaged changes.
error: Please commit or stash them.
Already up to date.
[Wed Feb  4 01:30:03 PM PST 2026] Changes detected — committing...
[main fee48d9] Auto sync: 2026-02-04 13:30:03
 1 file changed, 13 insertions(+)
[Wed Feb  4 01:30:03 PM PST 2026] Pushing to GitHub...
To github.com:haunter-actual/haunter-actual.github.io.git
   2ac5d31..fee48d9  main -> main
[Wed Feb  4 01:30:04 PM PST 2026] Push complete.
[Wed Feb  4 02:00:01 PM PST 2026] Starting auto-push...
From github.com:haunter-actual/haunter-actual.github.io
 * branch            main       -> FETCH_HEAD
error: cannot rebase: You have unstaged changes.
error: Please commit or stash them.
Already up to date.
[Wed Feb  4 02:00:02 PM PST 2026] Changes detected — committing...
[main 5de5ce4] Auto sync: 2026-02-04 14:00:02
 1 file changed, 13 insertions(+)
[Wed Feb  4 02:00:02 PM PST 2026] Pushing to GitHub...
To github.com:haunter-actual/haunter-actual.github.io.git
   fee48d9..5de5ce4  main -> main
[Wed Feb  4 02:00:04 PM PST 2026] Push complete.
[Wed Feb  4 02:30:01 PM PST 2026] Starting auto-push...
From github.com:haunter-actual/haunter-actual.github.io
 * branch            main       -> FETCH_HEAD
error: cannot rebase: You have unstaged changes.
error: Please commit or stash them.
Already up to date.
[Wed Feb  4 02:30:02 PM PST 2026] Changes detected — committing...
[main ae1559e] Auto sync: 2026-02-04 14:30:02
 1 file changed, 13 insertions(+)
[Wed Feb  4 02:30:02 PM PST 2026] Pushing to GitHub...
To github.com:haunter-actual/haunter-actual.github.io.git
   5de5ce4..ae1559e  main -> main
[Wed Feb  4 02:30:04 PM PST 2026] Push complete.
[Wed Feb  4 03:00:01 PM PST 2026] Starting auto-push...
From github.com:haunter-actual/haunter-actual.github.io
 * branch            main       -> FETCH_HEAD
error: cannot rebase: You have unstaged changes.
error: Please commit or stash them.
Already up to date.
[Wed Feb  4 03:00:03 PM PST 2026] Changes detected — committing...
[main a4b6b77] Auto sync: 2026-02-04 15:00:03
 1 file changed, 13 insertions(+)
[Wed Feb  4 03:00:03 PM PST 2026] Pushing to GitHub...
To github.com:haunter-actual/haunter-actual.github.io.git
   ae1559e..a4b6b77  main -> main
[Wed Feb  4 03:00:04 PM PST 2026] Push complete.
[Wed Feb  4 03:30:01 PM PST 2026] Starting auto-push...
From github.com:haunter-actual/haunter-actual.github.io
 * branch            main       -> FETCH_HEAD
error: cannot rebase: You have unstaged changes.
error: Please commit or stash them.
Already up to date.
[Wed Feb  4 03:30:02 PM PST 2026] Changes detected — committing...
[main 970cbd2] Auto sync: 2026-02-04 15:30:02
 1 file changed, 13 insertions(+)
[Wed Feb  4 03:30:02 PM PST 2026] Pushing to GitHub...
To github.com:haunter-actual/haunter-actual.github.io.git
   a4b6b77..970cbd2  main -> main
[Wed Feb  4 03:30:04 PM PST 2026] Push complete.
[Wed Feb  4 04:00:01 PM PST 2026] Starting auto-push...
From github.com:haunter-actual/haunter-actual.github.io
 * branch            main       -> FETCH_HEAD
error: cannot rebase: You have unstaged changes.
error: Please commit or stash them.
Already up to date.
[Wed Feb  4 04:00:02 PM PST 2026] Changes detected — committing...
[main 1637807] Auto sync: 2026-02-04 16:00:02
 1 file changed, 13 insertions(+)
[Wed Feb  4 04:00:02 PM PST 2026] Pushing to GitHub...
To github.com:haunter-actual/haunter-actual.github.io.git
   970cbd2..1637807  main -> main
[Wed Feb  4 04:00:04 PM PST 2026] Push complete.
[Wed Feb  4 04:30:01 PM PST 2026] Starting auto-push...
From github.com:haunter-actual/haunter-actual.github.io
 * branch            main       -> FETCH_HEAD
error: cannot rebase: You have unstaged changes.
error: Please commit or stash them.
Already up to date.
[Wed Feb  4 04:30:02 PM PST 2026] Changes detected — committing...
[main 684fef1] Auto sync: 2026-02-04 16:30:02
 1 file changed, 13 insertions(+)
[Wed Feb  4 04:30:02 PM PST 2026] Pushing to GitHub...
To github.com:haunter-actual/haunter-actual.github.io.git
   1637807..684fef1  main -> main
[Wed Feb  4 04:30:03 PM PST 2026] Push complete.
[Wed Feb  4 05:00:02 PM PST 2026] Starting auto-push...
From github.com:haunter-actual/haunter-actual.github.io
 * branch            main       -> FETCH_HEAD
error: cannot rebase: You have unstaged changes.
error: Please commit or stash them.
Already up to date.
[Wed Feb  4 05:00:03 PM PST 2026] Changes detected — committing...
[main 16d55e7] Auto sync: 2026-02-04 17:00:03
 1 file changed, 13 insertions(+)
[Wed Feb  4 05:00:03 PM PST 2026] Pushing to GitHub...
To github.com:haunter-actual/haunter-actual.github.io.git
   684fef1..16d55e7  main -> main
[Wed Feb  4 05:00:04 PM PST 2026] Push complete.
[Wed Feb  4 05:30:01 PM PST 2026] Starting auto-push...
From github.com:haunter-actual/haunter-actual.github.io
 * branch            main       -> FETCH_HEAD
error: cannot rebase: You have unstaged changes.
error: Please commit or stash them.
Already up to date.
[Wed Feb  4 05:30:03 PM PST 2026] Changes detected — committing...
[main 9c52780] Auto sync: 2026-02-04 17:30:03
 1 file changed, 13 insertions(+)
[Wed Feb  4 05:30:03 PM PST 2026] Pushing to GitHub...
To github.com:haunter-actual/haunter-actual.github.io.git
   16d55e7..9c52780  main -> main
[Wed Feb  4 05:30:04 PM PST 2026] Push complete.
[Wed Feb  4 08:00:01 PM PST 2026] Starting auto-push...
From github.com:haunter-actual/haunter-actual.github.io
 * branch            main       -> FETCH_HEAD
error: cannot rebase: You have unstaged changes.
error: Please commit or stash them.
Already up to date.
[Wed Feb  4 08:00:02 PM PST 2026] Changes detected — committing...
[main 52ab534] Auto sync: 2026-02-04 20:00:02
 1 file changed, 13 insertions(+)
[Wed Feb  4 08:00:02 PM PST 2026] Pushing to GitHub...
To github.com:haunter-actual/haunter-actual.github.io.git
   9c52780..52ab534  main -> main
[Wed Feb  4 08:00:04 PM PST 2026] Push complete.
[Wed Feb  4 08:30:01 PM PST 2026] Starting auto-push...
From github.com:haunter-actual/haunter-actual.github.io
 * branch            main       -> FETCH_HEAD
error: cannot rebase: You have unstaged changes.
error: Please commit or stash them.
Already up to date.
[Wed Feb  4 08:30:02 PM PST 2026] Changes detected — committing...
[main 96ae9ed] Auto sync: 2026-02-04 20:30:02
 1 file changed, 13 insertions(+)
[Wed Feb  4 08:30:02 PM PST 2026] Pushing to GitHub...
To github.com:haunter-actual/haunter-actual.github.io.git
   52ab534..96ae9ed  main -> main
[Wed Feb  4 08:30:03 PM PST 2026] Push complete.
[Wed Feb  4 09:00:01 PM PST 2026] Starting auto-push...
From github.com:haunter-actual/haunter-actual.github.io
 * branch            main       -> FETCH_HEAD
error: cannot rebase: You have unstaged changes.
error: Please commit or stash them.
Already up to date.
[Wed Feb  4 09:00:02 PM PST 2026] Changes detected — committing...
[main a613efc] Auto sync: 2026-02-04 21:00:02
 1 file changed, 13 insertions(+)
[Wed Feb  4 09:00:02 PM PST 2026] Pushing to GitHub...
To github.com:haunter-actual/haunter-actual.github.io.git
   96ae9ed..a613efc  main -> main
[Wed Feb  4 09:00:04 PM PST 2026] Push complete.
[Wed Feb  4 09:30:01 PM PST 2026] Starting auto-push...
From github.com:haunter-actual/haunter-actual.github.io
 * branch            main       -> FETCH_HEAD
error: cannot rebase: You have unstaged changes.
error: Please commit or stash them.
Already up to date.
[Wed Feb  4 09:30:02 PM PST 2026] Changes detected — committing...
[main 84d5d76] Auto sync: 2026-02-04 21:30:02
 1 file changed, 13 insertions(+)
[Wed Feb  4 09:30:02 PM PST 2026] Pushing to GitHub...
To github.com:haunter-actual/haunter-actual.github.io.git
   a613efc..84d5d76  main -> main
[Wed Feb  4 09:30:04 PM PST 2026] Push complete.
[Wed Feb  4 10:00:01 PM PST 2026] Starting auto-push...
From github.com:haunter-actual/haunter-actual.github.io
 * branch            main       -> FETCH_HEAD
error: cannot rebase: You have unstaged changes.
error: Please commit or stash them.
Already up to date.
[Wed Feb  4 10:00:02 PM PST 2026] Changes detected — committing...
[main bd7f272] Auto sync: 2026-02-04 22:00:02
 1 file changed, 13 insertions(+)
[Wed Feb  4 10:00:02 PM PST 2026] Pushing to GitHub...
To github.com:haunter-actual/haunter-actual.github.io.git
   84d5d76..bd7f272  main -> main
[Wed Feb  4 10:00:04 PM PST 2026] Push complete.
[Wed Feb  4 10:30:01 PM PST 2026] Starting auto-push...
From github.com:haunter-actual/haunter-actual.github.io
 * branch            main       -> FETCH_HEAD
error: cannot rebase: You have unstaged changes.
error: Please commit or stash them.
Already up to date.
[Wed Feb  4 10:30:02 PM PST 2026] Changes detected — committing...
[main c9dfc10] Auto sync: 2026-02-04 22:30:02
 1 file changed, 13 insertions(+)
[Wed Feb  4 10:30:02 PM PST 2026] Pushing to GitHub...
To github.com:haunter-actual/haunter-actual.github.io.git
   bd7f272..c9dfc10  main -> main
[Wed Feb  4 10:30:04 PM PST 2026] Push complete.
[Wed Feb  4 11:00:01 PM PST 2026] Starting auto-push...
From github.com:haunter-actual/haunter-actual.github.io
 * branch            main       -> FETCH_HEAD
error: cannot rebase: You have unstaged changes.
error: Please commit or stash them.
Already up to date.
[Wed Feb  4 11:00:02 PM PST 2026] Changes detected — committing...
[main 5cb72eb] Auto sync: 2026-02-04 23:00:02
 1 file changed, 13 insertions(+)
[Wed Feb  4 11:00:02 PM PST 2026] Pushing to GitHub...
To github.com:haunter-actual/haunter-actual.github.io.git
   c9dfc10..5cb72eb  main -> main
[Wed Feb  4 11:00:04 PM PST 2026] Push complete.
[Wed Feb  4 11:30:01 PM PST 2026] Starting auto-push...
From github.com:haunter-actual/haunter-actual.github.io
 * branch            main       -> FETCH_HEAD
error: cannot rebase: You have unstaged changes.
error: Please commit or stash them.
Already up to date.
[Wed Feb  4 11:30:02 PM PST 2026] Changes detected — committing...
[main bc1aa80] Auto sync: 2026-02-04 23:30:02
 1 file changed, 13 insertions(+)
[Wed Feb  4 11:30:02 PM PST 2026] Pushing to GitHub...
To github.com:haunter-actual/haunter-actual.github.io.git
   5cb72eb..bc1aa80  main -> main
[Wed Feb  4 11:30:03 PM PST 2026] Push complete.
[Thu Feb  5 12:00:01 AM PST 2026] Starting auto-push...
From github.com:haunter-actual/haunter-actual.github.io
 * branch            main       -> FETCH_HEAD
error: cannot rebase: You have unstaged changes.
error: Please commit or stash them.
Already up to date.
[Thu Feb  5 12:00:02 AM PST 2026] Changes detected — committing...
[main 23aaa0f] Auto sync: 2026-02-05 00:00:02
 1 file changed, 13 insertions(+)
[Thu Feb  5 12:00:02 AM PST 2026] Pushing to GitHub...
To github.com:haunter-actual/haunter-actual.github.io.git
   bc1aa80..23aaa0f  main -> main
[Thu Feb  5 12:00:04 AM PST 2026] Push complete.
[Thu Feb  5 12:30:01 AM PST 2026] Starting auto-push...
From github.com:haunter-actual/haunter-actual.github.io
 * branch            main       -> FETCH_HEAD
error: cannot rebase: You have unstaged changes.
error: Please commit or stash them.
Already up to date.
[Thu Feb  5 12:30:02 AM PST 2026] Changes detected — committing...
[main bb9229e] Auto sync: 2026-02-05 00:30:02
 1 file changed, 13 insertions(+)
[Thu Feb  5 12:30:02 AM PST 2026] Pushing to GitHub...
To github.com:haunter-actual/haunter-actual.github.io.git
   23aaa0f..bb9229e  main -> main
[Thu Feb  5 12:30:04 AM PST 2026] Push complete.
[Thu Feb  5 01:00:01 AM PST 2026] Starting auto-push...
From github.com:haunter-actual/haunter-actual.github.io
 * branch            main       -> FETCH_HEAD
error: cannot rebase: You have unstaged changes.
error: Please commit or stash them.
Already up to date.
[Thu Feb  5 01:00:02 AM PST 2026] Changes detected — committing...
[main 39cbbca] Auto sync: 2026-02-05 01:00:02
 1 file changed, 13 insertions(+)
[Thu Feb  5 01:00:02 AM PST 2026] Pushing to GitHub...
To github.com:haunter-actual/haunter-actual.github.io.git
   bb9229e..39cbbca  main -> main
[Thu Feb  5 01:00:04 AM PST 2026] Push complete.
[Thu Feb  5 01:30:01 AM PST 2026] Starting auto-push...
From github.com:haunter-actual/haunter-actual.github.io
 * branch            main       -> FETCH_HEAD
error: cannot rebase: You have unstaged changes.
error: Please commit or stash them.
Already up to date.
[Thu Feb  5 01:30:03 AM PST 2026] Changes detected — committing...
[main db14761] Auto sync: 2026-02-05 01:30:03
 1 file changed, 13 insertions(+)
[Thu Feb  5 01:30:03 AM PST 2026] Pushing to GitHub...
To github.com:haunter-actual/haunter-actual.github.io.git
   39cbbca..db14761  main -> main
[Thu Feb  5 01:30:04 AM PST 2026] Push complete.
[Thu Feb  5 02:00:01 AM PST 2026] Starting auto-push...
From github.com:haunter-actual/haunter-actual.github.io
 * branch            main       -> FETCH_HEAD
error: cannot rebase: You have unstaged changes.
error: Please commit or stash them.
Already up to date.
[Thu Feb  5 02:00:03 AM PST 2026] Changes detected — committing...
[main 2f153c4] Auto sync: 2026-02-05 02:00:03
 1 file changed, 13 insertions(+)
[Thu Feb  5 02:00:03 AM PST 2026] Pushing to GitHub...
To github.com:haunter-actual/haunter-actual.github.io.git
   db14761..2f153c4  main -> main
[Thu Feb  5 02:00:04 AM PST 2026] Push complete.
[Thu Feb  5 02:30:01 AM PST 2026] Starting auto-push...
From github.com:haunter-actual/haunter-actual.github.io
 * branch            main       -> FETCH_HEAD
error: cannot rebase: You have unstaged changes.
error: Please commit or stash them.
Already up to date.
[Thu Feb  5 02:30:02 AM PST 2026] Changes detected — committing...
[main d8e9f83] Auto sync: 2026-02-05 02:30:02
 1 file changed, 13 insertions(+)
[Thu Feb  5 02:30:02 AM PST 2026] Pushing to GitHub...
To github.com:haunter-actual/haunter-actual.github.io.git
   2f153c4..d8e9f83  main -> main
[Thu Feb  5 02:30:04 AM PST 2026] Push complete.
[Thu Feb  5 03:00:01 AM PST 2026] Starting auto-push...
From github.com:haunter-actual/haunter-actual.github.io
 * branch            main       -> FETCH_HEAD
error: cannot rebase: You have unstaged changes.
error: Please commit or stash them.
Already up to date.
[Thu Feb  5 03:00:02 AM PST 2026] Changes detected — committing...
[main 25103d9] Auto sync: 2026-02-05 03:00:02
 1 file changed, 13 insertions(+)
[Thu Feb  5 03:00:02 AM PST 2026] Pushing to GitHub...
To github.com:haunter-actual/haunter-actual.github.io.git
   d8e9f83..25103d9  main -> main
[Thu Feb  5 03:00:03 AM PST 2026] Push complete.
[Thu Feb  5 03:30:01 AM PST 2026] Starting auto-push...
From github.com:haunter-actual/haunter-actual.github.io
 * branch            main       -> FETCH_HEAD
error: cannot rebase: You have unstaged changes.
error: Please commit or stash them.
Already up to date.
[Thu Feb  5 03:30:03 AM PST 2026] Changes detected — committing...
[main 0b330c0] Auto sync: 2026-02-05 03:30:03
 1 file changed, 13 insertions(+)
[Thu Feb  5 03:30:03 AM PST 2026] Pushing to GitHub...
To github.com:haunter-actual/haunter-actual.github.io.git
   25103d9..0b330c0  main -> main
[Thu Feb  5 03:30:04 AM PST 2026] Push complete.
[Thu Feb  5 04:00:01 AM PST 2026] Starting auto-push...
From github.com:haunter-actual/haunter-actual.github.io
 * branch            main       -> FETCH_HEAD
error: cannot rebase: You have unstaged changes.
error: Please commit or stash them.
Already up to date.
[Thu Feb  5 04:00:02 AM PST 2026] Changes detected — committing...
[main 46b0f98] Auto sync: 2026-02-05 04:00:02
 1 file changed, 13 insertions(+)
[Thu Feb  5 04:00:02 AM PST 2026] Pushing to GitHub...
To github.com:haunter-actual/haunter-actual.github.io.git
   0b330c0..46b0f98  main -> main
[Thu Feb  5 04:00:04 AM PST 2026] Push complete.
[Thu Feb  5 04:30:01 AM PST 2026] Starting auto-push...
From github.com:haunter-actual/haunter-actual.github.io
 * branch            main       -> FETCH_HEAD
error: cannot rebase: You have unstaged changes.
error: Please commit or stash them.
Already up to date.
[Thu Feb  5 04:30:03 AM PST 2026] Changes detected — committing...
[main 017372d] Auto sync: 2026-02-05 04:30:03
 1 file changed, 13 insertions(+)
[Thu Feb  5 04:30:03 AM PST 2026] Pushing to GitHub...
To github.com:haunter-actual/haunter-actual.github.io.git
   46b0f98..017372d  main -> main
[Thu Feb  5 04:30:04 AM PST 2026] Push complete.
[Thu Feb  5 05:00:01 AM PST 2026] Starting auto-push...
From github.com:haunter-actual/haunter-actual.github.io
 * branch            main       -> FETCH_HEAD
error: cannot rebase: You have unstaged changes.
error: Please commit or stash them.
Already up to date.
[Thu Feb  5 05:00:02 AM PST 2026] Changes detected — committing...
[main a8c875c] Auto sync: 2026-02-05 05:00:02
 1 file changed, 13 insertions(+)
[Thu Feb  5 05:00:02 AM PST 2026] Pushing to GitHub...
To github.com:haunter-actual/haunter-actual.github.io.git
   017372d..a8c875c  main -> main
[Thu Feb  5 05:00:04 AM PST 2026] Push complete.
[Thu Feb  5 05:30:01 AM PST 2026] Starting auto-push...
From github.com:haunter-actual/haunter-actual.github.io
 * branch            main       -> FETCH_HEAD
error: cannot rebase: You have unstaged changes.
error: Please commit or stash them.
Already up to date.
[Thu Feb  5 05:30:03 AM PST 2026] Changes detected — committing...
[main 0d18ed9] Auto sync: 2026-02-05 05:30:03
 1 file changed, 13 insertions(+)
[Thu Feb  5 05:30:03 AM PST 2026] Pushing to GitHub...
To github.com:haunter-actual/haunter-actual.github.io.git
   a8c875c..0d18ed9  main -> main
[Thu Feb  5 05:30:04 AM PST 2026] Push complete.
[Thu Feb  5 06:00:01 AM PST 2026] Starting auto-push...
From github.com:haunter-actual/haunter-actual.github.io
 * branch            main       -> FETCH_HEAD
error: cannot rebase: You have unstaged changes.
error: Please commit or stash them.
Already up to date.
[Thu Feb  5 06:00:02 AM PST 2026] Changes detected — committing...
[main 5177626] Auto sync: 2026-02-05 06:00:02
 1 file changed, 13 insertions(+)
[Thu Feb  5 06:00:02 AM PST 2026] Pushing to GitHub...
To github.com:haunter-actual/haunter-actual.github.io.git
   0d18ed9..5177626  main -> main
[Thu Feb  5 06:00:04 AM PST 2026] Push complete.
[Thu Feb  5 06:30:01 AM PST 2026] Starting auto-push...
From github.com:haunter-actual/haunter-actual.github.io
 * branch            main       -> FETCH_HEAD
error: cannot rebase: You have unstaged changes.
error: Please commit or stash them.
Already up to date.
[Thu Feb  5 06:30:03 AM PST 2026] Changes detected — committing...
[main 676791b] Auto sync: 2026-02-05 06:30:03
 1 file changed, 13 insertions(+)
[Thu Feb  5 06:30:03 AM PST 2026] Pushing to GitHub...
To github.com:haunter-actual/haunter-actual.github.io.git
   5177626..676791b  main -> main
[Thu Feb  5 06:30:04 AM PST 2026] Push complete.
[Thu Feb  5 07:00:01 AM PST 2026] Starting auto-push...
From github.com:haunter-actual/haunter-actual.github.io
 * branch            main       -> FETCH_HEAD
error: cannot rebase: You have unstaged changes.
error: Please commit or stash them.
Already up to date.
[Thu Feb  5 07:00:02 AM PST 2026] Changes detected — committing...
[main 831586c] Auto sync: 2026-02-05 07:00:02
 1 file changed, 13 insertions(+)
[Thu Feb  5 07:00:03 AM PST 2026] Pushing to GitHub...
To github.com:haunter-actual/haunter-actual.github.io.git
   676791b..831586c  main -> main
[Thu Feb  5 07:00:04 AM PST 2026] Push complete.
[Thu Feb  5 07:30:01 AM PST 2026] Starting auto-push...
From github.com:haunter-actual/haunter-actual.github.io
 * branch            main       -> FETCH_HEAD
error: cannot rebase: You have unstaged changes.
error: Please commit or stash them.
Already up to date.
[Thu Feb  5 07:30:02 AM PST 2026] Changes detected — committing...
[main ef345f4] Auto sync: 2026-02-05 07:30:02
 1 file changed, 13 insertions(+)
[Thu Feb  5 07:30:02 AM PST 2026] Pushing to GitHub...
To github.com:haunter-actual/haunter-actual.github.io.git
   831586c..ef345f4  main -> main
[Thu Feb  5 07:30:04 AM PST 2026] Push complete.
[Thu Feb  5 08:00:01 AM PST 2026] Starting auto-push...
From github.com:haunter-actual/haunter-actual.github.io
 * branch            main       -> FETCH_HEAD
error: cannot rebase: You have unstaged changes.
error: Please commit or stash them.
Already up to date.
[Thu Feb  5 08:00:03 AM PST 2026] Changes detected — committing...
[main 43c85d5] Auto sync: 2026-02-05 08:00:03
 1 file changed, 13 insertions(+)
[Thu Feb  5 08:00:03 AM PST 2026] Pushing to GitHub...
To github.com:haunter-actual/haunter-actual.github.io.git
   ef345f4..43c85d5  main -> main
[Thu Feb  5 08:00:05 AM PST 2026] Push complete.
[Thu Feb  5 08:30:01 AM PST 2026] Starting auto-push...
From github.com:haunter-actual/haunter-actual.github.io
 * branch            main       -> FETCH_HEAD
error: cannot rebase: You have unstaged changes.
error: Please commit or stash them.
Already up to date.
[Thu Feb  5 08:30:02 AM PST 2026] Changes detected — committing...
[main 4c47f52] Auto sync: 2026-02-05 08:30:02
 1 file changed, 13 insertions(+)
[Thu Feb  5 08:30:02 AM PST 2026] Pushing to GitHub...
To github.com:haunter-actual/haunter-actual.github.io.git
   43c85d5..4c47f52  main -> main
[Thu Feb  5 08:30:04 AM PST 2026] Push complete.
[Thu Feb  5 09:00:01 AM PST 2026] Starting auto-push...
From github.com:haunter-actual/haunter-actual.github.io
 * branch            main       -> FETCH_HEAD
error: cannot rebase: You have unstaged changes.
error: Please commit or stash them.
Already up to date.
[Thu Feb  5 09:00:03 AM PST 2026] Changes detected — committing...
[main d0618ed] Auto sync: 2026-02-05 09:00:03
 1 file changed, 13 insertions(+)
[Thu Feb  5 09:00:04 AM PST 2026] Pushing to GitHub...
To github.com:haunter-actual/haunter-actual.github.io.git
   4c47f52..d0618ed  main -> main
[Thu Feb  5 09:00:05 AM PST 2026] Push complete.
[Thu Feb  5 09:30:01 AM PST 2026] Starting auto-push...
From github.com:haunter-actual/haunter-actual.github.io
 * branch            main       -> FETCH_HEAD
error: cannot rebase: You have unstaged changes.
error: Please commit or stash them.
Already up to date.
[Thu Feb  5 09:30:02 AM PST 2026] Changes detected — committing...
[main cd91679] Auto sync: 2026-02-05 09:30:02
 1 file changed, 13 insertions(+)
[Thu Feb  5 09:30:02 AM PST 2026] Pushing to GitHub...
To github.com:haunter-actual/haunter-actual.github.io.git
   d0618ed..cd91679  main -> main
[Thu Feb  5 09:30:04 AM PST 2026] Push complete.
[Thu Feb  5 10:00:01 AM PST 2026] Starting auto-push...
From github.com:haunter-actual/haunter-actual.github.io
 * branch            main       -> FETCH_HEAD
error: cannot rebase: You have unstaged changes.
error: Please commit or stash them.
Already up to date.
[Thu Feb  5 10:00:02 AM PST 2026] Changes detected — committing...
[main ee47e6e] Auto sync: 2026-02-05 10:00:02
 1 file changed, 13 insertions(+)
[Thu Feb  5 10:00:02 AM PST 2026] Pushing to GitHub...
To github.com:haunter-actual/haunter-actual.github.io.git
   cd91679..ee47e6e  main -> main
[Thu Feb  5 10:00:04 AM PST 2026] Push complete.
[Thu Feb  5 10:30:01 AM PST 2026] Starting auto-push...
From github.com:haunter-actual/haunter-actual.github.io
 * branch            main       -> FETCH_HEAD
error: cannot rebase: You have unstaged changes.
error: Please commit or stash them.
Already up to date.
[Thu Feb  5 10:30:03 AM PST 2026] Changes detected — committing...
[main 8c06663] Auto sync: 2026-02-05 10:30:03
 1 file changed, 13 insertions(+)
[Thu Feb  5 10:30:03 AM PST 2026] Pushing to GitHub...
To github.com:haunter-actual/haunter-actual.github.io.git
   ee47e6e..8c06663  main -> main
[Thu Feb  5 10:30:04 AM PST 2026] Push complete.
[Thu Feb  5 11:00:01 AM PST 2026] Starting auto-push...
From github.com:haunter-actual/haunter-actual.github.io
 * branch            main       -> FETCH_HEAD
error: cannot rebase: You have unstaged changes.
error: Please commit or stash them.
Already up to date.
[Thu Feb  5 11:00:02 AM PST 2026] Changes detected — committing...
[main 3891002] Auto sync: 2026-02-05 11:00:02
 1 file changed, 13 insertions(+)
[Thu Feb  5 11:00:02 AM PST 2026] Pushing to GitHub...
To github.com:haunter-actual/haunter-actual.github.io.git
   8c06663..3891002  main -> main
[Thu Feb  5 11:00:04 AM PST 2026] Push complete.
[Thu Feb  5 11:30:01 AM PST 2026] Starting auto-push...
From github.com:haunter-actual/haunter-actual.github.io
 * branch            main       -> FETCH_HEAD
error: cannot rebase: You have unstaged changes.
error: Please commit or stash them.
Already up to date.
[Thu Feb  5 11:30:02 AM PST 2026] Changes detected — committing...
[main 4266e6d] Auto sync: 2026-02-05 11:30:02
 1 file changed, 13 insertions(+)
[Thu Feb  5 11:30:02 AM PST 2026] Pushing to GitHub...
To github.com:haunter-actual/haunter-actual.github.io.git
   3891002..4266e6d  main -> main
[Thu Feb  5 11:30:04 AM PST 2026] Push complete.
[Thu Feb  5 12:00:01 PM PST 2026] Starting auto-push...
From github.com:haunter-actual/haunter-actual.github.io
 * branch            main       -> FETCH_HEAD
error: cannot rebase: You have unstaged changes.
error: Please commit or stash them.
Already up to date.
[Thu Feb  5 12:00:02 PM PST 2026] Changes detected — committing...
[main 1fbd467] Auto sync: 2026-02-05 12:00:02
 1 file changed, 13 insertions(+)
[Thu Feb  5 12:00:02 PM PST 2026] Pushing to GitHub...
To github.com:haunter-actual/haunter-actual.github.io.git
   4266e6d..1fbd467  main -> main
[Thu Feb  5 12:00:06 PM PST 2026] Push complete.
[Thu Feb  5 12:30:01 PM PST 2026] Starting auto-push...
From github.com:haunter-actual/haunter-actual.github.io
 * branch            main       -> FETCH_HEAD
error: cannot rebase: You have unstaged changes.
error: Please commit or stash them.
Already up to date.
[Thu Feb  5 12:30:02 PM PST 2026] Changes detected — committing...
[main 7408a86] Auto sync: 2026-02-05 12:30:02
 1 file changed, 13 insertions(+)
[Thu Feb  5 12:30:02 PM PST 2026] Pushing to GitHub...
To github.com:haunter-actual/haunter-actual.github.io.git
   1fbd467..7408a86  main -> main
[Thu Feb  5 12:30:04 PM PST 2026] Push complete.
[Thu Feb  5 01:00:01 PM PST 2026] Starting auto-push...
From github.com:haunter-actual/haunter-actual.github.io
 * branch            main       -> FETCH_HEAD
error: cannot rebase: You have unstaged changes.
error: Please commit or stash them.
Already up to date.
[Thu Feb  5 01:00:02 PM PST 2026] Changes detected — committing...
[main eecee5d] Auto sync: 2026-02-05 13:00:02
 1 file changed, 13 insertions(+)
[Thu Feb  5 01:00:02 PM PST 2026] Pushing to GitHub...
To github.com:haunter-actual/haunter-actual.github.io.git
   7408a86..eecee5d  main -> main
[Thu Feb  5 01:00:04 PM PST 2026] Push complete.
[Thu Feb  5 01:30:01 PM PST 2026] Starting auto-push...
From github.com:haunter-actual/haunter-actual.github.io
 * branch            main       -> FETCH_HEAD
error: cannot rebase: You have unstaged changes.
error: Please commit or stash them.
Already up to date.
[Thu Feb  5 01:30:02 PM PST 2026] Changes detected — committing...
[main dd03aea] Auto sync: 2026-02-05 13:30:02
 1 file changed, 13 insertions(+)
[Thu Feb  5 01:30:02 PM PST 2026] Pushing to GitHub...
To github.com:haunter-actual/haunter-actual.github.io.git
   eecee5d..dd03aea  main -> main
[Thu Feb  5 01:30:03 PM PST 2026] Push complete.
[Thu Feb  5 02:00:01 PM PST 2026] Starting auto-push...
From github.com:haunter-actual/haunter-actual.github.io
 * branch            main       -> FETCH_HEAD
error: cannot rebase: You have unstaged changes.
error: Please commit or stash them.
Already up to date.
[Thu Feb  5 02:00:02 PM PST 2026] Changes detected — committing...
[main ecfb506] Auto sync: 2026-02-05 14:00:02
 1 file changed, 13 insertions(+)
[Thu Feb  5 02:00:02 PM PST 2026] Pushing to GitHub...
To github.com:haunter-actual/haunter-actual.github.io.git
   dd03aea..ecfb506  main -> main
[Thu Feb  5 02:00:04 PM PST 2026] Push complete.
[Thu Feb  5 02:30:01 PM PST 2026] Starting auto-push...
From github.com:haunter-actual/haunter-actual.github.io
 * branch            main       -> FETCH_HEAD
error: cannot rebase: You have unstaged changes.
error: Please commit or stash them.
Already up to date.
[Thu Feb  5 02:30:02 PM PST 2026] Changes detected — committing...
[main 4788ffa] Auto sync: 2026-02-05 14:30:02
 1 file changed, 13 insertions(+)
[Thu Feb  5 02:30:02 PM PST 2026] Pushing to GitHub...
To github.com:haunter-actual/haunter-actual.github.io.git
   ecfb506..4788ffa  main -> main
[Thu Feb  5 02:30:03 PM PST 2026] Push complete.
[Thu Feb  5 03:00:01 PM PST 2026] Starting auto-push...
From github.com:haunter-actual/haunter-actual.github.io
 * branch            main       -> FETCH_HEAD
error: cannot rebase: You have unstaged changes.
error: Please commit or stash them.
Already up to date.
[Thu Feb  5 03:00:03 PM PST 2026] Changes detected — committing...
[main 5a4ce2f] Auto sync: 2026-02-05 15:00:03
 1 file changed, 13 insertions(+)
[Thu Feb  5 03:00:03 PM PST 2026] Pushing to GitHub...
To github.com:haunter-actual/haunter-actual.github.io.git
   4788ffa..5a4ce2f  main -> main
[Thu Feb  5 03:00:04 PM PST 2026] Push complete.
[Thu Feb  5 03:30:01 PM PST 2026] Starting auto-push...
From github.com:haunter-actual/haunter-actual.github.io
 * branch            main       -> FETCH_HEAD
error: cannot rebase: You have unstaged changes.
error: Please commit or stash them.
Already up to date.
[Thu Feb  5 03:30:02 PM PST 2026] Changes detected — committing...
[main 6d87531] Auto sync: 2026-02-05 15:30:02
 1 file changed, 13 insertions(+)
[Thu Feb  5 03:30:02 PM PST 2026] Pushing to GitHub...
To github.com:haunter-actual/haunter-actual.github.io.git
   5a4ce2f..6d87531  main -> main
[Thu Feb  5 03:30:04 PM PST 2026] Push complete.
[Thu Feb  5 04:00:01 PM PST 2026] Starting auto-push...
From github.com:haunter-actual/haunter-actual.github.io
 * branch            main       -> FETCH_HEAD
error: cannot rebase: You have unstaged changes.
error: Please commit or stash them.
Already up to date.
[Thu Feb  5 04:00:02 PM PST 2026] Changes detected — committing...
[main ef01de9] Auto sync: 2026-02-05 16:00:02
 1 file changed, 13 insertions(+)
[Thu Feb  5 04:00:02 PM PST 2026] Pushing to GitHub...
To github.com:haunter-actual/haunter-actual.github.io.git
   6d87531..ef01de9  main -> main
[Thu Feb  5 04:00:04 PM PST 2026] Push complete.
[Thu Feb  5 04:30:01 PM PST 2026] Starting auto-push...
From github.com:haunter-actual/haunter-actual.github.io
 * branch            main       -> FETCH_HEAD
error: cannot rebase: You have unstaged changes.
error: Please commit or stash them.
Already up to date.
[Thu Feb  5 04:30:02 PM PST 2026] Changes detected — committing...
[main 36d6d59] Auto sync: 2026-02-05 16:30:02
 1 file changed, 13 insertions(+)
[Thu Feb  5 04:30:02 PM PST 2026] Pushing to GitHub...
To github.com:haunter-actual/haunter-actual.github.io.git
   ef01de9..36d6d59  main -> main
[Thu Feb  5 04:30:04 PM PST 2026] Push complete.
[Thu Feb  5 05:00:01 PM PST 2026] Starting auto-push...
From github.com:haunter-actual/haunter-actual.github.io
 * branch            main       -> FETCH_HEAD
error: cannot rebase: You have unstaged changes.
error: Please commit or stash them.
Already up to date.
[Thu Feb  5 05:00:02 PM PST 2026] Changes detected — committing...
[main cf843fb] Auto sync: 2026-02-05 17:00:02
 1 file changed, 13 insertions(+)
[Thu Feb  5 05:00:02 PM PST 2026] Pushing to GitHub...
To github.com:haunter-actual/haunter-actual.github.io.git
   36d6d59..cf843fb  main -> main
[Thu Feb  5 05:00:04 PM PST 2026] Push complete.
[Thu Feb  5 05:30:01 PM PST 2026] Starting auto-push...
From github.com:haunter-actual/haunter-actual.github.io
 * branch            main       -> FETCH_HEAD
error: cannot rebase: You have unstaged changes.
error: Please commit or stash them.
Already up to date.
[Thu Feb  5 05:30:02 PM PST 2026] Changes detected — committing...
[main 7658855] Auto sync: 2026-02-05 17:30:02
 1 file changed, 13 insertions(+)
[Thu Feb  5 05:30:02 PM PST 2026] Pushing to GitHub...
To github.com:haunter-actual/haunter-actual.github.io.git
   cf843fb..7658855  main -> main
[Thu Feb  5 05:30:04 PM PST 2026] Push complete.
[Thu Feb  5 06:00:01 PM PST 2026] Starting auto-push...
From github.com:haunter-actual/haunter-actual.github.io
 * branch            main       -> FETCH_HEAD
error: cannot rebase: You have unstaged changes.
error: Please commit or stash them.
Already up to date.
[Thu Feb  5 06:00:02 PM PST 2026] Changes detected — committing...
[main 9890cce] Auto sync: 2026-02-05 18:00:02
 1 file changed, 13 insertions(+)
[Thu Feb  5 06:00:02 PM PST 2026] Pushing to GitHub...
To github.com:haunter-actual/haunter-actual.github.io.git
   7658855..9890cce  main -> main
[Thu Feb  5 06:00:04 PM PST 2026] Push complete.
[Thu Feb  5 06:30:01 PM PST 2026] Starting auto-push...
From github.com:haunter-actual/haunter-actual.github.io
 * branch            main       -> FETCH_HEAD
error: cannot rebase: You have unstaged changes.
error: Please commit or stash them.
Already up to date.
[Thu Feb  5 06:30:02 PM PST 2026] Changes detected — committing...
[main cd30817] Auto sync: 2026-02-05 18:30:02
 1 file changed, 13 insertions(+)
[Thu Feb  5 06:30:02 PM PST 2026] Pushing to GitHub...
To github.com:haunter-actual/haunter-actual.github.io.git
   9890cce..cd30817  main -> main
[Thu Feb  5 06:30:03 PM PST 2026] Push complete.
[Thu Feb  5 07:00:01 PM PST 2026] Starting auto-push...
From github.com:haunter-actual/haunter-actual.github.io
 * branch            main       -> FETCH_HEAD
error: cannot rebase: You have unstaged changes.
error: Please commit or stash them.
Already up to date.
[Thu Feb  5 07:00:02 PM PST 2026] Changes detected — committing...
[main 7279d2e] Auto sync: 2026-02-05 19:00:02
 1 file changed, 13 insertions(+)
[Thu Feb  5 07:00:02 PM PST 2026] Pushing to GitHub...
To github.com:haunter-actual/haunter-actual.github.io.git
   cd30817..7279d2e  main -> main
[Thu Feb  5 07:00:03 PM PST 2026] Push complete.
[Thu Feb  5 07:30:01 PM PST 2026] Starting auto-push...
From github.com:haunter-actual/haunter-actual.github.io
 * branch            main       -> FETCH_HEAD
error: cannot rebase: You have unstaged changes.
error: Please commit or stash them.
Already up to date.
[Thu Feb  5 07:30:02 PM PST 2026] Changes detected — committing...
[main cdd8451] Auto sync: 2026-02-05 19:30:02
 1 file changed, 13 insertions(+)
[Thu Feb  5 07:30:02 PM PST 2026] Pushing to GitHub...
To github.com:haunter-actual/haunter-actual.github.io.git
   7279d2e..cdd8451  main -> main
[Thu Feb  5 07:30:04 PM PST 2026] Push complete.
[Thu Feb  5 08:00:01 PM PST 2026] Starting auto-push...
From github.com:haunter-actual/haunter-actual.github.io
 * branch            main       -> FETCH_HEAD
error: cannot rebase: You have unstaged changes.
error: Please commit or stash them.
Already up to date.
[Thu Feb  5 08:00:02 PM PST 2026] Changes detected — committing...
[main b5c3c2e] Auto sync: 2026-02-05 20:00:02
 1 file changed, 13 insertions(+)
[Thu Feb  5 08:00:02 PM PST 2026] Pushing to GitHub...
To github.com:haunter-actual/haunter-actual.github.io.git
   cdd8451..b5c3c2e  main -> main
[Thu Feb  5 08:00:03 PM PST 2026] Push complete.
[Thu Feb  5 08:30:01 PM PST 2026] Starting auto-push...
From github.com:haunter-actual/haunter-actual.github.io
 * branch            main       -> FETCH_HEAD
error: cannot rebase: You have unstaged changes.
error: Please commit or stash them.
Already up to date.
[Thu Feb  5 08:30:02 PM PST 2026] Changes detected — committing...
[main 921d8a6] Auto sync: 2026-02-05 20:30:02
 1 file changed, 13 insertions(+)
[Thu Feb  5 08:30:02 PM PST 2026] Pushing to GitHub...
To github.com:haunter-actual/haunter-actual.github.io.git
   b5c3c2e..921d8a6  main -> main
[Thu Feb  5 08:30:03 PM PST 2026] Push complete.
[Thu Feb  5 09:00:01 PM PST 2026] Starting auto-push...
From github.com:haunter-actual/haunter-actual.github.io
 * branch            main       -> FETCH_HEAD
error: cannot rebase: You have unstaged changes.
error: Please commit or stash them.
Already up to date.
[Thu Feb  5 09:00:02 PM PST 2026] Changes detected — committing...
[main 23509b2] Auto sync: 2026-02-05 21:00:02
 1 file changed, 13 insertions(+)
[Thu Feb  5 09:00:02 PM PST 2026] Pushing to GitHub...
To github.com:haunter-actual/haunter-actual.github.io.git
   921d8a6..23509b2  main -> main
[Thu Feb  5 09:00:04 PM PST 2026] Push complete.
[Thu Feb  5 09:30:01 PM PST 2026] Starting auto-push...
From github.com:haunter-actual/haunter-actual.github.io
 * branch            main       -> FETCH_HEAD
error: cannot rebase: You have unstaged changes.
error: Please commit or stash them.
Already up to date.
[Thu Feb  5 09:30:02 PM PST 2026] Changes detected — committing...
[main e4cec99] Auto sync: 2026-02-05 21:30:02
 1 file changed, 13 insertions(+)
[Thu Feb  5 09:30:02 PM PST 2026] Pushing to GitHub...
To github.com:haunter-actual/haunter-actual.github.io.git
   23509b2..e4cec99  main -> main
[Thu Feb  5 09:30:04 PM PST 2026] Push complete.
[Thu Feb  5 10:00:01 PM PST 2026] Starting auto-push...
From github.com:haunter-actual/haunter-actual.github.io
 * branch            main       -> FETCH_HEAD
error: cannot rebase: You have unstaged changes.
error: Please commit or stash them.
Already up to date.
[Thu Feb  5 10:00:03 PM PST 2026] Changes detected — committing...
[main 5b0b35e] Auto sync: 2026-02-05 22:00:03
 1 file changed, 13 insertions(+)
[Thu Feb  5 10:00:03 PM PST 2026] Pushing to GitHub...
To github.com:haunter-actual/haunter-actual.github.io.git
   e4cec99..5b0b35e  main -> main
[Thu Feb  5 10:00:04 PM PST 2026] Push complete.
[Thu Feb  5 10:30:01 PM PST 2026] Starting auto-push...
From github.com:haunter-actual/haunter-actual.github.io
 * branch            main       -> FETCH_HEAD
error: cannot rebase: You have unstaged changes.
error: Please commit or stash them.
Already up to date.
[Thu Feb  5 10:30:03 PM PST 2026] Changes detected — committing...
[main 45e1173] Auto sync: 2026-02-05 22:30:03
 1 file changed, 13 insertions(+)
[Thu Feb  5 10:30:03 PM PST 2026] Pushing to GitHub...
To github.com:haunter-actual/haunter-actual.github.io.git
   5b0b35e..45e1173  main -> main
[Thu Feb  5 10:30:04 PM PST 2026] Push complete.
[Thu Feb  5 11:00:01 PM PST 2026] Starting auto-push...
From github.com:haunter-actual/haunter-actual.github.io
 * branch            main       -> FETCH_HEAD
error: cannot rebase: You have unstaged changes.
error: Please commit or stash them.
Already up to date.
[Thu Feb  5 11:00:02 PM PST 2026] Changes detected — committing...
[main 8ce52bb] Auto sync: 2026-02-05 23:00:02
 1 file changed, 13 insertions(+)
[Thu Feb  5 11:00:02 PM PST 2026] Pushing to GitHub...
To github.com:haunter-actual/haunter-actual.github.io.git
   45e1173..8ce52bb  main -> main
[Thu Feb  5 11:00:04 PM PST 2026] Push complete.
[Sat Feb  7 09:00:01 PM PST 2026] Starting auto-push...
From github.com:haunter-actual/haunter-actual.github.io
 * branch            main       -> FETCH_HEAD
error: cannot rebase: You have unstaged changes.
error: Please commit or stash them.
Already up to date.
[Sat Feb  7 09:00:02 PM PST 2026] Changes detected — committing...
[main a2988ad] Auto sync: 2026-02-07 21:00:02
 1 file changed, 13 insertions(+)
[Sat Feb  7 09:00:02 PM PST 2026] Pushing to GitHub...
To github.com:haunter-actual/haunter-actual.github.io.git
   8ce52bb..a2988ad  main -> main
[Sat Feb  7 09:00:03 PM PST 2026] Push complete.
[Sat Feb  7 09:30:01 PM PST 2026] Starting auto-push...
From github.com:haunter-actual/haunter-actual.github.io
 * branch            main       -> FETCH_HEAD
error: cannot rebase: You have unstaged changes.
error: Please commit or stash them.
Already up to date.
[Sat Feb  7 09:30:02 PM PST 2026] Changes detected — committing...
[main 238cb97] Auto sync: 2026-02-07 21:30:02
 1 file changed, 13 insertions(+)
[Sat Feb  7 09:30:02 PM PST 2026] Pushing to GitHub...
To github.com:haunter-actual/haunter-actual.github.io.git
   a2988ad..238cb97  main -> main
[Sat Feb  7 09:30:04 PM PST 2026] Push complete.
[Sat Feb  7 10:00:01 PM PST 2026] Starting auto-push...
From github.com:haunter-actual/haunter-actual.github.io
 * branch            main       -> FETCH_HEAD
error: cannot rebase: You have unstaged changes.
error: Please commit or stash them.
Already up to date.
[Sat Feb  7 10:00:02 PM PST 2026] Changes detected — committing...
[main 7d475a5] Auto sync: 2026-02-07 22:00:02
 1 file changed, 13 insertions(+)
[Sat Feb  7 10:00:02 PM PST 2026] Pushing to GitHub...
To github.com:haunter-actual/haunter-actual.github.io.git
   238cb97..7d475a5  main -> main
[Sat Feb  7 10:00:03 PM PST 2026] Push complete.
[Sat Feb  7 10:30:01 PM PST 2026] Starting auto-push...
From github.com:haunter-actual/haunter-actual.github.io
 * branch            main       -> FETCH_HEAD
error: cannot rebase: You have unstaged changes.
error: Please commit or stash them.
Already up to date.
[Sat Feb  7 10:30:02 PM PST 2026] Changes detected — committing...
[main 1b6af0b] Auto sync: 2026-02-07 22:30:02
 1 file changed, 13 insertions(+)
[Sat Feb  7 10:30:02 PM PST 2026] Pushing to GitHub...
To github.com:haunter-actual/haunter-actual.github.io.git
   7d475a5..1b6af0b  main -> main
[Sat Feb  7 10:30:04 PM PST 2026] Push complete.
[Sat Feb  7 11:00:01 PM PST 2026] Starting auto-push...
From github.com:haunter-actual/haunter-actual.github.io
 * branch            main       -> FETCH_HEAD
error: cannot rebase: You have unstaged changes.
error: Please commit or stash them.
Already up to date.
[Sat Feb  7 11:00:02 PM PST 2026] Changes detected — committing...
[main 63d7dc2] Auto sync: 2026-02-07 23:00:02
 1 file changed, 13 insertions(+)
[Sat Feb  7 11:00:02 PM PST 2026] Pushing to GitHub...
To github.com:haunter-actual/haunter-actual.github.io.git
   1b6af0b..63d7dc2  main -> main
[Sat Feb  7 11:00:04 PM PST 2026] Push complete.
[Sun Feb  8 05:30:01 AM PST 2026] Starting auto-push...
From github.com:haunter-actual/haunter-actual.github.io
 * branch            main       -> FETCH_HEAD
error: cannot rebase: You have unstaged changes.
error: Please commit or stash them.
Already up to date.
[Sun Feb  8 05:30:02 AM PST 2026] Changes detected — committing...
[main 0ffdd9a] Auto sync: 2026-02-08 05:30:02
 1 file changed, 13 insertions(+)
[Sun Feb  8 05:30:02 AM PST 2026] Pushing to GitHub...
To github.com:haunter-actual/haunter-actual.github.io.git
   63d7dc2..0ffdd9a  main -> main
[Sun Feb  8 05:30:04 AM PST 2026] Push complete.
[Sun Feb  8 06:00:01 AM PST 2026] Starting auto-push...
From github.com:haunter-actual/haunter-actual.github.io
 * branch            main       -> FETCH_HEAD
error: cannot rebase: You have unstaged changes.
error: Please commit or stash them.
Already up to date.
[Sun Feb  8 06:00:02 AM PST 2026] Changes detected — committing...
[main ae89cf2] Auto sync: 2026-02-08 06:00:02
 1 file changed, 13 insertions(+)
[Sun Feb  8 06:00:02 AM PST 2026] Pushing to GitHub...
To github.com:haunter-actual/haunter-actual.github.io.git
   0ffdd9a..ae89cf2  main -> main
[Sun Feb  8 06:00:03 AM PST 2026] Push complete.
[Sun Feb  8 06:30:01 AM PST 2026] Starting auto-push...
From github.com:haunter-actual/haunter-actual.github.io
 * branch            main       -> FETCH_HEAD
error: cannot rebase: You have unstaged changes.
error: Please commit or stash them.
Already up to date.
[Sun Feb  8 06:30:02 AM PST 2026] Changes detected — committing...
[main f844c0e] Auto sync: 2026-02-08 06:30:02
 1 file changed, 13 insertions(+)
[Sun Feb  8 06:30:02 AM PST 2026] Pushing to GitHub...
To github.com:haunter-actual/haunter-actual.github.io.git
   ae89cf2..f844c0e  main -> main
[Sun Feb  8 06:30:04 AM PST 2026] Push complete.
[Sun Feb  8 07:00:01 AM PST 2026] Starting auto-push...
From github.com:haunter-actual/haunter-actual.github.io
 * branch            main       -> FETCH_HEAD
error: cannot rebase: You have unstaged changes.
error: Please commit or stash them.
Already up to date.
[Sun Feb  8 07:00:02 AM PST 2026] Changes detected — committing...
[main a93223d] Auto sync: 2026-02-08 07:00:02
 1 file changed, 13 insertions(+)
[Sun Feb  8 07:00:02 AM PST 2026] Pushing to GitHub...
To github.com:haunter-actual/haunter-actual.github.io.git
   f844c0e..a93223d  main -> main
[Sun Feb  8 07:00:04 AM PST 2026] Push complete.
[Sun Feb  8 07:30:01 AM PST 2026] Starting auto-push...
From github.com:haunter-actual/haunter-actual.github.io
 * branch            main       -> FETCH_HEAD
error: cannot rebase: You have unstaged changes.
error: Please commit or stash them.
Already up to date.
[Sun Feb  8 07:30:03 AM PST 2026] Changes detected — committing...
[main 1ce73cd] Auto sync: 2026-02-08 07:30:03
 1 file changed, 13 insertions(+)
[Sun Feb  8 07:30:03 AM PST 2026] Pushing to GitHub...
To github.com:haunter-actual/haunter-actual.github.io.git
   a93223d..1ce73cd  main -> main
[Sun Feb  8 07:30:04 AM PST 2026] Push complete.
[Sun Feb  8 08:00:01 AM PST 2026] Starting auto-push...
From github.com:haunter-actual/haunter-actual.github.io
 * branch            main       -> FETCH_HEAD
error: cannot rebase: You have unstaged changes.
error: Please commit or stash them.
Already up to date.
[Sun Feb  8 08:00:02 AM PST 2026] Changes detected — committing...
[main 941e541] Auto sync: 2026-02-08 08:00:02
 1 file changed, 13 insertions(+)
[Sun Feb  8 08:00:02 AM PST 2026] Pushing to GitHub...
To github.com:haunter-actual/haunter-actual.github.io.git
   1ce73cd..941e541  main -> main
[Sun Feb  8 08:00:03 AM PST 2026] Push complete.
[Sun Feb  8 10:30:01 PM PST 2026] Starting auto-push...
From github.com:haunter-actual/haunter-actual.github.io
 * branch            main       -> FETCH_HEAD
error: cannot rebase: You have unstaged changes.
error: Please commit or stash them.
Already up to date.
[Sun Feb  8 10:30:03 PM PST 2026] Changes detected — committing...
[main 400100f] Auto sync: 2026-02-08 22:30:03
 1 file changed, 13 insertions(+)
[Sun Feb  8 10:30:03 PM PST 2026] Pushing to GitHub...
To github.com:haunter-actual/haunter-actual.github.io.git
   941e541..400100f  main -> main
[Sun Feb  8 10:30:05 PM PST 2026] Push complete.
[Sun Feb  8 11:00:01 PM PST 2026] Starting auto-push...
From github.com:haunter-actual/haunter-actual.github.io
 * branch            main       -> FETCH_HEAD
error: cannot rebase: You have unstaged changes.
error: Please commit or stash them.
Already up to date.
[Sun Feb  8 11:00:03 PM PST 2026] Changes detected — committing...
[main 72ac40f] Auto sync: 2026-02-08 23:00:03
 1 file changed, 13 insertions(+)
[Sun Feb  8 11:00:03 PM PST 2026] Pushing to GitHub...
To github.com:haunter-actual/haunter-actual.github.io.git
   400100f..72ac40f  main -> main
[Sun Feb  8 11:00:04 PM PST 2026] Push complete.
[Sun Feb  8 11:30:01 PM PST 2026] Starting auto-push...
From github.com:haunter-actual/haunter-actual.github.io
 * branch            main       -> FETCH_HEAD
error: cannot rebase: You have unstaged changes.
error: Please commit or stash them.
Already up to date.
[Sun Feb  8 11:30:03 PM PST 2026] Changes detected — committing...
[main b22e0ce] Auto sync: 2026-02-08 23:30:03
 1 file changed, 13 insertions(+)
[Sun Feb  8 11:30:03 PM PST 2026] Pushing to GitHub...
To github.com:haunter-actual/haunter-actual.github.io.git
   72ac40f..b22e0ce  main -> main
[Sun Feb  8 11:30:04 PM PST 2026] Push complete.
[Mon Feb  9 12:00:01 AM PST 2026] Starting auto-push...
From github.com:haunter-actual/haunter-actual.github.io
 * branch            main       -> FETCH_HEAD
error: cannot rebase: You have unstaged changes.
error: Please commit or stash them.
Already up to date.
[Mon Feb  9 12:00:02 AM PST 2026] Changes detected — committing...
[main 74ac530] Auto sync: 2026-02-09 00:00:02
 1 file changed, 13 insertions(+)
[Mon Feb  9 12:00:02 AM PST 2026] Pushing to GitHub...
To github.com:haunter-actual/haunter-actual.github.io.git
   b22e0ce..74ac530  main -> main
[Mon Feb  9 12:00:04 AM PST 2026] Push complete.
[Mon Feb  9 12:30:01 AM PST 2026] Starting auto-push...
From github.com:haunter-actual/haunter-actual.github.io
 * branch            main       -> FETCH_HEAD
error: cannot rebase: You have unstaged changes.
error: Please commit or stash them.
Already up to date.
[Mon Feb  9 12:30:02 AM PST 2026] Changes detected — committing...
[main 9d0be6a] Auto sync: 2026-02-09 00:30:02
 1 file changed, 13 insertions(+)
[Mon Feb  9 12:30:02 AM PST 2026] Pushing to GitHub...
To github.com:haunter-actual/haunter-actual.github.io.git
   74ac530..9d0be6a  main -> main
[Mon Feb  9 12:30:04 AM PST 2026] Push complete.
[Mon Feb  9 01:00:01 AM PST 2026] Starting auto-push...
From github.com:haunter-actual/haunter-actual.github.io
 * branch            main       -> FETCH_HEAD
error: cannot rebase: You have unstaged changes.
error: Please commit or stash them.
Already up to date.
[Mon Feb  9 01:00:03 AM PST 2026] Changes detected — committing...
[main 9b70f0e] Auto sync: 2026-02-09 01:00:03
 1 file changed, 13 insertions(+)
[Mon Feb  9 01:00:03 AM PST 2026] Pushing to GitHub...
To github.com:haunter-actual/haunter-actual.github.io.git
   9d0be6a..9b70f0e  main -> main
[Mon Feb  9 01:00:04 AM PST 2026] Push complete.
[Mon Feb  9 01:30:01 AM PST 2026] Starting auto-push...
From github.com:haunter-actual/haunter-actual.github.io
 * branch            main       -> FETCH_HEAD
error: cannot rebase: You have unstaged changes.
error: Please commit or stash them.
Already up to date.
[Mon Feb  9 01:30:03 AM PST 2026] Changes detected — committing...
[main ca99776] Auto sync: 2026-02-09 01:30:03
 1 file changed, 13 insertions(+)
[Mon Feb  9 01:30:03 AM PST 2026] Pushing to GitHub...
To github.com:haunter-actual/haunter-actual.github.io.git
   9b70f0e..ca99776  main -> main
[Mon Feb  9 01:30:04 AM PST 2026] Push complete.
[Mon Feb  9 02:00:01 AM PST 2026] Starting auto-push...
From github.com:haunter-actual/haunter-actual.github.io
 * branch            main       -> FETCH_HEAD
error: cannot rebase: You have unstaged changes.
error: Please commit or stash them.
Already up to date.
[Mon Feb  9 02:00:02 AM PST 2026] Changes detected — committing...
[main a587a24] Auto sync: 2026-02-09 02:00:02
 1 file changed, 13 insertions(+)
[Mon Feb  9 02:00:02 AM PST 2026] Pushing to GitHub...
To github.com:haunter-actual/haunter-actual.github.io.git
   ca99776..a587a24  main -> main
[Mon Feb  9 02:00:04 AM PST 2026] Push complete.
[Mon Feb  9 02:30:01 AM PST 2026] Starting auto-push...
From github.com:haunter-actual/haunter-actual.github.io
 * branch            main       -> FETCH_HEAD
error: cannot rebase: You have unstaged changes.
error: Please commit or stash them.
Already up to date.
[Mon Feb  9 02:30:02 AM PST 2026] Changes detected — committing...
[main 2b27707] Auto sync: 2026-02-09 02:30:02
 1 file changed, 13 insertions(+)
[Mon Feb  9 02:30:03 AM PST 2026] Pushing to GitHub...
To github.com:haunter-actual/haunter-actual.github.io.git
   a587a24..2b27707  main -> main
[Mon Feb  9 02:30:04 AM PST 2026] Push complete.
[Mon Feb  9 03:00:01 AM PST 2026] Starting auto-push...
From github.com:haunter-actual/haunter-actual.github.io
 * branch            main       -> FETCH_HEAD
error: cannot rebase: You have unstaged changes.
error: Please commit or stash them.
Already up to date.
[Mon Feb  9 03:00:02 AM PST 2026] Changes detected — committing...
[main 7d59774] Auto sync: 2026-02-09 03:00:02
 1 file changed, 13 insertions(+)
[Mon Feb  9 03:00:02 AM PST 2026] Pushing to GitHub...
To github.com:haunter-actual/haunter-actual.github.io.git
   2b27707..7d59774  main -> main
[Mon Feb  9 03:00:04 AM PST 2026] Push complete.
[Mon Feb  9 03:30:01 AM PST 2026] Starting auto-push...
From github.com:haunter-actual/haunter-actual.github.io
 * branch            main       -> FETCH_HEAD
error: cannot rebase: You have unstaged changes.
error: Please commit or stash them.
Already up to date.
[Mon Feb  9 03:30:02 AM PST 2026] Changes detected — committing...
[main 7831eb1] Auto sync: 2026-02-09 03:30:02
 1 file changed, 13 insertions(+)
[Mon Feb  9 03:30:02 AM PST 2026] Pushing to GitHub...
To github.com:haunter-actual/haunter-actual.github.io.git
   7d59774..7831eb1  main -> main
[Mon Feb  9 03:30:04 AM PST 2026] Push complete.
[Mon Feb  9 04:00:01 AM PST 2026] Starting auto-push...
From github.com:haunter-actual/haunter-actual.github.io
 * branch            main       -> FETCH_HEAD
error: cannot rebase: You have unstaged changes.
error: Please commit or stash them.
Already up to date.
[Mon Feb  9 04:00:03 AM PST 2026] Changes detected — committing...
[main f40d883] Auto sync: 2026-02-09 04:00:03
 1 file changed, 13 insertions(+)
[Mon Feb  9 04:00:03 AM PST 2026] Pushing to GitHub...
To github.com:haunter-actual/haunter-actual.github.io.git
   7831eb1..f40d883  main -> main
[Mon Feb  9 04:00:04 AM PST 2026] Push complete.
[Mon Feb  9 04:30:01 AM PST 2026] Starting auto-push...
From github.com:haunter-actual/haunter-actual.github.io
 * branch            main       -> FETCH_HEAD
error: cannot rebase: You have unstaged changes.
error: Please commit or stash them.
Already up to date.
[Mon Feb  9 04:30:02 AM PST 2026] Changes detected — committing...
[main f0b997f] Auto sync: 2026-02-09 04:30:02
 1 file changed, 13 insertions(+)
[Mon Feb  9 04:30:02 AM PST 2026] Pushing to GitHub...
To github.com:haunter-actual/haunter-actual.github.io.git
   f40d883..f0b997f  main -> main
[Mon Feb  9 04:30:04 AM PST 2026] Push complete.
[Mon Feb  9 05:00:01 AM PST 2026] Starting auto-push...
From github.com:haunter-actual/haunter-actual.github.io
 * branch            main       -> FETCH_HEAD
error: cannot rebase: You have unstaged changes.
error: Please commit or stash them.
Already up to date.
[Mon Feb  9 05:00:03 AM PST 2026] Changes detected — committing...
[main eb90b12] Auto sync: 2026-02-09 05:00:03
 1 file changed, 13 insertions(+)
[Mon Feb  9 05:00:03 AM PST 2026] Pushing to GitHub...
To github.com:haunter-actual/haunter-actual.github.io.git
   f0b997f..eb90b12  main -> main
[Mon Feb  9 05:00:04 AM PST 2026] Push complete.
[Mon Feb  9 05:30:01 AM PST 2026] Starting auto-push...
From github.com:haunter-actual/haunter-actual.github.io
 * branch            main       -> FETCH_HEAD
error: cannot rebase: You have unstaged changes.
error: Please commit or stash them.
Already up to date.
[Mon Feb  9 05:30:03 AM PST 2026] Changes detected — committing...
[main 9073491] Auto sync: 2026-02-09 05:30:03
 1 file changed, 13 insertions(+)
[Mon Feb  9 05:30:03 AM PST 2026] Pushing to GitHub...
To github.com:haunter-actual/haunter-actual.github.io.git
   eb90b12..9073491  main -> main
[Mon Feb  9 05:30:05 AM PST 2026] Push complete.
[Mon Feb  9 06:00:01 AM PST 2026] Starting auto-push...
From github.com:haunter-actual/haunter-actual.github.io
 * branch            main       -> FETCH_HEAD
error: cannot rebase: You have unstaged changes.
error: Please commit or stash them.
Already up to date.
[Mon Feb  9 06:00:03 AM PST 2026] Changes detected — committing...
[main e85ed0f] Auto sync: 2026-02-09 06:00:03
 1 file changed, 13 insertions(+)
[Mon Feb  9 06:00:03 AM PST 2026] Pushing to GitHub...
To github.com:haunter-actual/haunter-actual.github.io.git
   9073491..e85ed0f  main -> main
[Mon Feb  9 06:00:05 AM PST 2026] Push complete.
[Mon Feb  9 06:30:01 AM PST 2026] Starting auto-push...
From github.com:haunter-actual/haunter-actual.github.io
 * branch            main       -> FETCH_HEAD
error: cannot rebase: You have unstaged changes.
error: Please commit or stash them.
Already up to date.
[Mon Feb  9 06:30:03 AM PST 2026] Changes detected — committing...
[main 494c656] Auto sync: 2026-02-09 06:30:03
 1 file changed, 13 insertions(+)
[Mon Feb  9 06:30:03 AM PST 2026] Pushing to GitHub...
To github.com:haunter-actual/haunter-actual.github.io.git
   e85ed0f..494c656  main -> main
[Mon Feb  9 06:30:04 AM PST 2026] Push complete.
[Mon Feb  9 07:00:01 AM PST 2026] Starting auto-push...
From github.com:haunter-actual/haunter-actual.github.io
 * branch            main       -> FETCH_HEAD
error: cannot rebase: You have unstaged changes.
error: Please commit or stash them.
Already up to date.
[Mon Feb  9 07:00:02 AM PST 2026] Changes detected — committing...
[main e98e61e] Auto sync: 2026-02-09 07:00:02
 1 file changed, 13 insertions(+)
[Mon Feb  9 07:00:02 AM PST 2026] Pushing to GitHub...
To github.com:haunter-actual/haunter-actual.github.io.git
   494c656..e98e61e  main -> main
[Mon Feb  9 07:00:04 AM PST 2026] Push complete.
[Mon Feb  9 07:30:02 AM PST 2026] Starting auto-push...
From github.com:haunter-actual/haunter-actual.github.io
 * branch            main       -> FETCH_HEAD
error: cannot rebase: You have unstaged changes.
error: Please commit or stash them.
Already up to date.
[Mon Feb  9 07:30:03 AM PST 2026] Changes detected — committing...
[main a3025dd] Auto sync: 2026-02-09 07:30:03
 1 file changed, 13 insertions(+)
[Mon Feb  9 07:30:03 AM PST 2026] Pushing to GitHub...
To github.com:haunter-actual/haunter-actual.github.io.git
   e98e61e..a3025dd  main -> main
[Mon Feb  9 07:30:04 AM PST 2026] Push complete.
[Mon Feb  9 08:00:01 AM PST 2026] Starting auto-push...
From github.com:haunter-actual/haunter-actual.github.io
 * branch            main       -> FETCH_HEAD
error: cannot rebase: You have unstaged changes.
error: Please commit or stash them.
Already up to date.
[Mon Feb  9 08:00:03 AM PST 2026] Changes detected — committing...
[main 1c5a980] Auto sync: 2026-02-09 08:00:03
 1 file changed, 13 insertions(+)
[Mon Feb  9 08:00:03 AM PST 2026] Pushing to GitHub...
To github.com:haunter-actual/haunter-actual.github.io.git
   a3025dd..1c5a980  main -> main
[Mon Feb  9 08:00:04 AM PST 2026] Push complete.
[Mon Feb  9 08:30:01 AM PST 2026] Starting auto-push...
From github.com:haunter-actual/haunter-actual.github.io
 * branch            main       -> FETCH_HEAD
error: cannot rebase: You have unstaged changes.
error: Please commit or stash them.
Already up to date.
[Mon Feb  9 08:30:02 AM PST 2026] Changes detected — committing...
[main 02d6e25] Auto sync: 2026-02-09 08:30:02
 1 file changed, 13 insertions(+)
[Mon Feb  9 08:30:02 AM PST 2026] Pushing to GitHub...
To github.com:haunter-actual/haunter-actual.github.io.git
   1c5a980..02d6e25  main -> main
[Mon Feb  9 08:30:04 AM PST 2026] Push complete.
[Mon Feb  9 09:00:01 AM PST 2026] Starting auto-push...
From github.com:haunter-actual/haunter-actual.github.io
 * branch            main       -> FETCH_HEAD
error: cannot rebase: You have unstaged changes.
error: Please commit or stash them.
Already up to date.
[Mon Feb  9 09:00:03 AM PST 2026] Changes detected — committing...
[main 8cbf306] Auto sync: 2026-02-09 09:00:03
 1 file changed, 13 insertions(+)
[Mon Feb  9 09:00:03 AM PST 2026] Pushing to GitHub...
To github.com:haunter-actual/haunter-actual.github.io.git
   02d6e25..8cbf306  main -> main
[Mon Feb  9 09:00:04 AM PST 2026] Push complete.
[Mon Feb  9 09:30:01 AM PST 2026] Starting auto-push...
From github.com:haunter-actual/haunter-actual.github.io
 * branch            main       -> FETCH_HEAD
error: cannot rebase: You have unstaged changes.
error: Please commit or stash them.
Already up to date.
[Mon Feb  9 09:30:02 AM PST 2026] Changes detected — committing...
[main 08ce445] Auto sync: 2026-02-09 09:30:02
 1 file changed, 13 insertions(+)
[Mon Feb  9 09:30:02 AM PST 2026] Pushing to GitHub...
To github.com:haunter-actual/haunter-actual.github.io.git
   8cbf306..08ce445  main -> main
[Mon Feb  9 09:30:04 AM PST 2026] Push complete.
[Mon Feb  9 10:00:01 AM PST 2026] Starting auto-push...
From github.com:haunter-actual/haunter-actual.github.io
 * branch            main       -> FETCH_HEAD
error: cannot rebase: You have unstaged changes.
error: Please commit or stash them.
Already up to date.
[Mon Feb  9 10:00:02 AM PST 2026] Changes detected — committing...
[main 34dd735] Auto sync: 2026-02-09 10:00:02
 1 file changed, 13 insertions(+)
[Mon Feb  9 10:00:02 AM PST 2026] Pushing to GitHub...
To github.com:haunter-actual/haunter-actual.github.io.git
   08ce445..34dd735  main -> main
[Mon Feb  9 10:00:04 AM PST 2026] Push complete.
[Mon Feb  9 10:30:01 AM PST 2026] Starting auto-push...
From github.com:haunter-actual/haunter-actual.github.io
 * branch            main       -> FETCH_HEAD
error: cannot rebase: You have unstaged changes.
error: Please commit or stash them.
Already up to date.
[Mon Feb  9 10:30:03 AM PST 2026] Changes detected — committing...
[main ff2e9cc] Auto sync: 2026-02-09 10:30:03
 1 file changed, 13 insertions(+)
[Mon Feb  9 10:30:03 AM PST 2026] Pushing to GitHub...
To github.com:haunter-actual/haunter-actual.github.io.git
   34dd735..ff2e9cc  main -> main
[Mon Feb  9 10:30:04 AM PST 2026] Push complete.
[Mon Feb  9 11:00:01 AM PST 2026] Starting auto-push...
From github.com:haunter-actual/haunter-actual.github.io
 * branch            main       -> FETCH_HEAD
error: cannot rebase: You have unstaged changes.
error: Please commit or stash them.
Already up to date.
[Mon Feb  9 11:00:02 AM PST 2026] Changes detected — committing...
[main 0bf53f8] Auto sync: 2026-02-09 11:00:02
 1 file changed, 13 insertions(+)
[Mon Feb  9 11:00:02 AM PST 2026] Pushing to GitHub...
To github.com:haunter-actual/haunter-actual.github.io.git
   ff2e9cc..0bf53f8  main -> main
[Mon Feb  9 11:00:08 AM PST 2026] Push complete.
[Mon Feb  9 11:30:01 AM PST 2026] Starting auto-push...
From github.com:haunter-actual/haunter-actual.github.io
 * branch            main       -> FETCH_HEAD
error: cannot rebase: You have unstaged changes.
error: Please commit or stash them.
Already up to date.
[Mon Feb  9 11:30:03 AM PST 2026] Changes detected — committing...
[main 9e9ddbb] Auto sync: 2026-02-09 11:30:03
 1 file changed, 13 insertions(+)
[Mon Feb  9 11:30:03 AM PST 2026] Pushing to GitHub...
To github.com:haunter-actual/haunter-actual.github.io.git
   0bf53f8..9e9ddbb  main -> main
[Mon Feb  9 11:30:04 AM PST 2026] Push complete.
[Mon Feb  9 12:00:01 PM PST 2026] Starting auto-push...
From github.com:haunter-actual/haunter-actual.github.io
 * branch            main       -> FETCH_HEAD
error: cannot rebase: You have unstaged changes.
error: Please commit or stash them.
Already up to date.
[Mon Feb  9 12:00:03 PM PST 2026] Changes detected — committing...
[main a05f0b7] Auto sync: 2026-02-09 12:00:03
 1 file changed, 13 insertions(+)
[Mon Feb  9 12:00:03 PM PST 2026] Pushing to GitHub...
To github.com:haunter-actual/haunter-actual.github.io.git
   9e9ddbb..a05f0b7  main -> main
[Mon Feb  9 12:00:05 PM PST 2026] Push complete.
[Mon Feb  9 12:30:01 PM PST 2026] Starting auto-push...
From github.com:haunter-actual/haunter-actual.github.io
 * branch            main       -> FETCH_HEAD
error: cannot rebase: You have unstaged changes.
error: Please commit or stash them.
Already up to date.
[Mon Feb  9 12:30:03 PM PST 2026] Changes detected — committing...
[main 155d295] Auto sync: 2026-02-09 12:30:03
 1 file changed, 13 insertions(+)
[Mon Feb  9 12:30:03 PM PST 2026] Pushing to GitHub...
To github.com:haunter-actual/haunter-actual.github.io.git
   a05f0b7..155d295  main -> main
[Mon Feb  9 12:30:04 PM PST 2026] Push complete.
[Mon Feb  9 01:00:01 PM PST 2026] Starting auto-push...
From github.com:haunter-actual/haunter-actual.github.io
 * branch            main       -> FETCH_HEAD
error: cannot rebase: You have unstaged changes.
error: Please commit or stash them.
Already up to date.
[Mon Feb  9 01:00:03 PM PST 2026] Changes detected — committing...
[main 87ace46] Auto sync: 2026-02-09 13:00:03
 1 file changed, 13 insertions(+)
[Mon Feb  9 01:00:03 PM PST 2026] Pushing to GitHub...
To github.com:haunter-actual/haunter-actual.github.io.git
   155d295..87ace46  main -> main
[Mon Feb  9 01:00:04 PM PST 2026] Push complete.
[Mon Feb  9 01:30:01 PM PST 2026] Starting auto-push...
From github.com:haunter-actual/haunter-actual.github.io
 * branch            main       -> FETCH_HEAD
error: cannot rebase: You have unstaged changes.
error: Please commit or stash them.
Already up to date.
[Mon Feb  9 01:30:03 PM PST 2026] Changes detected — committing...
[main 5425430] Auto sync: 2026-02-09 13:30:03
 1 file changed, 13 insertions(+)
[Mon Feb  9 01:30:03 PM PST 2026] Pushing to GitHub...
To github.com:haunter-actual/haunter-actual.github.io.git
   87ace46..5425430  main -> main
[Mon Feb  9 01:30:05 PM PST 2026] Push complete.
[Mon Feb  9 02:00:01 PM PST 2026] Starting auto-push...
From github.com:haunter-actual/haunter-actual.github.io
 * branch            main       -> FETCH_HEAD
error: cannot rebase: You have unstaged changes.
error: Please commit or stash them.
Already up to date.
[Mon Feb  9 02:00:02 PM PST 2026] Changes detected — committing...
[main 135a307] Auto sync: 2026-02-09 14:00:02
 1 file changed, 13 insertions(+)
[Mon Feb  9 02:00:02 PM PST 2026] Pushing to GitHub...
To github.com:haunter-actual/haunter-actual.github.io.git
   5425430..135a307  main -> main
[Mon Feb  9 02:00:06 PM PST 2026] Push complete.
[Mon Feb  9 02:30:01 PM PST 2026] Starting auto-push...
From github.com:haunter-actual/haunter-actual.github.io
 * branch            main       -> FETCH_HEAD
error: cannot rebase: You have unstaged changes.
error: Please commit or stash them.
Already up to date.
